0.248125,7.457543662098933E-4
0.2485006285051878,0.005213521104691284
0.24887546685019074,0.034345890374423885
0.24925018299790147,0.07450899516885212
0.24962519092326485,0.11586198136976435
0.25000065064265925,0.15242191980067188
0.25037647067637125,0.18115692344987785
0.2507523129215275,0.2010371578372283
0.2511276023027875,0.21222926781048768
0.2515020434596862,0.2160322658533407
0.2518762663922856,0.21322445056231254
0.2522508090213711,0.20501947090129957
0.25262595226797324,0.1925940130766205
0.25300172136475774,0.1770276469272387
0.25337788957004936,0.15927820004565169
0.25375398431489704,0.14017744621104467
0.2541293135905332,0.12043567597896238
0.25450374967429695,0.10061626862032456
0.254877994469088,0.08111556405711903
0.2552525682052159,0.06222268951668881
0.2556277305428142,0.044375060401707196
0.25600348206215545,0.02730466898949538
0.2563795681005904,0.011285129708285688
0.25675548521078007,-0.0035961947088940555
0.25713055245749994,-0.017268801127100896
0.2575048776656153,-0.02975506599858027
0.25787916310875486,-0.04116077767509354
0.258253873557547,-0.05159463197308117
0.2586292111122408,-0.06115387853419323
0.2590051172295266,-0.06991460987229323
0.2593812772332564,-0.07792359549053533
0.25975712732805323,-0.08519160358884031
0.2601320130440964,-0.09170751803193225
0.26050627133964777,-0.09757292981960523
0.2608805878412183,-0.10293554293342025
0.2612553865210961,-0.10791131009353827
0.26163082545189564,-0.11257860029754978
0.26200679925874487,-0.11697393333563687
0.26238294408333723,-0.12108836129885807
0.2627586451148967,-0.1248645623146477
0.2631333398057858,-0.12824130430889022
0.26350755564033596,-0.13131915910775166
0.26388193663967496,-0.13422115497907522
0.26425685809925054,-0.13703028859087527
0.2646324271411052,-0.1397858158659266
0.2650084856471008,-0.14248003836561127
0.26538461573387795,-0.14505547503521307
0.2657601492896961,-0.14740281725020973
0.26613468306404936,-0.14944968213170443
0.2665088768439021,-0.1513214681718328
0.2668833306029098,-0.15316033108356003
0.26725837215498083,-0.15499262674369083
0.267634058837806,-0.1568918015678014
0.2680101804640625,-0.1587946967138685
0.2683862652336254,-0.1606144059333121
0.2687616024532741,-0.162209060631965
0.2691360044117703,-0.16353879659214746
0.2695101996525647,-0.1647556639016079
0.2698847418535694,-0.16598072907273995
0.27025991013001066,-0.1672805245009977
0.27063571033578704,-0.16866433605209355
0.27101187896209145,-0.17008177829529764
0.27138788964038757,-0.17142063244944852
0.27176301380440115,-0.1725177879930875
0.2721373108998446,-0.17338445238089897
0.27251152791172834,-0.17419176156611568
0.2728861713776454,-0.17506031685921078
0.27326147038668697,-0.17604901304173273
0.27363737835400465,-0.1771529862366829
0.27401357741814647,-0.17830170019559008
0.27438948547800934,-0.17935721313334704
0.27476439729508645,-0.1801463388143602
0.27513861711304144,-0.18074139070398315
0.2755128749958777,-0.1813230327289067
0.2758876293158055,-0.18200792101853075
0.27626305826719605,-0.18284485887720545
0.27663906212423095,-0.1838132440675167
0.27701526814869887,-0.18482155326701366
0.2773910381456755,-0.18570597260220068
0.2777657483139898,-0.18630282790167207
0.2781399162216043,-0.1867436693619428
0.27851423327626923,-0.18721046506131525
0.27888910842067616,-0.18781343156095606
0.2792646677441147,-0.1885895924172809
0.2796407572381739,-0.18950168456777342
0.28001694823173634,-0.1904370550587445
0.2803925463721748,-0.19120695897974263
0.2807670802126256,-0.19167603405405276
0.28114122100886935,-0.19202654679310993
0.28151561351573795,-0.19243968214737708
0.28189061622481504,-0.19303287742269107
0.2822663021664718,-0.1938123033695573
0.2826424622094468,-0.19472164402900766
0.2830186110282008,-0.19562496807645133
0.2833940052445247,-0.19630945941719347
0.2837683925603185,-0.19670011376778854
0.28414252972196463,-0.19701174336459357
0.2845170127072566,-0.19741646506607777
0.28489214858883255,-0.1980048690796476
0.285267956558856,-0.19879126866969085
0.2856441713102888,-0.1997097912343529
0.2860202497306887,-0.2005787959151247
0.2863954229787592,-0.20117584683742654
0.2867696938541312,-0.2015000710197839
0.2871438495739005,-0.20178777314291924
0.2875184363754811,-0.2022028317463401
0.28789370863865055,-0.20282271457694
0.28826963041910725,-0.20363753115456473
0.2886458797443153,-0.20455330050838186
0.2890218556789564,-0.20538777829386604
0.2893968039117807,-0.20590322723310317
0.2897709868972085,-0.20617503645696406
0.2901451818553521,-0.20644058451395667
0.2905198841652598,-0.20686823983621752
0.2908952945288789,-0.20751302643296246
0.29127132101526915,-0.20834773566483036
0.2916475838921493,-0.20925496302039584
0.29202342312804797,-0.2100264682470786
0.29239815462222474,-0.21044136114640244
0.2927722774516753,-0.21065971511629428
0.2931465309614578,-0.21091491379394406
0.2935213585318886,-0.21134700410534368
0.2938969061458093,-0.21200283887468507
0.29427302495416463,-0.21283631808433312
0.2946492766585106,-0.2137081948612972
0.2950249417726275,-0.21438588252251953
0.29539948041755,-0.2146933136278764
0.29577356922953596,-0.21484567492775733
0.29614789877235764,-0.21506635418114137
0.29652285937215245,-0.2154819000554972
0.2968985413537163,-0.21612286550376666
0.29727473814047023,-0.21692435326315693
0.2976509522010122,-0.2177298574042065
0.2980264093571491,-0.21827737215699697
0.2984007869032442,-0.21845588734801474
0.2987748669396474,-0.21852511316803144
0.2991492888218485,-0.21869398788702826
0.29952438862407604,-0.21907221929435947
0.2999001999058481,-0.2196711442786591
0.30027645735683295,-0.2204042607335471
0.3006526033219177,-0.2210874129041751
0.30102783131904237,-0.221448826697643
0.3014020793802661,-0.22145809897769841
0.30177617416540187,-0.22140571756769337
0.3021507026443228,-0.22147834787855716
0.30252594558128854,-0.22176811347506795
0.30290187884114556,-0.22226673606457925
0.30327817759169845,-0.22286616327731365
0.3036542234207694,-0.22335896886326287
0.30402921366892605,-0.22346529752123886
0.3044033629981128,-0.2232619231228936
0.3047774946701252,-0.22302250555663483
0.3051521423059896,-0.22292889327295534
0.3055275304055322,-0.2230558524229732
0.3059035761365135,-0.22337446059699975
0.30627989408055567,-0.22375263787618965
0.3066558039296585,-0.223954985737035
0.30703056281731445,-0.22372344435638797
0.30740464262092326,-0.22321630366472314
0.3077788316074387,-0.22270334694988797
0.3081536088472284,-0.2223470972172906
0.30852914150041805,-0.2222032769955189
0.30890528718492666,-0.222222092816058
0.30928159929951593,-0.22224874782020076
0.3096573353402652,-0.22202353432348365
0.31003188459234804,-0.22129699204786385
0.3104059230751059,-0.22033507492522622
0.3107801885998051,-0.219375233985557
0.31115510443158934,-0.21855345563735692
0.3115307792568578,-0.21789565568615898
0.3119070101104012,-0.2173183847716785
0.3122832882878316,-0.21662876076551257
0.31265881265622997,-0.21552564869265262
0.31303318498846533,-0.21383928279890801
0.3134072086159094,-0.21182049247189283
0.3137815677735956,-0.20961583251278001
0.314156628808622,-0.20739742439974443
0.31453244091969584,-0.20510822022751501
0.3149087396808062,-0.2026100003894467
0.31528495355664116,-0.19965631557802863
0.315660240290232,-0.1959059438083206
0.3160344695312752,-0.19127181755946226
0.31640850361057204,-0.18592521849673457
0.3167829717608172,-0.18020378509832322
0.31715818235633697,-0.17424512351152585
0.3175341242376542,-0.16814721000107566
0.31791047079775814,-0.16197721165447154
0.31828658711557783,-0.1557976079918697
0.31866162499163797,-0.1496288617725488
0.3190357437454356,-0.14412031331641637
0.3194098118408767,-0.1404949033677191
0.31978440228563665,-0.14003421597072552
0.3201597646952151,-0.14420799080182156
0.3205358269028117,-0.15471474875734936
0.3209121994013174,-0.1738313847885652
0.32128818179351576,-0.20354246295839193
0.32166297348537237,-0.2467482407047755
0.3220370128286038,-0.30696431749729275
0.32241113674881894,-0.38812456566878806
0.3227858615219439,-0.4964714827084621
0.3231615591176356,-0.3122588539497809
0.3235375465384612,-0.3031442346373161
0.323913917923944,-0.26649481181167795
0.32428972592758554,-0.22648838646910693
0.32466429211605313,-0.18914131280332572
0.32503828177676986,-0.1576428333417388
0.32541248184935817,-0.13242003876915487
0.32578735000120046,-0.11291637918751306
0.32616301466722447,-0.09820960438387741
0.32653927779440856,-0.08731043644597368
0.32691562070666536,-0.07929381566249726
0.3272912143562711,-0.07334259347757335
0.3276655868705726,-0.06884704233494626
0.32803955536778445,-0.06554346448046174
0.328413849919788,-0.0631420094287562
0.3287888687530727,-0.06154336249514553
0.3291646782705391,-0.060589799086170015
0.3295410163670408,-0.06012103026857104
0.32991729891091937,-0.059964223206330824
0.3302926492761916,-0.05992998622316162
0.3306668640219092,-0.05993610916801929
0.3310408379626641,-0.06005471245517571
0.33141524371388975,-0.06033042595722523
0.331790418824854,-0.060766748089225345
0.33216636652326975,-0.06132987457370922
0.33254275963932434,-0.06195166984729839
0.3329189477167274,-0.06253153920128833
0.3332940374320912,-0.06294656910076282
0.33366812919118566,-0.06319867725973649
0.33404213376192693,-0.06338612265834745
0.3344166650949381,-0.06356941693437634
0.3347919990881016,-0.06377072335821223
0.3351680749153755,-0.06397769489150193
0.3355444995597922,-0.06414601392769081
0.33592055556664346,-0.06420074475840631
0.3362953863336153,-0.06405509606015769
0.3366693879857486,-0.06375994228923416
0.3370434464112303,-0.06341213903096664
0.3374181157410791,-0.06306953580448355
0.3377936091580455,-0.06275444219553057
0.3381698008213055,-0.0624570054995764
0.3385462310221189,-0.06213738982762023
0.33892211418637785,-0.0617268706391508
0.33929670246484206,-0.06116222084160968
0.3396706456634897,-0.060512510440960614
0.34004477954823004,-0.059857458447339085
0.34041959725388693,-0.05924150706167489
0.3407952481803429,-0.058677637090439445
0.3411715405245508,-0.05815032405654465
0.34154794707275576,-0.05761736688558397
0.3419236146948943,-0.05701113832183226
0.34229799248098347,-0.05629058322209068
0.3426719072181268,-0.05552790034939865
0.3430461361631602,-0.05478664938179148
0.3434211103169477,-0.05409953542752036
0.3437969142752059,-0.05347177512545928
0.3441732893776541,-0.052883604570342406
0.34454964014747297,-0.05229173440305142
0.344925057974088,-0.05163043522746293
0.34529926275620665,-0.05088569434916283
0.34567317725185653,-0.05012406702460184
0.3460475187076823,-0.04939654987502169
0.3464226549400441,-0.04872696919906613
0.3467986047898458,-0.048115243729529286
0.3471750418971737,-0.04753936355025009
0.3475513018003705,-0.04695642905071457
0.34792645112937176,-0.04630673709864162
0.3483005193061019,-0.04559423094176489
0.3486744602662665,-0.044881980110527867
0.349048929976432,-0.04421021981938734
0.3494242319186279,-0.043595759338809034
0.3498003181574155,-0.04303446374251153
0.350176793750701,-0.042502846329723835
0.35055292452139397,-0.04195882056462095
0.35092780132807916,-0.04135047514865414
0.35130176801368607,-0.040699354943069685
0.35167576033518294,-0.04005969963506191
0.35205037183032045,-0.0394632125756508
0.3524258406062645,-0.03892112122888467
0.35280205101734513,-0.03842726470697299
0.3531785386817663,-0.03795618999133848
0.35355449876056155,-0.03746591802599112
0.35392911574728053,-0.036915321579737495
0.3543030145177806,-0.03633941257385185
0.35467708120945174,-0.035782708606312656
0.3550518457141377,-0.035269551190322726
0.35542747964772137,-0.0348063779796365
0.3558037986731643,-0.03438341145682967
0.35618026822204596,-0.033975568391567186
0.35655601302422657,-0.033542800023846304
0.35693040173473783,-0.03305744346812216
0.35730426403579035,-0.03255848642228969
0.3576784256524336,-0.032082576276079314
0.3580533517996628,-0.03164854982936047
0.3584291467206409,-0.031259478363884236
0.35880555665538877,-0.030904087408936427
0.3591819760326413,-0.030558721549189483
0.3595574659148907,-0.030182022556749507
0.35993166552593053,-0.029761277138649324
0.36030552166827035,-0.029336432759117362
0.36067979735275246,-0.028937064802574075
0.3610548919705463,-0.028577176295904495
0.361430841176076,-0.02825705168498348
0.36180732064421856,-0.027963834413116475
0.36218365312494666,-0.027672145070802217
0.3625588649916547,-0.02734609892100009
0.36293291388997034,-0.026985297391207752
0.36330679191080545,-0.02662673270506677
0.3636811982575467,-0.0262945854099068
0.3640564652392348,-0.025999079756473392
0.36443255906213196,-0.02573797020557299
0.36480908410477064,-0.025497396057535177
0.36518529069095584,-0.025252129330227375
0.3655602177617161,-0.024970320201898988
0.36593415288903625,-0.024662515536763383
0.3663080790377201,-0.024361364706112172
0.3666826303663319,-0.02408631087067714
0.36705807112696187,-0.023844422816807966
0.3674342971063712,-0.023631638522067233
0.36781084057602925,-0.023433408799591743
0.36818687877861467,-0.023224808456873344
0.3685615318035697,-0.02297919211389488
0.3689353884066069,-0.02271499149089531
0.3693093870239053,-0.022460168365122206
0.36968409564119203,-0.022230250551937662
0.3700597094396473,-0.02203079551634383
0.37043605276197195,-0.02185525444903354
0.370812584875326,-0.021688131375648772
0.3711884084536338,-0.02150450048844267
0.3715628141392296,-0.021285230914234406
0.371936626062592,-0.021053853067007154
0.37231071950048156,-0.020833498932394227
0.37268559498907233,-0.020636181936351985
0.3730613775035735,-0.020464060412905955
0.37343781922939195,-0.020310252892048655
0.37381430590059894,-0.020159137373622845
0.3741898731633243,-0.01998640471201222
0.3745640723672849,-0.01978034329777465
0.3749378711018158,-0.019566194847227922
0.3753120794339517,-0.019363934284106567
0.3756871292711461,-0.019181882814471054
0.3760630743236863,-0.019020227968758855
0.37643959355716383,-0.018870917639819802
0.37681599824517154,-0.018717811586805307
0.3771912794669907,-0.018537417248004586
0.3775653130076393,-0.01832680652756388
0.3779391283870087,-0.018108646282338804
0.37831346936817944,-0.017902171763090755
0.3786886981610582,-0.017711843722541615
0.37906479625632006,-0.017536198592935003
0.3794413686345055,-0.017366205223978796
0.37981765161171865,-0.017185246742714176
0.3801926357127717,-0.01697140895896155
0.3805665425771367,-0.016729356804391173
0.38094040241774463,-0.016480473259018556
0.38131489129964974,-0.01623754084325827
0.3816903009414706,-0.016005064158245413
0.38206653989868805,-0.015780065472330924
0.3824431383945585,-0.015550326577360057
0.382819256574622,-0.015301036184227424
0.38319394979248067,-0.015010851274773517
0.383567767308466,-0.014690397617867747
0.38394169761858266,-0.014357322330592118
0.38431634786372126,-0.014020700137143715
0.3846919378860992,-0.013681892346015865
0.38506830209852794,-0.013335168768303986
0.38544489502924334,-0.01296791572449561
0.385820800655429,-0.012560512440121135
0.386195229950964,-0.012095181023989387
0.3865689931702585,-0.011583542367328182
0.3869430173321297,-0.011024613193056459
0.3873178395456963,-0.010441991175360796
0.38769360669610675,-0.009827523805793681
0.3880700781232982,-0.009173588877470837
0.388446631893022,-0.008467417623281426
0.3888222786313941,-0.007691640461029281
0.3891964830401965,-0.006839087978077316
0.38957022562631544,-0.005931665459138403
0.3899443649901287,-0.004972142291109557
0.3903193671490497,-0.004000388717525176
0.39069530502743666,-0.00303857823106378
0.39107186206511946,-0.002111803111899829
0.39144833921366784,-0.0012490378729506006
0.3918236935735088,-4.844508490241208E-4
0.3921977164162278,1.239586022899348E-4
0.39257146991865954,4.93370873828376E-4
0.3929457435978931,5.442546121236804E-4
0.3933209309477674,1.6303995741352926E-4
0.39369703012226237,-7.369113969189902E-4
0.39407364799350014,-0.002229514998804235
0.39445000791763607,-0.004366524422339393
0.39482505454584,-0.007167186502166336
0.3951989368972007,-0.010714478625936424
0.3955727308062046,-0.014827433296286585
0.3959471551481796,-0.019451047346201133
0.3963225302559061,-0.024389123687726735
0.39669877885671756,-0.02937405584488271
0.397075430694618,-0.034198531894863486
0.39745162948241225,-0.03835563635134144
0.39782637012611927,-0.04156351353728781
0.3982001512335311,-0.04357566558175674
0.39857401258857045,-0.04424936169973256
0.39894860206508087,-0.043539362968733945
0.3993241654790206,-0.04154368926536273
0.39970054838629687,-0.038465069472608825
0.40007720152365756,-0.034572741382824075
0.4004531901020278,-0.03027831867341467
0.4008276485415095,-0.02565594369873837
0.40120136543078844,-0.02104204731042302
0.4015753191895835,-0.01665388925603048
0.40195008496994444,-0.012648792323130273
0.40232583316570647,-0.009125914929285274
0.40270233175408643,-0.006132669392815827
0.4030789524786566,-0.0036734389079364715
0.4034546818229961,-0.0017188954173172357
0.40382889709841485,-2.2378991934939661E-4
0.4042025853949094,8.512149838450483E-4
0.40457665458826975,0.0015517160332135715
0.404951605895813,0.0019287073565593287
0.40532753305690544,0.0020351526309687062
0.4057041253967779,0.001923931601772925
0.40608067485299065,0.0016671469101977657
0.40645610713082825,0.0012876472073138614
0.40683012404367774,8.271711893151376E-4
0.4072038165133327,3.0116620820547896E-4
0.4075780209029818,-2.7604279630422926E-4
0.40795316356639183,-8.894430199653843E-4
0.40832926074481674,-0.0015232989405102415
0.4087059223673358,-0.0021609260272992975
0.4090823597598283,-0.0027842511485407844
0.409457474232446,-0.0033742047826769723
0.4098313359917952,-0.00392584592307652
0.4102050639601182,-0.0044465385058552985
0.41057942163241246,-0.004940669253874347
0.41095475928692377,-0.005409313566296171
0.41133101460594185,-0.005850595563765681
0.41170771722324123,-0.006259800744091073
0.41208399721797795,-0.006629232391160957
0.412458792208168,-0.0069499920293259
0.41283254006748676,-0.00722782550490798
0.41320633230566334,-0.007474470663094064
0.41358085836029224,-0.0076974623682948655
0.4139563913669456,-0.007900551234262613
0.41433278951420743,-0.008084145058022121
0.41470950135112244,-0.008245478301463176
0.41508557508788413,-0.008378530211744395
0.4154600697702254,-0.008477461200881683
0.4158337428117243,-0.008550759459977944
0.41620762566032043,-0.008608562384609365
0.4165823325035472,-0.008656904616426868
0.4169580582754287,-0.008698416996281065
0.4173345808807169,-0.00873274187115828
0.41771126696782784,-0.008756146481481358
0.41808708303599196,-0.008762107344537457
0.41846131488772287,-0.00874660964260162
0.4188349503166919,-0.008718364163986315
0.4192089479845495,-0.008685139501718755
0.4195838456411618,-0.008651118721678378
0.4199597589637848,-0.008617469244644642
0.42033638440981363,-0.008582691021826553
0.42071300608135825,-0.00854269671344923
0.42108851940771347,-0.008490801116970237
0.4214625355633509,-0.008425286010646443
0.4218361683650751,-0.008354331486353577
0.4222103023085294,-0.008283860391828435
0.42258539756951186,-0.00821673059386868
0.4229614895744738,-0.00815322731897815
0.4233381926156566,-0.00809132590463883
0.4237147075124528,-0.008026702257430535
0.42408989383213436,-0.00795298701406469
0.4244637394468598,-0.007870767863917461
0.4248374023007261,-0.00778729770042665
0.4252116914622366,-0.007707140301122765
0.425586988388332,-0.007632230770260681
0.42596324724733886,-0.007562287756785156
0.4263399993087351,-0.007494997362674897
0.4267163614165001,-0.007425965072337182
0.4270912157392374,-0.007349532293067518
0.4274649338085516,-0.007268147709273517
0.427838656801706,-0.007187970395450321
0.4282131171482452,-0.007112526046290762
0.42858861651686275,-0.007043072917897235
0.42896502690025407,-0.0069789392282697225
0.42934179579172893,-0.006917640270443433
0.4297179554857064,-0.006854786133093011
0.4300924934125925,-0.006785691501254134
0.4304661253160737,-0.006714075962277652
0.43083993674730625,-0.006645051649022472
0.4312145822741035,-0.006581338723851233
0.431590282703511,-0.006523689209002576
0.43196682692908295,-0.006470984525582424
0.43234357772266807,-0.006421534880423368
0.43271948129648996,-0.006370054898859823
0.43309373594974565,-0.0063132409416345086
0.4334673204148938,-0.006255643655369162
0.43384124529191653,-0.006201384831460472
0.4342160860786462,-0.006152504453388561
0.434591981640199,-0.006109326196577083
0.43496863684685644,-0.006070654873559049
0.43534532936251674,-0.006033779171733164
0.4357209302236662,-0.005994386080149251
0.43609495099705914,-0.005950653158036767
0.4364685255415122,-0.005907125939473207
0.4368425876582022,-0.005867219667625428
0.4372176325340886,-0.005832495634655627
0.4375937159779847,-0.005802975041302577
0.43797045784261024,-0.005777282342562224
0.4383470496303601,-0.005752600925672472
0.43872231529165256,-0.0057246678696900675
0.43909614802541613,-0.00569311922744801
0.4394697451323914,-0.005662355520381507
0.4398439626505143,-0.005635173695017523
0.4402192146269082,-0.005612723684326007
0.4405954731313655,-0.005594768669925088
0.4409722724769523,-0.005579776939115535
0.4413487176599092,-0.005564996962178319
0.44172363881972826,-0.005546098921148993
0.4420973319615605,-0.00552435745462279
0.44247098728436307,-0.005503728617492829
0.4428453811918862,-0.005486457744929452
0.4432208449121705,-0.0054733191590295984
0.4435972653011286,-0.005463815600505344
0.44397408987742754,-0.005456214284085402
0.4443503361168887,-0.005447428482271489
0.44472492087959214,-0.00543396716664577
0.44509851300934816,-0.005418017844053578
0.4454722509092958,-0.0054030317755858715
0.44584683098389444,-0.005390850309922781
0.4462225013039748,-0.005381963410262192
0.44659906320514964,-0.005375666034231732
0.44697587714461956,-0.005370060226764512
0.44735187289435197,-0.005361923354885583
0.44772615870443094,-0.005348343790893225
0.44809969594650473,-0.005332641421319331
0.44847354864817013,-0.005317542411063801
0.44884833098880883,-0.005304407547274206
0.44922420609083724,-0.005293423474683459
0.44960088842854257,-0.005283632579784955
0.44997765052546806,-0.005272895217548229
0.45035333963906665,-0.0052577639956719845
0.4507273701238818,-0.005236376364801783
0.45110088802296433,-0.00521194237304439
0.45147487798599845,-0.005186987397690171
0.45184987157626455,-0.005162482354669836
0.45222594580024394,-0.005139213181662675
0.4526027265345484,-0.005115184797429185
0.45297939626391304,-0.005087967783838324
0.45335474242388707,-0.00505391870145955
0.45372856377390763,-0.00501225420048365
0.4541020899800078,-0.004966187758964441
0.454476226037548,-0.004917828913696905
0.4548514210770909,-0.0048677896585642
0.45522766799630104,-0.004815748855427785
0.45560450751618875,-0.004758719437286865
0.4559810363297489,-0.004696192872472278
0.45635603806276803,-0.004623127953368074
0.45672972769028575,-0.004539699695894761
0.45710333930933916,-0.004448688146290283
0.4574776912984536,-0.004351470379964786
0.4578531416891523,-0.0042481036510125135
0.4582295887177561,-0.004137449413191516
0.45860647574823293,-0.0040171823193311355
0.4589828005933193,-0.0038836949487101365
0.4593574094554202,-0.0037327674356980485
0.4597309124179943,-0.003564931268535114
0.460104511701626,-0.0033770521672735238
0.4604789562577593,-0.003176426732093266
0.460854533173742,-0.0029604124193595184
0.4612310691319172,-0.0027276109424294566
0.46160793606658795,-0.0024758783306684587
0.46198406126755637,-0.0022024092559810664
0.4623584766751546,-0.0019052414382157846
0.4627321030030992,-0.001587556339818211
0.4631060359919032,-0.0012536078504214892
0.46348090617490956,-9.072899988388071E-4
0.46385687668279363,-5.342424459598739E-4
0.46423364536905626,-1.6633634658709765E-4
0.46461045221822656,1.9592267007088746E-4
0.464986093202848,5.4215020512123E-4
0.4653598765020645,8.587156385393353E-4
0.4657330020094065,0.001127834604154667
0.46610656659282707,0.0013305135333634376
0.46648120234722074,0.001451197644533467
0.46685707401645604,0.0014732994611106863
0.4672338815150013,0.0013626748015120543
0.4676108672540499,0.0010959623646633455
0.46798685179151495,6.533158946555789E-4
0.4683614485073644,1.9853054864806496E-5
0.46873561506740374,-8.128734886708968E-4
0.46910998249577046,-0.0018754664878181731
0.4694847224286142,-0.0031037616892213133
0.4698599299055498,-0.004506964525008339
0.47023568410623534,-0.006051952424858893
0.47061163484034213,-0.007691575201681647
0.47098704944396413,-0.009366126054740812
0.4713619269276964,-0.011061815816425282
0.4717368460435576,-0.012629025454434109
0.47211194788329053,-0.01402426310067825
0.4724869713654298,-0.015179195000490838
0.47286204915907165,-0.016035303905965373
0.47323744262329953,-0.016554451396949103
0.47361296513963685,-0.016733789907395116
0.4739881072829105,-0.016537110473175718
0.4743630845382468,-0.015980122747216302
0.47473827407051694,-0.015096803892998195
0.47511358722897373,-0.013936868129939734
0.4754886374462124,-0.012561064072435686
0.47586369630593656,-0.011036124770024497
0.47623902424881986,-0.009429865489577822
0.4766144175323738,-0.007806882424992942
0.4769894612870886,-0.006224784846273543
0.4773645033848191,-0.004782035280494436
0.47773979865766586,-0.0034099378031726695
0.4781151316962854,-0.002187055118997891
0.4784901472283204,-0.0011301985833125862
0.4788652289822378,-2.474759710377116E-4
0.4792405705625965,4.610827605541308E-4
0.47961589668893784,0.0010024408865151606
0.47999089661131655,0.0013884700652510085
0.48036599286044906,0.0016332699941936357
0.48074134179402356,0.0017531168917754821
0.48111663089522033,0.0017658567298511638
0.4814916203627747,0.0016891449727492213
0.4818667456221791,0.0015386395405306902
0.48224211466904016,0.0013292803806395713
0.4826173725545113,0.001075439196812337
0.482992356197709,7.895917916279382E-4
0.4833675057482579,4.814122710101483E-4
0.48374288537412885,1.5975126779684958E-4
0.48411810670840577,-1.670752844585822E-4
0.48449308996964585,-4.927183103532272E-4
0.4848682666961098,-8.130927547020155E-4
0.4852436551985481,-0.0011140403611597063
0.48561883967282055,-0.0014115427284082816
0.48599382671569896,-0.0016943796289601732
0.4863690303133496,-0.0019617348513678487
0.4867444232278124,-0.0022124655620537905
0.48711957058108507,-0.0024451321522100155
0.4874945657843295,-0.002659663337185367
0.4878697962660171,-0.002856891040894784
0.48824518891626545,-0.0030370636880352278
0.4886202999198594,-0.003199977830640243
0.4889953071085666,-0.003346612151254687
0.4893705641503996,-0.0034783283067519504
0.4897459517504937,-0.0035957497136680614
0.49012102877331504,-0.0036990451230511103
0.4904960513246605,-0.003789510306544171
0.4908713338287719,-0.0038685491699602687
0.4912467106960045,-0.0039368383645155495
0.4916217571151898,-0.0039946525650107765
0.4919967981109102,-0.004043184238442719
0.49237210474660886,-0.004084174919916889
0.49274746486058313,-0.004117424242253414
0.4931224857540563,-0.004143226873230654
0.49349754761137476,-0.0041626972409924325
0.4938728765134951,-0.0041767186295875525
0.49424821395135676,-0.004185574903320961
0.49462321492492967,-0.004189423095153418
0.49499829997827566,-0.004189198833537033
0.49537364899773595,-0.004185490917073812
0.49574895815780395,-0.00417835567953399
0.4961239452054429,-0.004167874323313211
0.49649905522355087,-0.004154816482990937
0.4968744216099823,-0.004139631657387843
0.49724969783864553,-0.004122335785248471
0.4976246768265289,-0.004103050586400451
0.497999813189936,-0.004082393459608312
0.49837519380563,-0.004060619701384334
0.4987504339785718,-0.00403761092437415
0.49912541017020123,-0.00401345837251095
0.4995005738055691,-0.003988667679302775
0.499875965021354,-0.003963447704894491
0.5002511672251501,-0.003937710459648475
0.5006261454917729,-0.003911598624086186
0.5010013369378851,-0.003885499720664815
0.5013767347180097,-0.0038594898207856545
0.5017518982423018,-0.003833397159839239
0.5021268830930564,-0.003807341238468785
0.5025021024943797,-0.00378164098291304
0.502877502392848,-0.0037563765019224806
0.503252627640056,-0.003731433560880118
0.5036276232640936,-0.00370696674806775
0.5040028704287581,-0.003682924933163424
0.5043782675695534,-0.003660162474176671
0.5047533560235801,-0.0036378899370389946
0.5051283661313399,-0.0036162508110414975
0.5055036401456914,-0.003595427369959348
0.5058790287827774,-0.003575420412303695
0.5062540838564785,-0.003556121787360525
0.506629111537746,-0.0035376857946069497
0.50700441099787,-0.0035202163447062393
0.5073797850712078,-0.0035036288713779684
0.5077548116007563,-0.0034877719372351074
0.5081298595989342,-0.0034727773742193545
0.5085051827890157,-0.003458748514249896
0.5088805361547655,-0.0034456442945213395
0.5092555397739732,-0.003433373817061668
0.5096306106646834,-0.003422069139963386
0.5100059557741269,-0.0034117667965111874
0.5103812823577868,-0.0034023481804952315
0.5107562690182265,-0.003393721158975489
0.5111313650775646,-0.0033861370933853108
0.5115067295128461,-0.003379510838268429
0.5118820235719925,-0.0033737572167087337
0.5122569994408791,-0.0033688117473155287
0.5126321221135256,-0.003364789175391892
0.5130075027574653,-0.003361675708802532
0.513382760829266,-0.0033593124265997466
0.5137577314839215,-0.003357615342538355
0.5141328819153089,-0.0033567012986455403
0.5145082752125232,-0.0033565859656321984
0.5148834948240194,-0.003357148120663659
0.5152584654184735,-0.0033583527294779804
0.5156336442748579,-0.0033602983137998826
0.5160090461654134,-0.0033629338710496745
0.5163842262212631,-0.003366063359044805
0.5167592014798889,-0.0033696445871164555
0.5171344089805947,-0.00337378742594269
0.5175098149524493,-0.003378469192212219
0.5178849556447276,-0.003383520790340539
0.5182599399188206,-0.003388942380431922
0.5186351759165521,-0.003394817296504621
0.5190105811114808,-0.003401049946216332
0.5193856837076004,-0.003407397601972718
0.5197606810862185,-0.003413866755188776
0.5201359452067688,-0.003420555798633748
0.5205113445908545,-0.0034273889697847247
0.5208864110650979,-0.0034344184594400735
0.5212614253989807,-0.0034414120148933617
0.5216367166964758,-0.0034484423535473744
0.5220121039535218,-0.003455340182881819
0.5223871381535331,-0.003461816708652814
0.5227621722379945,-0.0034679445893046846
0.5231374887435373,-0.0034737839452160116
0.523512857447219,-0.0034791680983907395
0.5238878653788724,-0.0034838259335348847
0.5242629218211767,-0.003487856428006974
0.5246382617289497,-0.0034912680153322048
0.5250136056675015,-0.0034938010985968763
0.5253885934646514,-0.0034950006348537367
0.5257636750523539,-0.003495562901947115
0.5261390363082167,-0.0034950198840800416
0.5265143488336333,-0.003493072580122821
0.5268893226618516,-0.003489427994803894
0.5272644307183888,-0.003484208020394202
0.5276398096942965,-0.003477326901228018
0.528015087508953,-0.0034683774627954985
0.5283900531835335,-0.0034570346421519326
0.5287651893470704,-0.003443416361834371
0.5291405835255292,-0.003426679834904708
0.5295158223718482,-0.003407654986697295
0.5298907859300195,-0.003385312125129854
0.5302659512725093,-0.003359721366078205
0.5306413560032093,-0.003330587389546577
0.5310165543230339,-0.0032972498897169797
0.5313915204689507,-0.003259321614785292
0.5317667151141978,-0.003216752601962029
0.5321421260739825,-0.0031691382062715924
0.5325172839531032,-0.0031157015543612407
0.5328922574309061,-0.0030560244211756053
0.5332674817753675,-0.002989957991453659
0.5336428948221635,-0.0029138089637294135
0.5340180119466118,-0.0028311175898935916
0.5343929974415207,-0.0027397804350475534
0.5347682510623039,-0.0026396347240457154
0.5351436600325798,-0.0025301911123633025
0.5355187388453619,-0.0024107900320813795
0.5358937397004477,-0.0022815107492215538
0.5362690213389024,-0.0021427500077080123
0.5366444206422833,-0.0019947745437173116
0.5370194652553721,-0.0018379713498420684
0.5373944853545148,-0.0016656738295866712
0.5377697943485462,-0.0014904157151614781
0.5381451777216525,-0.0013114516223098214
0.538520191767661,-0.0011318034612203696
0.5388952337154894,-9.560061941023671E-4
0.5392705673996108,-7.894376529468532E-4
0.5396459281069242,-6.380296767392056E-4
0.5400209186878967,-5.085278817322427E-4
0.540395985380494,-4.0440873612696064E-4
0.5407713423513552,-3.3612025971805444E-4
0.5411466734664302,-3.1542612361857696E-4
0.5415216467322974,-3.513017172828593E-4
0.5418967398537078,-4.5261921117179064E-4
0.5422721163539088,-6.27002835566576E-4
0.5426474137628565,-8.801660591878488E-4
0.5430223760753703,-0.0012293795371613044
0.5433974978249456,-0.0016473504407669298
0.5437728914113465,-0.0021480996804126764
0.5441481497905228,-0.0027247596545659364
0.5445231071226787,-0.0033662017952101443
0.5448982579784221,-0.004056898302584174
0.545273664462526,-0.004777440031053689
0.545648882468493,-0.00553794790997159
0.5460238404919349,-0.006263557009782715
0.5463990217415368,-0.006949457453723491
0.5467744366620949,-0.007569647274549283
0.5471496124973618,-0.008100241274960333
0.54752457586182,-0.008520143314298097
0.5478997878623244,-0.008833408142733314
0.5482752072998566,-0.009002047477533637
0.5486503405110335,-0.009019888422173805
0.5490253141087794,-0.008903521581910896
0.5494005558625934,-0.008658500478027352
0.5497759734074306,-0.0082855294385158
0.5501510671389017,-0.007801263264029413
0.5505260549503522,-0.007225413687377341
0.5509013264753102,-0.006580104027228662
0.5512767372802327,-0.005889265290783394
0.5516517930710079,-0.005177014643002466
0.5520267991782708,-0.004465741909630973
0.5524020993150462,-0.00377573398088489
0.5527774966546886,-0.003124745556815501
0.5531525188212891,-0.0025271870516209516
0.5535275462964526,-0.0019936238521083387
0.5539028730178892,-0.001531185600557124
0.554278249821901,-0.0011436952150139334
0.5546532447716672,-8.426569865700936E-4
0.5550282961103107,-5.977612969406321E-4
0.5554036471643273,-4.2277507440291684E-4
0.5557789972194923,-3.125226037365959E-4
0.5561539715435045,-2.605683675468951E-4
0.5565290493846751,-2.601917399416886E-4
0.5569044224676316,-3.043049415651726E-4
0.5572797395017024,-3.8548455569022236E-4
0.557654699657645,-4.965491373849056E-4
0.558029806021704,-6.313062292478962E-4
0.5584051980229514,-7.839325651084357E-4
0.558780476930984,-9.488095055722615E-4
0.5591554294508589,-0.0011210977320471004
0.559530565759555,-0.0012971992616887529
0.559905972989163,-0.0014738401254679354
0.560281210563491,-0.001647893391945578
0.5606561612362888,-0.0018170280158400535
0.5610313283988244,-0.001979915579147418
0.5614067466499789,-0.0021352687035528363
0.5617819411471299,-0.002281753340188188
0.5621568953101722,-0.002418723177017158
0.5625320937639005,-0.002546193549942335
0.5629075183359927,-0.0026639910572580543
0.563282669383354,-0.00277176675779398
0.5636576319446505,-0.002869761526787019
0.5640328616632073,-0.002958582328850387
0.5644082873583421,-0.003038528461329707
0.5647833959393816,-0.0031096838771343667
0.5651583713735855,-0.003172645826649504
0.5655336318547532,-0.0032281620031642854
0.5659090529594633,-0.0032766449437959706
0.5662841214475487,-0.0033183153089616094
0.5666591137780421,-0.003353824981404924
0.5670344040478095,-0.0033838886921528986
0.5674098142810342,-0.003408822786683888
0.567784846506598,-0.0034288201811175333
0.5681598593253139,-0.0034444880995006364
0.5685351778760709,-0.0034563516018389757
0.5689105701003931,-0.003464683813455256
0.5692855716591732,-0.0034696815993677348
0.5696606080311848,-0.003471826356650294
0.5700359528531311,-0.0034714911452903632
0.5704113202021094,-0.0034688619141320857
0.570786297417316,-0.0034641024796382017
0.5711613599781299,-0.003457570848478314
0.5715367285945421,-0.0034495174431327207
0.5719120644776435,-0.003440071011397944
0.5722870242639347,-0.0034293731452263877
0.57266211520012,-0.0034176720709385286
0.5730375046390819,-0.003405129987470923
0.5734128036236777,-0.0033918443408568646
0.5737877526376334,-0.003377936617594062
0.574162873656824,-0.0033635629863027552
0.5745382804195621,-0.0033488275577576642
0.5749135384801116,-0.0033338182180367706
0.575288482920161,-0.0033186368793200176
0.5756636352210885,-0.003303367446914994
0.5760390552555821,-0.0032880773060359443
0.5764142698489472,-0.003272853963168279
0.5767892154297197,-0.0032577736638060976
0.5771643996831147,-0.003242864475228348
0.5775398283733452,-0.0032281735908648956
0.5779149984828649,-0.0032137945568292007
0.578289950426077,-0.0031997756408325205
0.5786651667769164,-0.0031861051053160457
0.5790405989581674,-0.0031728198139015754
0.5794157250810232,-0.0031600173510055846
0.5797906881330894,-0.0031477137117378105
0.5801659362341403,-0.003135869956215886
0.5805413662440665,-0.0031245207952683555
0.5809164502979386,-0.0031137673462776285
0.5812914287841117,-0.003103595033805423
0.5816667078703072,-0.003093949084404455
0.5820421296452347,-0.00308486503106074
0.5824171747710187,-0.003076441809058103
0.5827921726955725,-0.0030686347445258127
0.5831674817086397,-0.003061381562324097
0.5835428889340135,-0.0030547216331460753
0.5839178991658525,-0.0030486941166060757
0.5842929202172342,-0.0030435478729806814
0.5846682574488631,-0.003038949354924111
0.5850436420025118,-0.003034947613547655
0.5854186239472048,-0.0030316167278155257
0.5857936707350961,-0.003028855905037607
0.5861690335245406,-0.0030266195553499877
0.5865443887377899,-0.003024982155888566
0.586919349591724,-0.0030239963253360933
0.5872944245306226,-0.0030235674945511383
0.5876698100514923,-0.003023652367389395
0.5880451298615633,-0.0030243000100912245
0.5884200765763589,-0.003025539787899838
0.5887951815721528,-0.0030272777496265077
0.5891705864176366,-0.0030294797574893706
0.5895458662065275,-0.0030321896316332746
0.5899208053107259,-0.003035414780279718
0.5902959418050874,-0.0030390694467120863
0.5906713620891696,-0.0030431264004180205
0.591046598582473,-0.003047616478565719
0.5914215362026866,-0.0030525257576249727
0.5917967052301629,-0.003057780487371926
0.5921721366669003,-0.0030633578786319286
0.5925473277628914,-0.003069271264866546
0.5929222697056222,-0.0030754916611386717
0.5932974719848397,-0.003082079450835085
0.5936729098458843,-0.003088916428810286
0.5940480545312373,-0.003095974774188904
0.5944230060525749,-0.0031032132940807242
0.5947982413018651,-0.003110591882742336
0.5951736796087765,-0.0031180820883433182
0.5955487796466212,-0.0031256395835147967
0.5959237450994569,-0.0031332239076908124
0.5962990124710537,-0.0031408092132146543
0.5966744450106336,-0.003148352068023433
0.5970495037053489,-0.003155771729605746
0.5974244871977121,-0.003163034140592517
0.597799785700435,-0.003170123984303666
0.5981752062074968,-0.00317697729772664
0.5985502273641209,-0.0031834765946453093
0.598925233033135,-0.0031896534499533543
0.5993005615496041,-0.0031956058230913505
0.5996759625898096,-0.0032010711649304324
0.6000509512476248,-0.0032058927444263215
0.6004259820921637,-0.0032100713596494336
0.6008013377810858,-0.0032135867451674933
0.6011767120693634,-0.0032162960101513815
0.6015516756999395,-0.0032180109491847858
0.6019267341799657,-0.0032187501990693806
0.6023021145660044,-0.003218480391582811
0.6026774553763282,-0.0032170083023905617
0.6030524015074739,-0.0032137282148546453
0.6034274904473304,-0.0032094543232560166
0.6038028926773282,-0.0032036519736879034
0.6041781933744543,-0.003196044369340807
0.6045531288663678,-0.0031863649150804616
0.6049282493741227,-0.003174636181267236
0.6053036690464463,-0.0031607269503956532
0.6056789270704759,-0.003144263731517171
0.6060538581562197,-0.0031249578428223833
0.6064290116114739,-0.0031027976708805035
0.6068044449730948,-0.003077577992293
0.6071796570189261,-0.0030471766948546608
0.607554590169252,-0.0030138152531874454
0.6079297776449715,-0.002976386217555689
0.6083052196839442,-0.002934599793335507
0.6086803842212053,-0.0028879298558901908
0.6090553245796408,-0.0028361457609096673
0.6094305455981056,-0.002779275547985317
0.6098059904795636,-0.0027171426001667107
0.6101811093896895,-0.0026494099581341147
0.6105560619310937,-0.002576186052538637
0.6109313167284103,-0.0024944425603652723
0.6113067594340668,-0.0024085973729531434
0.6116818331683115,-0.0023178090937188717
0.6120568027964812,-0.002223048480485073
0.6124320900264759,-0.0021256645921043245
0.6128075228080975,-0.0020270711500260732
0.6131825562378189,-0.0019289206762969134
0.6135575464595081,-0.0018336806686771144
0.6139328648878468,-0.0017442630661498643
0.6143082817174742,-0.0016591999829704157
0.6146832792887733,-0.001586318038461633
0.6150582942012413,-0.0015298037725191072
0.6154336418253262,-0.0014941234537659384
0.6158090341517086,-0.0014837007829845404
0.6161840027053025,-0.0015029330486068986
0.6165590447425517,-0.0015561516768970282
0.6169344191993014,-0.0016470511666382614
0.617309780002772,-0.0017831337830875702
0.6176847273038991,-0.0019558876409351486
0.6180597994740595,-0.0021723080328757334
0.6184351973012409,-0.0024305302247763488
0.6188105201736902,-0.0027265110249902864
0.6191854531545371,-0.003053878087551381
0.6195605571947804,-0.0034036997936296846
0.6199359756173654,-0.00378592914241269
0.6203112551499216,-0.0041543253922531375
0.6206861811559813,-0.004511747364324852
0.6210613183917786,-0.004845044593939207
0.6214367520165182,-0.005142341010556242
0.6218119862839812,-0.005394042169317471
0.6221869113971941,-0.005607102400635597
0.6225620832661625,-0.005758329283883183
0.6229375282105449,-0.005848893916274459
0.6233127140514693,-0.005879275080609657
0.6236876442532853,-0.005849607884551119
0.6240628508604832,-0.0057623527933777004
0.6244383019447581,-0.005621238163421337
0.6248134393986371,-0.0054315431893375956
0.6251883800208606,-0.005198821596479379
0.62556362089483,-0.004929216785455149
0.6259390713762066,-0.004650845250662057
0.6263141630896915,-0.004334845829033487
0.626689118648801,-0.00400513698249361
0.6270643933458665,-0.0036705440204656556
0.62743983758158,-0.0033402177031165983
0.6278148857222644,-0.0030228747662172863
0.6281898610423169,-0.0027257917333926886
0.6285651686635286,-0.002455027360716067
0.628940599647563,-0.0022154182491122233
0.6293156080272554,-0.002010242759603669
0.6296906070049088,-0.0018411145211801963
0.6300659456739054,-0.0017083828751759539
0.6304413550098424,-0.0016112020051658868
0.6308163305837183,-0.0015476294675793915
0.63119135634679,-0.0015151265253279874
0.6315667234811267,-0.0015106811561161467
0.631942103701262,-0.0015307633993697973
0.6323170538758859,-0.0015715882873215997
0.632692108974414,-0.0016260416058107559
0.6330675015392809,-0.0016960012701958736
0.6334428461047393,-0.001777006547591248
0.6338177784426441,-0.0018658724122936562
0.6341928652788562,-0.001960245685465049
0.6345682800703352,-0.0020579023485458826
0.6349435830632308,-0.0021565655459128666
0.6353185048351113,-0.002254348999272761
0.6356936252742729,-0.002350188847131999
0.6360690583416202,-0.0024430300887040126
0.6364443153515796,-0.0025316913967432424
0.636819233447758,-0.0026154053982985763
0.6371943887225724,-0.0026940458275551893
0.6375698354792373,-0.0027673417033490877
0.6379450439577016,-0.00283482385831055
0.6383199646241372,-0.002896419063498665
0.6386951553822314,-0.0029524838760579663
0.6390706106398945,-0.003003132316944118
0.6394457697157279,-0.0030482594236857534
0.6398206986633717,-0.003088131138434986
0.6401959249896071,-0.003123259057223173
0.6405713829718256,-0.0031538815772249097
0.6409464934019917,-0.003180043108326442
0.6413214358196138,-0.0032021243897652893
0.6416966972429704,-0.0032206149755937665
0.642072151620318,-0.0032357628197354467
0.6424472157424064,-0.0032476482910385263
0.6428221763607983,-0.0032566357228399397
0.6431974719674344,-0.003263110383549397
0.6435729158890837,-0.0032672544253160617
0.643947937429382,-0.003269165012952073
0.6443229204357193,-0.003269160486993798
0.6446982486254426,-0.003267517920031324
0.6450736744851112,-0.003264368417085589
0.6454486591036743,-0.003259808776542815
0.645823668109361,-0.0032540783821896993
0.6461990267234118,-0.0032473574870360883
0.6465744262565426,-0.0032397428898852778
0.6469493813503152,-0.0032313316380423876
0.6473244194339167,-0.0032222819316605174
0.6476998057447024,-0.0032127017649340736
0.6480751711943298,-0.0032026732526955334
0.6484501047064944,-0.0031922926210418605
0.6488251744073926,-0.0031816435094617884
0.6492005851111187,-0.0031707854905923187
0.6495759101570201,-0.0031598016385367637
0.6499508296600731,-0.003148782088143276
0.6503259329722969,-0.0031377469134426343
0.6507013641857783,-0.0031267267208458255
0.6510766440490063,-0.0031158152073022093
0.6514515566509277,-0.003105088310055909
0.6518266950256121,-0.0030945151290189573
0.6522021422956011,-0.0030841118832406486
0.6525773737684147,-0.0030739871852072773
0.6529522860799039,-0.003064194660024285
0.653327460444559,-0.003054665383247854
0.6537029187775485,-0.003045411609897212
0.6540781001644954,-0.0030365569823739757
0.6544530183299432,-0.003028126369389269
0.6548282291324589,-0.0030200249952086746
0.6552036930528212,-0.0030122681480042636
0.6555788240461411,-0.0030049919108769887
0.6559537538038347,-0.002998188830647988
0.6563290010808027,-0.002991588876382177
0.6567044645947352,-0.0029856746299175637
0.6570795462181531,-0.0029802904293691054
0.6574544927109353,-0.0029753800764780276
0.6578297755219954,-0.002970838250100274
0.658205231423919,-0.0029667070981077366
0.6585802674543642,-0.002963124160687831
0.6589552349038548,-0.0029600070466538927
0.659330551637025,-0.0029572567766655545
0.6597059923167308,-0.0029549255387174823
0.6600809883666058,-0.0029531388554673087
0.6604559805861725,-0.0029517931368251184
0.6608313293091778,-0.002950808138790209
0.6612067470045362,-0.0029502452145919802
0.6615817095802198,-0.0029502111704090696
0.6619567301467272,-0.0029505881156710206
0.6623321085296604,-0.0029513018398137835
0.662707495190846,-0.0029524193537888194
0.6630824317004906,-0.0029540261847484954
0.6634574835562315,-0.002955997636029226
0.6638328885749283,-0.002958275678713852
0.6642082366651556,-0.002960928906939232
0.6645831552904606,-0.0029640165298631337
0.6649582409112161,-0.002967416575382382
0.6653336691038129,-0.0029711131478308357
0.6657089722634993,-0.0029751938591328925
0.6660838808739371,-0.0029796381356587236
0.6664590020558985,-0.002984337657825424
0.6668344489419525,-0.002989268629639605
0.6672097032408384,-0.002994486793495843
0.6675846087228181,-0.0029999871790851998
0.6679597663947499,-0.003005682183868297
0.6683352268587415,-0.003011555313312848
0.6687104305441196,-0.0030176411465348703
0.6690853391648179,-0.0030239159748746652
0.6694605337992624,-0.0030303145615431606
0.6698360023053486,-0.003036822536054251
0.6702111549313795,-0.003043447219318013
0.6705860726153022,-0.0030501540243258185
0.6709613043914545,-0.0030569001443455012
0.671336775175285,-0.00306366755836378
0.6717118771414513,-0.0030704309168609677
0.6720868096682258,-0.003077206223406577
0.6724620785268448,-0.003083995364205424
0.6728375451450227,-0.0030906947527408915
0.6732125980212619,-0.003097238980874486
0.6735875501923818,-0.003103600158204634
0.6739628544636312,-0.003109771939463635
0.6743383088730509,-0.0031157029582439713
0.6747133183228543,-0.003121288612222475
0.6750882940394759,-0.003126517449465104
0.6754636319305756,-0.00313139271040184
0.6758390664959064,-0.003135834664225829
0.6762140386493326,-0.003139698897267194
0.6765890420745432,-0.003142996086360213
0.6769644120297497,-0.0031456177982104047
0.6773398180818752,-0.003147720415985367
0.6777147597040674,-0.0031489268631733074
0.678089793978852,-0.003149271414341819
0.6784651922665743,-0.003148736032942048
0.6788405622739091,-0.0031471377241979234
0.6792154818614523,-0.003144262843478495
0.6795905492385733,-0.00314015610385672
0.6799659726451607,-0.003134771897779514
0.6803413000782328,-0.003127856345354729
0.6807162058975701,-0.0031183864946766463
0.6810913090907308,-0.0031076961294558177
0.6814667539682666,-0.0030950974660892638
0.6818420325258063,-0.003080249523761042
0.6822169321228093,-0.003062908349699496
0.6825920720469523,-0.0030431235922019724
0.6829675328734306,-0.003020762670065054
0.6833427609889507,-0.0029954598476706236
0.6837176607624609,-0.002967029177035619
0.6840928383509585,-0.002935589392042844
0.6844683104789404,-0.002901076676917928
0.6848434858658117,-0.0028606097402248997
0.6852183927463699,-0.002817942597230502
0.6855936087867794,-0.002772037590106754
0.685969085938714,-0.0027230638979250286
0.686344208346603,-0.0026710936721568283
0.6867191275986367,-0.0026166516096843687
0.6870943811013372,-0.0025605779692524575
0.6874698565793367,-0.002503638789971795
0.6878449291120466,-0.0024466077228889557
0.6882198663000104,-0.0023871293474919276
0.6885951572354055,-0.0023313284934164216
0.6889706243433392,-0.002279737027884414
0.6893456488981723,-0.0022340620401890094
0.6897206084359058,-0.002196483061033684
0.6900959343896269,-0.0021693021265641785
0.6904713846438407,-0.0021547348144310813
0.6908463684520516,-0.0021550017132405644
0.6912213546956872,-0.002173314624359448
0.6915967145550427,-0.0022086791511148327
0.6919721397280112,-0.002266282176058892
0.692347088422002,-0.0023480409388743086
0.6927221045097732,-0.002455303138153391
0.6930974945919703,-0.002588489152772005
0.69347288662383,-0.00274681571989095
0.6938478094037809,-0.0029388797225236665
0.6942228588184809,-0.0031407375238091495
0.6945982766722117,-0.003354371028647745
0.6949736269891625,-0.0035701102500333847
0.6953485318773346,-0.003776490028664808
0.6957236162727717,-0.003960983717864165
0.6960990575706487,-0.00411240671910819
0.6964743613773658,-0.004232865043439288
0.6968492565618146,-0.0043051729703331995
0.6972243783359715,-0.0043356606130783145
0.6975998383218753,-0.004330409153804132
0.6979750911926627,-0.0042986090125160656
0.6983499834495438,-0.004251531883062389
0.6987251433542537,-0.004195065871209812
0.6991006173937153,-0.004131517588555782
0.6994758169471609,-0.004061579196231011
0.69985071353814,-0.003982982269777476
0.7002259126734703,-0.0038920671695706673
0.7006013950031791,-0.003786437702849625
0.7009765397447872,-0.0036658573284853884
0.7013514468240536,-0.0035315388242992307
0.7017266848529919,-0.00338624687556242
0.7021021684930046,-0.0032345392896530943
0.7024772605776124,-0.0030818397604884112
0.7028521832429284,-0.002943395752013147
0.7032274591475633,-0.002801692115583012
0.7036029370228739,-0.0026713072476338986
0.7039779800669914,-0.0025554252904953657
0.704352923511186,-0.002456025554641287
0.7047282365339338,-0.00237427988558172
0.7051037014179107,-0.002310685311535139
0.7054786989430891,-0.0022649948829300474
0.7058536678960824,-0.0022364322100173533
0.7062290163116584,-0.0022238938373966596
0.7066044597741213,-0.002225872461843772
0.7069794179733018,-0.002240527451458853
0.707354416306034,-0.002266176787634232
0.7077297975757499,-0.0023011290792673395
0.7081052099314589,-0.0023434741144430444
0.7084801377871687,-0.002391279843463635
0.7088551686593545,-0.00244318836748663
0.7092305795539603,-0.0024978965115700076
0.7096059529277572,-0.002553924828557381
0.7099808589341318,-0.002609943798243008
0.7103559248914879,-0.0026653240977583107
0.710731361567549,-0.002719395386818721
0.7111066896328121,-0.0027712708895762652
0.7114815819175169,-0.0028202979950181116
0.7118566849468051,-0.0028664557265721236
0.7122321429905176,-0.002906853383477948
0.7126074210046222,-0.002946454869032655
0.7129823072230509,-0.0029824412069769934
0.7133574488341412,-0.0030151166855042866
0.7137329233563661,-0.0030445508121325036
0.7141081479610076,-0.0030705499835050427
0.7144830353195338,-0.003093181430142896
0.7148582164556943,-0.0031128654227214393
0.7152337018692413,-0.0031297596761535526
0.715608871469491,-0.003143791112194675
0.7159837665703481,-0.003155156817856326
0.7163589875207736,-0.0031642595031308954
0.7167344775674988,-0.0031712681732422496
0.7171095924415573,-0.0031761445414534525
0.717484501264776,-0.0031791282806083575
0.717859761650084,-0.003180555090091779
0.7182352493642732,-0.0031805296819281455
0.7186103117198034,-0.003179058846828277
0.7189852396606361,-0.0031763581982509953
0.7193605385231536,-0.0031726572920648937
0.7197360163589226,-0.0031680378721042446
0.7201110300830725,-0.0031625286193997376
0.7204859819592079,-0.003156301250312124
0.7208613176941541,-0.0031494998059453543
0.7212367774071398,-0.003142182558390729
0.7216117482663427,-0.003134399874525656
0.7219867282861074,-0.0031262668719908796
0.7223620986508585,-0.0031178606854704517
0.7227375314324354,-0.003109232062588672
0.7231124669457777,-0.003100450535818969
0.723487478719812,-0.0030915711402108134
0.7238628808450476,-0.0030826243331611753
0.7242382779738497,-0.0030736669500794483
0.7246131867453719,-0.0030647811113834007
0.7249882332985526,-0.003055964316003059
0.7253636637028502,-0.003047218295011896
0.7257390172606775,-0.0030386153647721883
0.7261139082446749,-0.0030302403645275614
0.7264889920351155,-0.0030220400467297443
0.726864446649748,-0.0030140017645137102
0.7272397503831465,-0.003006218374707918
0.7276146319905493,-0.0029986434502516286
0.7279897549121626,-0.0029914979883747597
0.728365228998211,-0.002984575835992908
0.7287404785780884,-0.002977997896971092
0.729115358411558,-0.002971802817070324
0.7294905215386087,-0.0029658709589957507
0.7298660094626299,-0.0029601998343294247
0.7302412029561701,-0.0029549274424715485
0.7306160878245128,-0.002950062215599759
0.7309912915351935,-0.002945471731378123
0.7313667870155481,-0.002941164341259426
0.7317419244137527,-0.0029372894302484042
0.7321168205309784,-0.002933822995048583
0.7324920646074539,-0.0029306295861737976
0.7328675607764795,-0.002927730571026261
0.7332426437698891,-0.0029252802829420462
0.7336175568410441,-0.0029232231869330653
0.7339928405732667,-0.002921428560320165
0.7343683301014111,-0.0029199309841723246
0.7347433617977106,-0.0029188834554348874
0.7351182971456968,-0.002918202257475811
0.7354936194800854,-0.002917765648197976
0.7358690946145916,-0.002917634040873417
0.7362440792827654,-0.002917952143136446
0.7366190417330162,-0.0029185636326987665
0.7369944007342838,-0.002919475062715123
0.7373698521741402,-0.002920683080117105
0.7377447970071411,-0.0029223072811907793
0.7381197904635229,-0.0029242153768289196
0.7384951833706808,-0.0029263330247550636
0.7388706016442181,-0.0029287349587080957
0.7392455156120868,-0.0029315114457191148
0.7396205432644412,-0.002934532172214656
0.7399959666146128,-0.0029377420293543927
0.7403713436559725,-0.002941215975397162
0.7407462356595558,-0.002945013449465488
0.7411213000830698,-0.0029490144263575866
0.7414967498003979,-0.002953180939998456
0.7418720791909659,-0.002957581440748616
0.7422469576749537,-0.0029622460710244398
0.7426220609187023,-0.0029670715527565818
0.742997532422062,-0.002972033787305058
0.7433728092120181,-0.0029771877378752254
0.7437476821974879,-0.0029825382855629312
0.7441228259153051,-0.0029880035213947073
0.7444983142708197,-0.0029935690037763613
0.7448735346137852,-0.002999269301610592
0.74524840983887,-0.0030051674118145204
0.7456235952479758,-0.0030111227115159245
0.7459990946281797,-0.0030171354424042766
0.7463742565653374,-0.0030232114139989354
0.7467491407228463,-0.0030293209817629746
0.7471243675363843,-0.0030354354863046554
0.7474998707147266,-0.0030415432250284515
0.7478749761572655,-0.003047614840944821
0.7482498750024061,-0.003053621714609969
0.7486251425939398,-0.003059558821557906
0.749000642383969,-0.0030654036686482045
0.7493756940222644,-0.00307108828038537
0.749750613291744,-0.003076593878841922
0.7501259211341078,-0.00308193545162536
0.7505014103301791,-0.003087064477746305
0.7508764109276553,-0.003091944466204588
0.7512513559862324,-0.003096504140686107
0.7516267020860511,-0.003100765016773745
0.7520021710409451,-0.003104649492995054
0.7523771278095445,-0.003108008484538918
0.7527521023295576,-0.00311087058019573
0.753127483883552,-0.0031132589836702666
0.7535029236547429,-0.0031150582849296935
0.753877845247937,-0.003116082397727305
0.7542528533202181,-0.003116377867144651
0.7546282681440912,-0.003115569973119322
0.7550036690805344,-0.0031141587812790247
0.7553785639733127,-0.0031116033854711304
0.7557536087079004,-0.003107980832306538
0.7561290522265469,-0.003103266460036911
0.7565044071993426,-0.003097223719728302
0.7568792844094202,-0.0030896318157783
0.7572543677489204,-0.0030805844974194836
0.7576298356604741,-0.0030700426060476867
0.7580051391581766,-0.003057738194440104
0.7583800072798306,-0.003042482280971661
0.7587551317475565,-0.003025815177747502
0.759130619657582,-0.003007180593829525
0.7595058658624733,-0.0029863190358315537
0.7598807329681614,-0.002963171448751549
0.7602558990352837,-0.0029379940490921
0.7606314001591182,-0.002910875765707646
0.7610065889688208,-0.0028817364866823045
0.7613814616955445,-0.0028507841836245616
0.7617566701763738,-0.0028185366041702234
0.7621321792889052,-0.00278289742965723
0.762507308731577,-0.002747510872635289
0.7628821943349444,-0.0027119785738689375
0.7632574450369618,-0.002677210937715301
0.7636329536557888,-0.0026440109910621542
0.7640080266697513,-0.002613159664045656
0.7643829303698075,-0.002585774701187483
0.7647582223444945,-0.002563082234974451
0.7651337239668881,-0.0025456865605073074
0.7655087431767542,-0.0025340723151020257
0.7658836710171686,-0.0025306563252252266
0.7662590029387898,-0.002536597584112671
0.7666344876569202,-0.0025529387666915816
0.7670094593594469,-0.002580789051110952
0.7673844153117682,-0.0026213686525114795
0.7677597850390607,-0.002676084054716101
0.7681352446753714,-0.002752493099715268
0.7685101757734698,-0.002843172492149764
0.7688851645411588,-0.002954904815438344
0.7692605689160863,-0.003087934166287324
0.7696359934131723,-0.003239458720503147
0.7700108931505402,-0.003401529265179148
0.7703859177184997,-0.0035590530449191083
0.7707613540474383,-0.0037019616356582913
0.7711367341296732,-0.00378608519177668
0.7715116121776393,-0.0038010819625562764
0.7718866753740921,-0.003740326423178876
0.7722621381873248,-0.003616237217444651
0.7726374685188118,-0.0034591738603567844
0.7730123333403401,-0.0033013694450247633
0.7733874375714473,-0.0031888515627484133
0.7737629227433754,-0.0031305314947571708
0.7741381970879498,-0.0031155752262040184
0.774513057038031,-0.003130358712975585
0.7748882031914139,-0.003153190274411111
0.7752637051973206,-0.0031673067345143625
0.7756389211243425,-0.003164018700357849
0.7760137840015537,-0.003141182324973188
0.7763889734901247,-0.003100894381869307
0.7767644863206828,-0.0030480670925556435
0.7771396415504338,-0.002988417538963896
0.7775145145537805,-0.0029265737495644513
0.7778897474611919,-0.0028659577150505705
0.7782652638968983,-0.0028093961627535594
0.778640359548905,-0.0027590319216929788
0.7790152487861943,-0.0027159967455498723
0.7793905241896916,-0.002680920404056008
0.7797660360817043,-0.0026542335309896613
0.7801410760135585,-0.002638318944417662
0.7805159868155616,-0.0026269513995991014
0.7808913033366448,-0.0026232915275533437
0.7812668025655989,-0.0026267900149707273
0.781641791587347,-0.0026366228518866328
0.7820167292753754,-0.0026520194429797334
0.7823920853887657,-0.0026722369273662976
0.7827675631648034,-0.0026963401177847496
0.7831425070871927,-0.0027232493944048864
0.7835174762949172,-0.0027522827170389733
0.7838928695270623,-0.002782822665793923
0.7842683161605793,-0.0028140397142584176
0.7846432232956436,-0.0028450735703350496
0.7850182278341256,-0.0028756278597682726
0.7853936549030385,-0.0029053972100882993
0.7857690601670716,-0.002933823430785093
0.7861439408800991,-0.002960399886733316
0.786518983825516,-0.0029851979314944777
0.7868944407119486,-0.003008171777587913
0.7872697968393759,-0.003028995892576671
0.7876446604282963,-0.0030474631987631963
0.7880197441757891,-0.0030638639141083424
0.7883952261637217,-0.003078288377694522
0.7887705273771578,-0.0030905534529108414
0.7891453824678102,-0.0031006486932103486
0.7895205087581132,-0.0031089363731047494
0.7898960104510634,-0.0031155435935608634
0.7902712528661213,-0.0031203620987800746
0.7906461074733545,-0.003123488550887291
0.7910212773986522,-0.003125260697743057
0.791396792718167,-0.003125788577353652
0.7917719743411825,-0.003125023134031186
0.7921468358652358,-0.00312306399588436
0.7925220498519044,-0.0031202088654193744
0.7928975720027001,-0.00311652865973904
0.7932726927988003,-0.0031119875994323064
0.7936475679885467,-0.003106728719879654
0.7940228257771464,-0.0031009343768449967
0.7943983472666397,-0.0030946543667761083
0.7947734091698585,-0.003087888507934686
0.7951483041491219,-0.003080754110593543
0.7955236048227495,-0.0030733557902116668
0.7958991174301269,-0.003065727783883543
0.7962741243314644,-0.0030579043552182777
0.796649044587063,-0.003049959460898194
0.7970243865440891,-0.0030419359366365864
0.7973998811432678,-0.003033867292778613
0.7977748391110084,-0.0030258191663981664
0.7981497894681228,-0.0030178130968655566
0.7985251703995162,-0.0030098485491686644
0.7989006370902413,-0.003001971026595804
0.7992755542763548,-0.002994268854891079
0.7996505388768762,-0.0029867097311400154
0.8000259557475365,-0.0029792668502624914
0.80040138472763,-0.002972006675885737
0.8007762705281669,-0.002965027606519252
0.8011512928159985,-0.0029582480747835055
0.8015267418555722,-0.0029516292530500543
0.8019021244527736,-0.0029452634324106243
0.8022769884959804,-0.0029392452196756818
0.8026520512146802,-0.002933452372733279
0.8030275279232266,-0.002927845115469588
0.8034028573846232,-0.0029225426364469405
0.8037777087411391,-0.002917623131766042
0.8041528139492587,-0.0029129343045583467
0.8045283131229225,-0.002908443522438327
0.8049035846584986,-0.0029042948645376238
0.8052784317696546,-0.0029005402787309264
0.8056535808789503,-0.0028970084975316877
0.8060290966608844,-0.0028936794673218597
0.8064043073281403,-0.0028907179351549944
0.806779158057898,-0.0028881432509085775
0.8071543518993369,-0.0028857755731021444
0.807529877860644,-0.0028836105363667275
0.8079050263766439,-0.002881827967128488
0.8082798880939998,-0.002880411803261207
0.8086551270164304,-0.0028791826242139254
0.8090306562561372,-0.0028781063228191356
0.8094057427675333,-0.0028775198942207754
0.8097806222972939,-0.002877252138508899
0.8101559057066199,-0.0028771454452700858
0.8105314297745873,-0.002877243654253781
0.8109064576655994,-0.0028777270755493117
0.8112813605774648,-0.0028784936154506897
0.8116566868058123,-0.0028794058343627814
0.8120321967932198,-0.0028805241457561842
0.8124071718558188,-0.002882016040622387
0.8127821032024557,-0.0028837535379163865
0.813157470121386,-0.0028856206022470246
0.8135329564638164,-0.002887690272748077
0.8139078860846429,-0.0028901070578931146
0.8142828503281389,-0.002892730616047886
0.8146582551487291,-0.0028954691170797885
0.8150337079644472,-0.0028984034089557355
0.8154086010760667,-0.002901650034291994
0.8157836021012967,-0.00290506611987539
0.8161590414661821,-0.0029085832566398467
0.8165344511361082,-0.0029122842109134375
0.8169093175316307,-0.002916255256945334
0.8172843587498682,-0.0029203599391331154
0.8176598288544807,-0.002924551087158999
0.8180351865138791,-0.0029289501653064825
0.8184100361501472,-0.0029335622649900085
0.8187851202476587,-0.0029382698784805915
0.819160615986177,-0.0029430520577828265
0.8195359156189284,-0.0029479798403075747
0.819910757377108,-0.0029530636312060364
0.8202858856799865,-0.002958210915329529
0.8206614009795524,-0.0029634115726159234
0.8210366398059845,-0.002968714498562227
0.8214114816344098,-0.0029741085402440436
0.8217866550576576,-0.0029795299913500423
0.8221621835946594,-0.002984974219406759
0.8225373598609804,-0.0029904619539155787
0.8229122094930313,-0.0029959690514766175
0.8232874288200884,-0.003001460611889289
0.8236629642281427,-0.0030069268103430137
0.8240380766058435,-0.0030124077037764195
0.8244129415489396,-0.003017824715777538
0.8247882066089046,-0.003023171142213489
0.825163740346769,-0.003028431957958057
0.8255387915035666,-0.003033552755456112
0.8259136774864032,-0.003038515126109193
0.8262889865796499,-0.003043333279676988
0.8266645097912011,-0.0030479746305654178
0.8270395052948487,-0.0030523445077197757
0.8274144178281828,-0.0030564415632879146
0.827789769641734,-0.00306029488783348
0.8281652739326144,-0.003063706401126013
0.8285402186234939,-0.003066801117343593
0.8289151632960541,-0.0030694689856423114
0.8292905554857721,-0.0030717332081711683
0.8296660296319891,-0.0030734908277446284
0.8300409325281625,-0.0030745744985913627
0.8304159128553297,-0.003075034812398704
0.8307913415659852,-0.0030748904939471773
0.8311667762539862,-0.0030739971795067005
0.8315416476001384,-0.003072164052903599
0.8319166673762626,-0.0030694682290433616
0.8322921296026186,-0.0030653931455983854
0.832667514596827,-0.003060549276477213
0.8330423645816946,-0.003054424450882232
0.8334174269224853,-0.00304713051547784
0.833792917123386,-0.0030386598979640906
0.8341682463147199,-0.0030288124722481816
0.8345430839052643,-0.0030174659526419584
0.8349181902961786,-0.0030047909551658637
0.835293703263911,-0.002990829601722072
0.8356689720518756,-0.002975449608996431
0.8360438063652037,-0.002957267653523754
0.8364189590745309,-0.00293859393387433
0.836794489058839,-0.002918853724051789
0.8371696930848698,-0.0028980786715584466
0.8375445321137814,-0.0028765251522952797
0.8379197309246567,-0.002854658237723258
0.8382952702840604,-0.002832831110904221
0.8386704107703392,-0.0028113359789330417
0.8390452618200432,-0.0027900351525700006
0.8394205076518458,-0.0027698816339065627
0.8397960496484748,-0.002751737175604316
0.8401711256778571,-0.0027361646055655445
0.8405459956116669,-0.0027238333241949926
0.8409212867246509,-0.0027153532274993937
0.8412968219158371,-0.0027112151361463324
0.8416718392077513,-0.0027118537326036468
0.8420467339644425,-0.0027191735437818642
0.84242206992506,-0.002729623648013264
0.8427975900452052,-0.0027455204580497366
0.8431725519127605,-0.002767788675322816
0.8435474767175083,-0.0027985385903428897
0.8439228542137304,-0.002842478232156187
0.8442983486906367,-0.002908182609961544
0.8446732648121666,-0.0030167860232154964
0.8450482246420391,-0.003167086235621514
0.8454236417511056,-0.0033646723220846853
0.8457990999264438,-0.003585821196920596
0.8461739786137016,-0.0037697246400766166
0.846548976728574,-0.0038204045134807097
0.846924429069092,-0.0036437983233375696
0.8472998417000196,-0.00319229750963015
0.8476746940290831,-0.0026547478067548945
0.848049734360796,-0.0022517687688011754
0.8484252181066965,-0.0021290647564930596
0.848800575785027,-0.0022358443773196858
0.8491754116921806,-0.002424745229734523
0.849550496497572,-0.002592748004395792
0.8499260059239825,-0.002704380498533554
0.8503013037430462,-0.002763527090100933
0.8506761320491759,-0.002787524749368986
0.8510512625187817,-0.0027911612321538074
0.8514267914943322,-0.0027841048734563814
0.8518020264790733,-0.002773509858718427
0.852176855739051,-0.0027628227065920165
0.8525520334472335,-0.0027531210502569465
0.8529275759165168,-0.0027451321769231176
0.8533027447988785,-0.002739579590722483
0.8536775833143128,-0.002736623937581052
0.8540528087859968,-0.0027361413390924044
0.8544283572981468,-0.002738285546855367
0.8548034600966078,-0.0027432514595530726
0.855178315028871,-0.002750842093664945
0.8555535877119608,-0.002760768652529317
0.8559291338013925,-0.0027728344938568175
0.8563041734735676,-0.0027867672043646852
0.8566790510390601,-0.0028021671288355507
0.857054369477123,-0.002818695117248484
0.8574299037619798,-0.0028360003327163336
0.8578048858372277,-0.0028536393819835687
0.8581797914684608,-0.002870676101560655
0.8585551535500386,-0.0028878297419979815
0.8589306663854797,-0.002904540533801797
0.8593055979265412,-0.002920419881713778
0.8596805367503826,-0.002935365032965382
0.8600559400846032,-0.0029493277687393077
0.8604314212718343,-0.002962102630360022
0.860806310536288,-0.002973436197800328
0.8611812870540296,-0.0029834170988178033
0.8615567283493303,-0.002992111689555151
0.8619321675703712,-0.002999402929022039
0.8623070244660757,-0.0030051744661609404
0.8626820423335054,-0.0030096234061084064
0.8630575174492942,-0.0030128629269251406
0.8634329048254196,-0.00301483390383313
0.8638077404076233,-0.0030155224068170797
0.864182802489012,-0.0030151487884188663
0.8645583064789029,-0.0030138227098478335
0.8649336348954035,-0.0030115225669294166
0.8653084589673551,-0.0030082972143076958
0.8656835673672411,-0.003004331276461071
0.8660590945026146,-0.0029997079162533856
0.8664343591445307,-0.0029944379596174805
0.8668091806785734,-0.0029885938907565656
0.8671843367633547,-0.0029823085525707916
0.8675598805614376,-0.0029756220764515103
0.8679350787317616,-0.0029685867154100104
0.8683099060155505,-0.0029612772437946832
0.8686851104204725,-0.0029537396898351403
0.8690606636103309,-0.002946010311375968
0.8694357947703427,-0.002938177936755055
0.8698106353702655,-0.0029302917414703793
0.8701858879668316,-0.0029223314396286575
0.8705614424951975,-0.0029143290642609757
0.8709365083036628,-0.0029064171514368528
0.8713113690705238,-0.002898599974108155
0.8716866689803243,-0.00289080527422033
0.8720622160109076,-0.0028830751712271467
0.872437220306871,-0.0028755822050351024
0.8728121073736531,-0.00286827325915526
0.8731874529611896,-0.0028610411697841632
0.8735629828689409,-0.0028539502205327237
0.8739379316901305,-0.002847203378774606
0.8743128504658408,-0.0028406846804709296
0.8746882393350985,-0.002834268763836177
0.8750637417467302,-0.0028280509928682077
0.8754386432967838,-0.0028222505848698462
0.8758135984662226,-0.002816690117697528
0.8761890274653257,-0.002811240621825651
0.8765644916306462,-0.002806034058460707
0.8769393559039985,-0.0028012892600909954
0.8773143514381059,-0.0027967744696036495
0.8776898166765628,-0.002792368807758445
0.8780652324837362,-0.0027882430485827014
0.8784400702286015,-0.002784598979530468
0.878815109409794,-0.0027811615164851622
0.8791906062928339,-0.002777826563451477
0.8795659653638345,-0.0027748028747839808
0.8799407869406427,-0.0027722607752113594
0.8803158724074349,-0.002769894544456877
0.8806913956915546,-0.002767622848526404
0.8810666915350838,-0.002765689073469412
0.881441506683656,-0.0027642076346362917
0.8818166404076416,-0.002762886388223479
0.8821921839471774,-0.002761662581100702
0.8825674124271689,-0.0027608252313852696
0.8829422299202205,-0.002760395410787224
0.883317412656878,-0.00276006489584567
0.8836929690638052,-0.0027598333260483157
0.884068129404362,-0.002760002320556315
0.8844429569839883,-0.0027605354743851693
0.884818188706924,-0.0027611434326013074
0.8851937499700352,-0.002761854158031861
0.8855688434288048,-0.0027629728832713396
0.8859436882522538,-0.0027644100911830365
0.8863189684189865,-0.002765901657171907
0.8866945260633353,-0.0027675029160582833
0.8870695553704776,-0.0027695145194674047
0.8874444241358037,-0.002771796948751691
0.8878197515583811,-0.002774117696355868
0.8881952962775649,-0.0027765573398077386
0.8885702662178163,-0.0027794010985695452
0.8889451649093852,-0.0027824691823936007
0.8893205377222452,-0.0027855648598897084
0.8896960596042072,-0.0027887892291564393
0.8900709768650891,-0.0027924036071281205
0.8904459109107106,-0.002796206514131583
0.8908213265547252,-0.002800027237722275
0.8911968138308308,-0.002804007941402065
0.891571688234032,-0.0028083501676094804
0.8919466619088725,-0.002812818513668275
0.8923221163690445,-0.0028173116117706535
0.8926975583587232,-0.002821973614437217
0.8930724010967521,-0.0028269548932564614
0.893447417674299,-0.0028320349254109005
0.8938229062808748,-0.0028371434811909737
0.8941982945592223,-0.0028424226823336807
0.894573116060108,-0.0028479745540956644
0.8949481783167375,-0.0028536014499107557
0.8953236959550805,-0.0028592596833686753
0.8956990234304595,-0.002865080893193788
0.8960738337720106,-0.0028711242328175214
0.896448944183612,-0.002877220865642976
0.8968244855121187,-0.0028833433183713822
0.8971997459460722,-0.0028896420071928973
0.8975745549298436,-0.0028960964834928403
0.8979497151364619,-0.002902579083635093
0.8983252729536679,-0.0029090916373957143
0.898700464035022,-0.0029157207939377264
0.899075279746538,-0.00292244320690133
0.8994504896696247,-0.0029291725030332616
0.8998260559346575,-0.0029359146479020107
0.9002011787478187,-0.002942717157707033
0.9005760086550274,-0.0029495449212203436
0.9009512682104286,-0.002956349931080762
0.9013268351152163,-0.002963134987277998
0.9017018906787423,-0.0029699034653669397
0.9020767424487678,-0.002976581839924647
0.902452051373621,-0.0029832339413464115
0.902827609879715,-0.0029898051916767304
0.9032026011379999,-0.002996247422039585
0.9035774808286423,-0.003002540086765031
0.903952836487255,-0.0030086957551167582
0.9043283757088811,-0.0030146815788712747
0.9047033112317936,-0.0030203937577465076
0.905078223998652,-0.0030258431517360767
0.9054536241752456,-0.0030310565867709494
0.9058291343676576,-0.003035967715755108
0.9062040214722237,-0.0030402319585229693
0.9065789729138161,-0.0030442142410523117
0.9069544147109775,-0.0030478028049582924
0.9073298830775357,-0.0030508807549292326
0.9077047329379763,-0.0030532865413550924
0.9080797263332625,-0.0030550971710071595
0.9084552047495219,-0.0030563379471444424
0.9088306228237665,-0.0030568619906369138
0.9092054462462228,-0.0030565056913357007
0.9095804852321421,-0.0030553898809252346
0.9099559965183189,-0.003053010733454216
0.9103313539353172,-0.003050004662497578
0.9107061621312892,-0.00304595866509292
0.9110812492239895,-0.003041053454763367
0.9114567863904594,-0.0030353387379143666
0.911832079161803,-0.003028688366495499
0.9122068810260123,-0.0030210970850906797
0.912582017622532,-0.0030128182321814455
0.9129575752089933,-0.0030036091783539744
0.9133327984361664,-0.002993725986908177
0.9137076037832216,-0.002983357541361703
0.9140827913684115,-0.0029728324694793984
0.9144583610855898,-0.002962339380546779
0.91483351404713,-0.0029519849505340446
0.9152083303383244,-0.002942039193575456
0.9155835684649843,-0.0029328410513713406
0.9159591430702205,-0.0029250433125786695
0.916334226242091,-0.0029177843220757256
0.9167090617532566,-0.002912183238420233
0.9170843503680801,-0.0029085421242213477
0.9174599198461775,-0.00290703676188533
0.9178349368168902,-0.0029076409772896793
0.918209797478522,-0.002909697481074703
0.9185851347619004,-0.0029116751566460645
0.9189606906277392,-0.0029127626078603677
0.9193356461137135,-0.002910654134935898
0.9197105387267521,-0.002913415569491882
0.9200859225457629,-0.0029447570928054236
0.9204614524722173,-0.003058171636930172
0.9208363556077742,-0.0033434646146251164
0.9212112846676711,-0.003904251337989264
0.9215867125276932,-0.004839947606894057
0.9219622058957634,-0.005714599795555801
0.9223370657225092,-0.005482338018989033
0.9227120361388915,-0.001730914980387831
0.9230875030253345,0.009224415180170142
0.9234629495704583,-0.0022471448786745667
0.9238377774887424,-0.00227336676107687
0.9242127928117723,-0.0022718846325302283
0.9245882952887291,-0.0022709046557783754
0.9249636839002622,-0.002269765043543704
0.9253384915415654,-0.0022684831328631215
0.9257135549441837,-0.0022670349493909784
0.9260890871650557,-0.0022654220809394656
0.9264644111526172,-0.00226366234983885
0.9268392085092997,-0.0022617763293052394
0.9272143215804766,-0.002259775530837628
0.927589876606297,-0.002257687364538703
0.927965132807838,-0.002255546208850189
0.9283399288450371,-0.0022533797772209293
0.9287150927871204,-0.0022512034299910126
0.929090664031366,-0.0022490432087370425
0.9294658493915416,-0.0022469310484501412
0.9298406532433638,-0.0022448842799173206
0.9302158690532929,-0.0022429128900236473
0.9305914488652159,-0.002241034127282282
0.9309665622308723,-0.0022392714695153846
0.9313413821308246,-0.002237629109871951
0.9317166496420727,-0.0022361090325729023
0.932092229249397,-0.002234718531306691
0.9324672726327665,-0.0022334726393720074
0.9328421157775817,-0.0022323635193435202
0.9332174338169795,-0.002231386790461113
0.9335930034673389,-0.0022305423118303617
0.9339679816892622,-0.00222983943777522
0.9343428543670362,-0.0022292617300005064
0.9347182208655662,-0.0022288017629480193
0.9350937696177162,-0.002228455449210214
0.9354686903448135,-0.0022282297770939326
0.9358435980265895,-0.0022281031136904637
0.9362190100960028,-0.0022280679672411403
0.9365945269700631,-0.0022281195969168933
0.936969399443855,-0.002228263751942461
0.9373443468591598,-0.0022284777176194127
0.9377198009203256,-0.0022287549119172786
0.938095274385719,-0.0022290915817009555
0.9384701097522032,-0.0022294929375198283
0.9388451010858297,-0.0022299371553778993
0.9392205929445666,-0.0022304195419896116
0.9395960129511466,-0.0022309389071360013
0.9399708220389511,-0.0022314987212423178
0.9403458606883393,-0.002232079805747383
0.9407213852360775,-0.002232679073868447
0.9410967431254111,-0.002233298203142962
0.9414715370085842,-0.0022339383871122654
0.9418466255145829,-0.0022345836815923343
0.9422221767668223,-0.0022352322723397937
0.9425974664989633,-0.0022358884966740817
0.9429722552739128,-0.0022365512738550244
0.9433473953426087,-0.0022372075539301524
0.9437229664553033,-0.0022378566871685355
0.944098184481386,-0.002238505273021398
0.9444729773654573,-0.0022391498363892827
0.9448481698817615,-0.0022397800236272102
0.9452237531645129,-0.0022403960807000204
0.9455988983051345,-0.0022410065497415047
0.9459737037374747,-0.002241605444899815
0.9463489487732313,-0.0022421849329286717
0.9467245356950387,-0.002242745961095334
0.9470996091248983,-0.002243298618895208
0.9474744347717924,-0.0022438344816764935
0.9478497315917463,-0.002244348001918192
0.9482253127887016,-0.002244840687435354
0.9486003180212794,-0.0022453238425460854
0.9489751707827789,-0.0022457867260392557
0.9493505178537577,-0.00224622585019283
0.9497260831415298,-0.002246643164038445
0.9501010260038467,-0.0022470509571061513
0.9504759120256295,-0.0022474362775658807
0.950851307032798,-0.002247797501809556
0.9512268454278987,-0.0022481369920686525
0.9516017340158504,-0.0022484676512916995
0.9519766587101613,-0.0022487746221074075
0.9523520985817604,-0.0022490575570239127
0.9527275979663277,-0.0022493204334135953
0.953102442950543,-0.0022495747288065466
0.9534774109050572,-0.002249804912952937
0.9538528915398274,-0.002250012333739031
0.9542283398946871,-0.0022502018262868357
0.9546031536425058,-0.0022503821397805127
0.9549781684175114,-0.0022505392865767044
0.9553536847544399,-0.0022506748854335254
0.9557290731768037,-0.0022507950725854722
0.9561038667793009,-0.0022509056187770553
0.9564789311013457,-0.002250994211969271
0.9568544772480433,-0.0022510626287088375
0.9572297991765939,-0.00225111823844837
0.9576045829669178,-0.0022511638642636026
0.9579796987955553,-0.002251188850526232
0.9583552680962069,-0.0022511950864905757
0.9587305191402834,-0.002251191103211809
0.9591053027654937,-0.0022511768212036434
0.9594804713792404,-0.0022511432322041393
0.9598560565152326,-0.0022510923031296886
0.9602312342116255,-0.0022510336614587896
0.9606060267343375,-0.002250964365005422
0.9609812488139584,-0.002250877039471615
0.9613568418102002,-0.0022507737265487033
0.9617319455379312,-0.0022506650921166366
0.962106755385978,-0.0022505453297361404
0.9624820308452959,-0.0022504085020477083
0.962857622778161,-0.0022502569392956477
0.963232654373952,-0.00225010315716067
0.9636074890368759,-0.0022499369179002906
0.9639828165199256,-0.0022497551273068473
0.9643583970080466,-0.0022495599103087645
0.9647333620005902,-0.0022493640980920148
0.9651082277354809,-0.0022491555389526747
0.965483604894432,-0.0022489325160209247
0.9658591628077715,-0.002248697492079546
0.9662340693252355,-0.002248463065390437
0.966608971650901,-0.0022482157519768493
0.9669843954445442,-0.0022479549991768866
0.9673599191838003,-0.002247683748082946
0.9677347771638958,-0.0022474139411521195
0.9681097210089435,-0.0022471312704688755
0.9684851878412027,-0.0022468361699305496
0.9688606657514728,-0.002246532157318117
0.9692354863151682,-0.002246230249617895
0.969610476180441,-0.0022459156680264603
0.9699859820726192,-0.0022455893778831194
0.9703614025777343,-0.0022452572228823277
0.9707361976244226,-0.002244925953923973
0.9711112370797711,-0.0022445830161545387
0.9714867761918258,-0.002244229943570092
0.9718621312186624,-0.00224387328318458
0.9722369118048503,-0.002243517226439446
0.9726120027226632,-0.002243150749353426
0.9729875683085197,-0.0022427755993354847
0.9733628534103089,-0.002242399510415485
0.9737376293791875,-0.00224202407224375
0.974112773366322,-0.002241639847172487
0.9744883585976809,-0.0022412488251500233
0.9748635698728269,-0.0022408599432384374
0.9752383510560074,-0.002240472245058917
0.9756135497095199,-0.0022400776975606555
0.9759891472311084,-0.002239678898608578
0.9763642818824657,-0.00223928668313448
0.9767390772487236,-0.0022388960840395403
0.9771143299773436,-0.0022385020262418996
0.977489929816624,-0.002238107117861603
0.9778649913951433,-0.0022377230845961704
0.9782398080285862,-0.002237343022304395
0.9786151137064657,-0.0022369636657478768
0.9789907064578507,-0.002236588078635938
0.9793656988582582,-0.0022362289276300798
0.979740544261342,-0.0022358773722911313
0.9801159021580408,-0.0022355322508308857
0.9804914778010851,-0.0022351971749265567
0.9808664053343824,-0.002234886436156759
0.981241285804051,-0.002234588562728178
0.9816166923764631,-0.002234304820295937
0.9819922383338097,-0.0022340399481255028
0.9823671122135527,-0.0022338081094806814
0.9827420326226656,-0.0022335979418949673
0.9831174848687962,-0.0022334123183007943
0.9834929899465199,-0.0022332571267267946
0.9838678199115732,-0.0022331475167736924
0.9842427854699648,-0.0022330713081522304
0.9846182792814,-0.0022330334552530247
0.9849937304088051,-0.0022330422003454947
0.9853685296417165,-0.002233109541006391
0.9857435437945666,-0.0022332262462670355
0.9861190736782908,-0.002233398066142654
0.9864944631205205,-0.0022336346105564318
0.9868692416239893,-0.002233946305214099
0.9872443066944159,-0.0022343258408637555
0.9876198669427515,-0.0022347784448583674
0.9879951860021636,-0.002235314956694617
0.9883699578034069,-0.0022359406959622866
0.9887450780818892,-0.00223664860917364
0.9891206619756726,-0.0022374427340871995
0.9894959066474617,-0.0022383324584052027
0.9898706751896592,-0.0022393177243105237
0.9902458465673709,-0.0022403897864724594
0.9906214453414289,-0.0022415479413648957
0.9909966161926975,-0.002242797331133566
0.9913714035481301,-0.002244128057529613
0.9917466375131305,-0.0022455260167165065
0.9921222446222103,-0.0022469834301201523
0.992497332063172,-0.0022484987748228984
0.9928721208191235,-0.0022500517527584783
0.9932473951453971,-0.002251621104850632
0.9936229983636821,-0.0022531907245815423
0.9939980316476849,-0.00225475282475143
0.9943728802814084,-0.0022562756277323347
0.9947482337797745,-0.0022577265332217795
0.995123821179642,-0.0022590604631955178
0.9954987402884954,-0.00226020472110024
0.9958735546013312,-0.0022609880034585713
0.9962489204392516,-0.0022611587116595586
0.9966245201531131,-0.0022603988445150693
0.9969995141930437,-0.0022584484636314164
0.9973744869119713,-0.002255558284377365
0.9977498402617982,-0.002246372916294176
0.998125,-0.003001869864319938
