0.28712499999999996,-0.0014879295630140222
0.287875737457479,-2.9549349318592E-4
0.2886261268923714,4.767098737512216E-4
0.289377861275559,9.505744641579515E-4
0.29012835096120204,0.0012751937587395824
0.29087777985498803,0.0015011399692099903
0.2916291891474932,0.0016534666036250427
0.29238130320393024,0.0017523292053743197
0.2931308685714827,0.0018125580834672463
0.2938809923265699,0.001844354020107843
0.294632989155787,0.0018546753266792551
0.29538378501440676,0.0018482122003120071
0.2961331822806224,0.0018283448322384066
0.29688444676380427,0.001797991852907257
0.29763651243661293,0.0017597414664074665
0.29838607681648155,0.0017155263146439643
0.2991361806553541,0.0016667363010598466
0.299888230359833,0.0016147056517840544
0.30063912629413136,0.0015607655485823796
0.3013884706293729,0.001505742191350053
0.30213966531971853,0.001450105459507882
0.3028917634158638,0.0013945580909686633
0.3036413500282835,0.0013397954419342455
0.3043914014565058,0.0012859756534380875
0.30514345783236113,0.001233226638722489
0.3058944350020514,0.0011820388297531796
0.3066437362767891,0.0011326326647760753
0.30739487952969036,0.0010848123527932468
0.3081470245366153,0.0010387406236434886
0.3088966399635925,9.947733520124361E-4
0.30964663027045114,9.52696470901569E-4
0.3103986807279469,9.123005324386849E-4
0.3111497368911276,8.739280500088683E-4
0.31189899911906555,8.376505845452709E-4
0.3126500935176157,8.030006540694833E-4
0.3134022864169686,7.700066725472006E-4
0.31415193434219707,7.390920371674967E-4
0.3149018615410279,7.099340446138099E-4
0.3156539015539201,6.821078773294506E-4
0.3164050378354869,6.559524850269926E-4
0.3171542632291408,6.316918206055784E-4
0.3179053064446399,6.087616720362764E-4
0.3186575446173824,5.869990765739171E-4
0.31940723048970443,5.66901791776372E-4
0.3201570937590246,5.483265545102546E-4
0.320909120109761,5.307685629422125E-4
0.3216603387322844,5.14375890409467E-4
0.32240952928865974,4.9947132427411E-4
0.32316051882468294,4.857120530095344E-4
0.32391279982239396,4.7285339094603224E-4
0.3246625282248581,4.611739589830691E-4
0.32541232751361404,4.506351205975395E-4
0.3261643380411891,4.41022510229905E-4
0.3269156391959364,4.323747239328237E-4
0.3276647981185637,4.2472951586213967E-4
0.3284157319824104,4.178999893722559E-4
0.3291680521965307,4.1199856734898323E-4
0.3299178275234994,4.0713116858009447E-4
0.33066756233760325,4.0289415213657915E-4
0.3314195534938051,3.993362650703049E-4
0.3321709392918289,3.968957755227595E-4
0.33292006866200335,3.953213933231298E-4
0.33367094414075144,3.9402436296500195E-4
0.3344233007492401,3.9351134692579645E-4
0.3351731283884626,3.942938250092525E-4
0.335922798784684,3.955220943624897E-4
0.3366747679063235,3.9687039421900034E-4
0.3374262385685772,3.993032887105636E-4
0.3381753415935448,4.02917537224066E-4
0.33892615715547486,4.0653281661333986E-4
0.33967854818382925,4.103468374842632E-4
0.34042843082504526,4.155136182462887E-4
0.3411780363798675,4.214072096498578E-4
0.3419299800970205,4.2699946845026237E-4
0.3426815368129712,4.3302658129575875E-4
0.34343061688205495,4.402922440963536E-4
0.34418137036122143,4.4768247873002397E-4
0.3449337911831104,4.5458809188043855E-4
0.3456837347076817,4.6200916368443546E-4
0.34643327590446127,4.7000901736069466E-4
0.3471851918293643,4.7744028041381146E-4
0.3479368339549103,4.840941605341071E-4
0.34868589430920854,4.906313786431316E-4
0.3494365837870908,4.96513024872997E-4
0.350189032055508,5.007268621055737E-4
0.35093904002525406,5.030893971689279E-4
0.3516885175110173,5.033675968001118E-4
0.35244040195843784,5.00700747166509E-4
0.3531921298715546,4.93953672159058E-4
0.35394117378258083,4.8209068583584E-4
0.35469179790561695,4.637764823132092E-4
0.35544427079449337,4.375242628126458E-4
0.35619434665407046,4.0107431404717473E-4
0.35694376048774756,3.5109544943833285E-4
0.3576956107308021,2.840582474771162E-4
0.3584474240720826,1.9498800485892153E-4
0.35919645577542725,7.410295195975677E-5
0.35994701199868995,-9.68163550739457E-5
0.36069950576167265,-3.425643165309076E-4
0.3614496544925403,-6.567854705579471E-4
0.36219900519808834,-9.162991245179695E-4
0.3629508185875551,-9.499352075491189E-4
0.363702716229561,-7.709321617475371E-4
0.3644517397340021,-5.151211100219833E-4
0.36520222664310115,-2.719359232150626E-4
0.36595473918628635,-7.051321935215332E-5
0.3667049634555006,8.723221524086229E-5
0.36745425218143496,2.0639337294645996E-4
0.36820602439585315,2.931607297246282E-4
0.3689580066937417,3.546597993600725E-4
0.3697070261747824,3.971350241040587E-4
0.3704574425758665,4.238608948934843E-4
0.37120996955432317,4.375382401427452E-4
0.3719602734436596,4.416003277164591E-4
0.37270950105404377,4.3832383100085115E-4
0.3734612303711102,4.2863474199550324E-4
0.3742132945547779,4.139679524884587E-4
0.3749623147457399,3.9618298732878646E-4
0.3757126585264321,3.75906727323972E-4
0.37646519607708606,3.535585187795806E-4
0.37721558441052216,3.3015545110912873E-4
0.3779647516313768,3.063114544228263E-4
0.37871643479565714,2.8214929319798877E-4
0.37946857993354527,2.580766500635681E-4
0.380217605616933,2.346210294428042E-4
0.38096787580833524,2.1163887516586095E-4
0.3817204212862263,1.893447378828244E-4
0.38247089606197515,1.682049021753756E-4
0.383220004897099,1.4804008323914547E-4
0.3839716394945543,1.2863499957038472E-4
0.3847238621344201,1.104540536497066E-4
0.3854728988250273,9.373080433041981E-5
0.38622309451568826,7.780727503278555E-5
0.3869756440925803,6.277551539811491E-5
0.38772620843123534,4.927132997894678E-5
0.388475259857407,3.696328497111011E-5
0.38922684213749725,2.525294488422452E-5
0.3899791413595627,1.4594421879677002E-5
0.39072819403763015,5.458867503465426E-6
0.39147831358437973,-2.918921109261254E-6
0.3922308640073018,-1.076906976535932E-5
0.3929815212731497,-1.7394216468915658E-5
0.39373051743547255,-2.285080704724411E-5
0.3944820454065611,-2.7857948275542956E-5
0.39523441741809723,-3.224431437431001E-5
0.3959834915894972,-3.5399764607184775E-5
0.3967335343502597,-3.7829574173089946E-5
0.39748608174479366,-3.9915858194894624E-5
0.3982368345847172,-4.120055900618425E-5
0.39898577686029685,-4.1532162901300096E-5
0.3997372469586642,-4.143069277734633E-5
0.4004896892523731,-4.0910092404308E-5
0.4012387911572331,-3.9530245375428414E-5
0.4019887558321786,-3.75618890206332E-5
0.4027412969259017,-3.525470831697398E-5
0.40349214803442507,-3.23455333650137E-5
0.4042410390511598,-2.8774045729032207E-5
0.40499244932375517,-2.4843322355792212E-5
0.4057449584163968,-2.0496905896187032E-5
0.4064940929701984,-1.5463948153156964E-5
0.4072439793724203,-1.0060039833108148E-5
0.40799651051566616,-4.350903676840983E-6
0.4087474615857603,1.9539407318642198E-6
0.40949630328473025,8.787247447176189E-6
0.410247650250769,1.581161134598344E-5
0.4110002227107408,2.323072652594366E-5
0.4117493967891176,3.133342254539736E-5
0.412499203997697,3.9692783694646354E-5
0.41325172142351024,4.820542863179385E-5
0.41400277508162403,5.72786245988661E-5
0.414751570104919,6.686811289870849E-5
0.41550285223003947,7.650807830889667E-5
0.416255484190757,8.635368487896804E-5
0.41700470262242234,9.679669541053006E-5
0.4177544297414521,1.0740875570127414E-4
0.4185069306587899,1.1792214703462592E-4
0.41925808806334636,1.286760371007644E-4
0.4200068395666619,1.3970544634115862E-4
0.42075805332257654,1.504699316583123E-4
0.4215107406997629,1.6089631238630817E-4
0.42226001045319167,1.712715959468608E-4
0.4230096576388264,1.811538597420247E-4
0.4237621377610638,1.90066675623929E-4
0.4245134007756269,1.9799274313792248E-4
0.4252621112080474,2.0474067771382367E-4
0.42601325423862363,2.0952214470655435E-4
0.42676599429663625,2.1178452572524656E-4
0.4275153201993909,2.111808451584068E-4
0.42826488736499363,2.0668624472860222E-4
0.42901734211872555,1.9707546968069915E-4
0.42976871294387614,1.8125366794627458E-4
0.4305173855934955,1.576781268184387E-4
0.43126845593979296,1.239673050996672E-4
0.4320212438782164,7.739140872860798E-5
0.4327706317817326,1.45229532060009E-5
0.4335201186641729,-6.978004708881946E-5
0.43427254540996185,-1.8119078608974564E-4
0.4350240239784066,-3.2195708701374494E-4
0.43577266230588046,-4.8243369749485044E-4
0.43652365749324396,-6.322062321401325E-4
0.43727649126788026,-7.254651710276777E-4
0.4380259451676721,-7.285297552363653E-4
0.43877535167105325,-6.444190362465158E-4
0.439527747458886,-5.063439637553631E-4
0.4402793340520947,-3.5233181438709297E-4
0.44102794180009175,-2.0840074893734698E-4
0.44177885953397733,-8.668969394840476E-5
0.4425317326379259,1.0369146472191386E-5
0.4432812602198357,8.494694836210911E-5
0.44403058721837435,1.4005873083663078E-4
0.44478294790625356,1.7892683993799284E-4
0.44553464285487493,2.0489924498279737E-4
0.44628322373592166,2.2067886740781534E-4
0.4470340621009844,2.279517981617429E-4
0.4477869718018871,2.284432680959634E-4
0.4485365769021867,2.2398286952877592E-4
0.44928582426699465,2.155819800217235E-4
0.45003814574530754,2.039217162200381E-4
0.4507899503263251,1.8998629481754522E-4
0.4515385083051226,1.7470106018954942E-4
0.4522892655921887,1.583072035780155E-4
0.4530422084623876,1.4112639318094284E-4
0.45379189499789807,1.2380159817523066E-4
0.4545410640228272,1.0659478082412041E-4
0.45529334338108113,8.952876359003441E-5
0.45604525568290377,7.283017423587422E-5
0.45679379556580485,5.682217807847509E-5
0.45754446954233124,4.146018300950398E-5
0.45829744055817956,2.67569974261611E-5
0.4590472146323944,1.2925034075425477E-5
0.4597963053447427,-6.489510080397998E-8
0.46054853834642917,-1.2249919821929565E-5
0.461300559557855,-2.3558017362119894E-5
0.462049085219756,-3.392054206218587E-5
0.4627996735321702,-4.3524758832435756E-5
0.4635526687995236,-5.230958127421396E-5
0.46430253553378187,-6.0137071564063944E-5
0.465051549313963,-6.719443017860321E-5
0.4658037330474388,-7.35834348152334E-5
0.4665558607758919,-7.914189712316613E-5
0.46730437764803096,-8.383793503041002E-5
0.46805487900725157,-8.798630477695017E-5
0.46880789436052317,-9.15429194779015E-5
0.4695578576049764,-9.424879505319304E-5
0.4703067956706182,-9.631267658250466E-5
0.4710589269678373,-9.795639300336476E-5
0.47181115914834065,-9.900778664818273E-5
0.47255967277746724,-9.928737903131569E-5
0.47331008611748715,-9.913925926255729E-5
0.4740631176575819,-9.863719400715418E-5
0.474813180654495,-9.749217820938309E-5
0.47556204450308087,-9.577007109691912E-5
0.47631411938021684,-9.37403618947564E-5
0.4770664552655596,-9.134137865880744E-5
0.4778149703099754,-8.83226867854562E-5
0.4785652932177566,-8.490634430330245E-5
0.4793183361604314,-8.12320517746516E-5
0.48006850479061247,-7.711133778638728E-5
0.48081729561096803,-7.25120320045832E-5
0.4815693110507915,-6.76069178589805E-5
0.48232174780634707,-6.241759004065418E-5
0.48307027055385093,-5.6771564570231754E-5
0.4838205025752099,-5.078544626557244E-5
0.484573553179003,-4.45269306924704E-5
0.48532382956319936,-3.7899720512952264E-5
0.4860725493929302,-3.0933867595255306E-5
0.48682450172176994,-2.3694267434272018E-5
0.48757703722172574,-1.616026946888324E-5
0.48832557327637116,-8.249443874764481E-6
0.4890757126383106,-1.4145453431194007E-7
0.4898287660377481,8.202688123172769E-6
0.49057915510276506,1.6892797760686138E-5
0.49132780597283343,2.5799930168879185E-5
0.49207969277220187,3.478919636668232E-5
0.49283232292988316,4.3970793083752704E-5
0.493580878485557,5.341235037324073E-5
0.4943309238444164,6.279732734237158E-5
0.4950839765986914,7.207474778393722E-5
0.4958344808461031,8.140469225484902E-5
0.49658306515011563,9.058164429792002E-5
0.49733488222689387,9.926322555027189E-5
0.4980876045590315,1.0740533242336597E-4
0.498836186226518,1.1504109233401631E-4
0.4995861373963922,1.2163486136242608E-4
0.500339184948172,1.2677896383523176E-4
0.5010898072051012,1.3031435587501771E-4
0.5018383266903338,1.3177835045725543E-4
0.5025900713454953,1.3031504281411222E-4
0.5033428815824789,1.2518205725277524E-4
0.504091496412865,1.1570265920458043E-4
0.5048413518593461,1.0054010621667315E-4
0.5055943894205064,7.808639513843912E-5
0.5063451335192221,4.6624340417787776E-5
0.507093591321188,3.9489504287470805E-6
0.5078452603248643,-5.2707788063577986E-5
0.5085981543371458,-1.257894131174157E-4
0.5093468089855577,-2.157583227457569E-4
0.5100965684287759,-3.186063543953274E-4
0.5108495923462176,-4.2235320326617585E-4
0.5116004600575342,-5.072048206351118E-4
0.512348858598311,-5.52187503069933E-4
0.5131004495235081,-5.452375378729395E-4
0.5138534225671112,-4.892627098581557E-4
0.5146021238811975,-3.995498371016875E-4
0.5153517868796408,-2.9574470918548987E-4
0.5161047911801644,-1.9393912078877437E-4
0.5168557862620798,-1.0365722848871645E-4
0.5176041290207741,-2.8812380356287415E-5
0.5183556389219589,3.009256741238123E-5
0.5191086855949026,7.451477799290356E-5
0.5198574410960345,1.0670034956831839E-4
0.5206070071321809,1.2861468965315223E-4
0.5213599887987784,1.4210547193238999E-4
0.5221111120375034,1.4892638112829284E-4
0.5228594020589762,1.5047487573238865E-4
0.5236108276379585,1.4775090870161017E-4
0.5243639441461954,1.4170471487444787E-4
0.5251127604612555,1.3329159438915127E-4
0.5258622300611726,1.2299919310673735E-4
0.5266151852267553,1.1134171983246655E-4
0.5273664368912,9.885632530491315E-5
0.528114678138058,8.592067038900913E-5
0.528866016683002,7.265457483451353E-5
0.5296191972032018,5.932819375393115E-5
0.5303680820640423,4.6300126818536765E-5
0.5311174541277606,3.355601570262217E-5
0.5318703773062398,2.115397055433877E-5
0.5326217614884082,9.297904112789944E-6
0.5333699569838855,-1.899719986536487E-6
0.5341212059786097,-1.2557302976555765E-5
0.5348744464469282,-2.2628295344420416E-5
0.5356234056499007,-3.190199174503529E-5
0.5363726811148061,-4.051667189810393E-5
0.5371255692618625,-4.854035103506516E-5
0.537877084345726,-5.588129873785234E-5
0.5386252390555848,-6.247011745788225E-5
0.5393763964278864,-6.847477764028675E-5
0.5401296918454145,-7.39099231100413E-5
0.5408787311887033,-7.860090139491239E-5
0.5416279102418183,-8.269943007301518E-5
0.5423807584826218,-8.63093884449955E-5
0.5431324062819627,-8.938868996712039E-5
0.5438805239162425,-9.183851053939288E-5
0.5446315866258326,-9.381146089326335E-5
0.54538493142038,-9.534690783756324E-5
0.5461340587423623,-9.632770451155738E-5
0.5468831413642041,-9.685844912086127E-5
0.5476359452097357,-9.699779961411107E-5
0.5483877267812588,-9.671257147473729E-5
0.5491358118481297,-9.595623780188429E-5
0.5498867782881351,-9.485430205076191E-5
0.5506401685222746,-9.34234220151451E-5
0.5513893878214875,-9.154072847468426E-5
0.5521383757741388,-8.933459096301746E-5
0.5528911319918407,-8.682691745043561E-5
0.5536430449663687,-8.398788679461915E-5
0.5543911027676619,-8.075543509057317E-5
0.5551419700624062,-7.727712617259604E-5
0.555895399482297,-7.353322137831583E-5
0.5566447188754099,-6.940767151359246E-5
0.5573936118675001,-6.501455916402485E-5
0.5581463153330262,-6.039522321738761E-5
0.5588983615362215,-5.549331383028902E-5
0.5596463967052975,-5.02436011967182E-5
0.5603971633912974,-4.479277186411301E-5
0.5611506277511272,-3.9139565887702494E-5
0.5619000512779583,-3.3144196545309236E-5
0.5626488510692202,-2.692033499949948E-5
0.5634014982109707,-2.0517816199393117E-5
0.5641536754720815,-1.3905879693665737E-5
0.5649016936126694,-6.993637608055259E-6
0.5656523571861877,5.7379849410671785E-8
0.5664058507144519,7.223943115439256E-6
0.567155385181324,1.4616347215075158E-5
0.5679040933179342,2.2127010977154102E-5
0.5686566805034075,2.9674145013391558E-5
0.5694089870386586,3.722706477853905E-5
0.5701569934601807,4.483832670994377E-5
0.57090755206268,5.23017481071443E-5
0.5716610707855473,5.952158399656778E-5
0.5724107201278409,6.648771520626424E-5
0.573159338016872,7.299653373488354E-5
0.5739118603430897,7.883288236527996E-5
0.574664295881735,8.378588851909585E-5
0.5754122963567477,8.766781097730824E-5
0.5761627492904968,9.001833353887576E-5
0.5769162872101706,9.041130337283827E-5
0.577666056631755,8.842034854584954E-5
0.5784145853461102,8.330781853175756E-5
0.5791670402325684,7.424931760174132E-5
0.5799196007997306,6.0242656120613925E-5
0.5806676021916886,4.015047331805811E-5
0.5814179469360294,1.2349864033380643E-5
0.5821714997562422,-2.476905083534142E-5
0.5829213938800949,-7.263645325105671E-5
0.5836698358499003,-1.319894404968763E-4
0.5844222186746585,-2.013912077893068E-4
0.5851749026509457,-2.7557786645303274E-4
0.5859229109711427,-3.4465730597428015E-4
0.5866731467842141,-3.960284224352713E-4
0.5874267084621383,-4.1856594442624394E-4
0.5881767318020444,-4.0745402763153423E-4
0.5889250893753443,-3.659764443569117E-4
0.5896773953700527,-3.0329521712490587E-4
0.5904302005853823,-2.307151467050834E-4
0.5911782226457675,-1.5808126624616657E-4
0.5919283480496167,-9.225902513899131E-5
0.5926819134187417,-3.663458472424926E-5
0.593432070879208,7.968596064364163E-6
0.5941803458887661,4.2097342558071834E-5
0.5949325725846517,6.697483556438602E-5
0.5956854941481158,8.404174474639637E-5
0.5964335371698616,9.479557598101092E-5
0.5971835509572901,1.003336871282536E-4
0.5979371154412825,1.0171690706255144E-4
0.5986874099183156,9.988087195967748E-5
0.5994356057667714,9.550831973934097E-5
0.60018774923158,8.916032723260662E-5
0.6009407831732064,8.134641722714429E-5
0.6016888545435121,7.261350418423309E-5
0.6024387551831526,6.318966998070909E-5
0.6031923126829718,5.3327174913424374E-5
0.6039427498182961,4.325987984149447E-5
0.6046908685351583,3.3162000404523236E-5
0.6054429256064968,2.322230776504635E-5
0.606196067329933,1.3495887736260413E-5
0.6069441746153464,4.114693445010563E-6
0.6076939625667205,-4.9268444563281815E-6
0.6084475092180783,-1.3489687554025894E-5
0.6091980892116392,-2.1585106942570136E-5
0.6099461348094117,-2.921672178187898E-5
0.610698102248432,-3.630745809980335E-5
0.6114513458298069,-4.287034597192345E-5
0.6121994974079726,-4.8912771870874734E-5
0.6129491714960376,-5.4499763734371536E-5
0.613702701322599,-5.9547545153946085E-5
0.6144534289920244,-6.409451542034249E-5
0.6152014040459117,-6.818296264863205E-5
0.6159532779716785,-7.172662375519112E-5
0.6167066191623604,-7.480102526553573E-5
0.6174548228509168,-7.746994112798853E-5
0.6182043827589453,-7.982418874173699E-5
0.618957891128806,-8.169673041100093E-5
0.6197087682387903,-8.31173512112537E-5
0.6204566767034658,-8.417811290081351E-5
0.6212084540708177,-8.491465982138273E-5
0.6219618870606972,-8.53122868943314E-5
0.6227101509068554,-8.528841736656106E-5
0.6234595959173799,-8.498635507535309E-5
0.6242130768294729,-8.439665738040986E-5
0.6249641075733783,-8.348791681461516E-5
0.6257119524228864,-8.225383837420792E-5
0.6264636294530969,-8.076804335526504E-5
0.6272171477463375,-7.905821488407955E-5
0.6279654814716864,-7.70012458943978E-5
0.62871481194069,-7.472068659081018E-5
0.629468261842983,-7.22201428553815E-5
0.6302194452313404,-6.94742241540979E-5
0.6309672319085939,-6.645407925816225E-5
0.6317188067499798,-6.322746170382508E-5
0.6324724046957937,-5.9831403281336856E-5
0.6332208143802703,-5.61343463160429E-5
0.6339700301685793,-5.225634239097158E-5
0.6347234425657302,-4.818661640953572E-5
0.6354747827063413,-4.392274009892218E-5
0.6362225145517636,-3.941275757005761E-5
0.6369739838800734,-3.4736781840323E-5
0.6377276554568982,-2.9918056023659562E-5
0.6384761496156788,-2.4850448196235792E-5
0.6392252512478832,-1.9635885058603135E-5
0.6399786222458077,-1.4281939146104164E-5
0.6407301183312222,-8.785123987348157E-6
0.6414778006061709,-3.118757469549662E-6
0.6422291610637082,2.6404860099467172E-6
0.6429828996663476,8.43392949603833E-6
0.6437314870760101,1.435907056367165E-5
0.6444804754699944,2.0263507696756108E-5
0.6452338002881661,2.6124247332017174E-5
0.6459854529161303,3.1869986172872336E-5
0.6467330899935199,3.7494102238804144E-5
0.6474843391502938,4.281731360780661E-5
0.6482381404342352,4.770905790164204E-5
0.6489868264420304,5.2128691350463436E-5
0.6497357019769064,5.5799227679144566E-5
0.6504889744280341,5.8497742477195285E-5
0.6512407859024358,5.993933597200488E-5
0.6519883830030614,5.983610342054793E-5
0.6527395192059772,5.767667786516255E-5
0.6534933747947663,5.28949329723524E-5
0.6542421681941655,4.493829642738209E-5
0.6549909315021478,3.289726562245068E-5
0.6557441481830011,1.5813993859773514E-5
0.6564961164518781,-7.429988352803021E-6
0.6572436793678534,-3.784459717854575E-5
0.6579946999497619,-7.624923182215711E-5
0.6587486050099017,-1.2246341028492464E-4
0.6594975116227548,-1.7438697812454849E-4
0.6602461636902804,-2.2740596188925382E-4
0.6609993188957672,-2.737868649212513E-4
0.6617514445116623,-3.045084060830601E-4
0.6624989793325403,-3.1339383170621223E-4
0.6632498814055867,-3.002457450619365E-4
0.6640038306173313,-2.688282456448948E-4
0.6647528566006612,-2.24600962645487E-4
0.6655013986670744,-1.7406064706231594E-4
0.6662544879936003,-1.2329824173710357E-4
0.66700676974373,-7.684968609561776E-5
0.6677542827948039,-3.71300444379684E-5
0.6685050652995693,-5.031378376502547E-6
0.6692590516877694,1.965114642333118E-5
0.6700082033550725,3.778376464027555E-5
0.670756637422011,5.02667683598584E-5
0.6715096572509586,5.811239189074468E-5
0.672262093087603,6.215138461415757E-5
0.6730095885025605,6.324642259266733E-5
0.6737602456358633,6.192772202159455E-5
0.6745142610202801,5.8702463392207576E-5
0.6752635506960911,5.405579823027655E-5
0.6760118871799333,4.833359860561523E-5
0.6767648399979024,4.191526793497836E-5
0.6775174241707616,3.5056949313608745E-5
0.6782648900675062,2.7970241379013377E-5
0.6790153995410765,2.0562095751561726E-5
0.6797694328190347,1.3044567508445908E-5
0.6805188910195273,5.8704705481935405E-6
0.681267182050583,-1.12147122576321E-6
0.6820200980867761,-8.125078947550792E-6
0.6827728083346827,-1.482182442903506E-5
0.6835201610266566,-2.085884147376903E-5
0.6842704238524634,-2.6730980267304476E-5
0.6850244465706453,-3.248669610544939E-5
0.6857742097625161,-3.763077927315894E-5
0.6865226625608316,-4.232742155875846E-5
0.6872756521853687,-4.690437880507824E-5
0.6880283349836036,-5.105253159068317E-5
0.6887751432590726,-5.439959824264893E-5
0.6895248142185851,-5.756281793910127E-5
0.6902790180370275,-6.0745722562461065E-5
0.6910301157367135,-6.351984796699061E-5
0.6917789893729642,-6.577720501005367E-5
0.6925297293330376,-6.760790957511967E-5
0.6932817831215479,-6.920490773247931E-5
0.6940319515860027,-7.056724162809121E-5
0.69478240812509,-7.16459039269387E-5
0.6955334467021339,-7.237073024717898E-5
0.6962841899556597,-7.284424424448158E-5
0.6970349881449005,-7.312294101141558E-5
0.6977854924757052,-7.307576110795504E-5
0.6985365701515706,-7.282859020808258E-5
0.6992870801379507,-7.23439172482403E-5
0.7000379268101059,-7.165225679743942E-5
0.7007886732187483,-7.070737986927919E-5
0.7015393434235389,-6.958433742420521E-5
0.7022902783647951,-6.828442112115108E-5
0.7030407852599598,-6.673258895452149E-5
0.703791802381428,-6.50324878266845E-5
0.7045423183229726,-6.314616538112888E-5
0.7052932090344746,-6.108641298977998E-5
0.7060439159487742,-5.882474842462752E-5
0.7067946009116537,-5.6415842551085684E-5
0.7075455284247859,-5.38723756674031E-5
0.7082960433209803,-5.110131175316884E-5
0.7090470617751032,-4.8221203956497305E-5
0.7097975661854624,-4.517324735675797E-5
0.7105484767204682,-4.199107386169898E-5
0.7112991595850225,-3.862097078261841E-5
0.7120498649731822,-3.514092779668526E-5
0.7128007751002363,-3.1544772302095697E-5
0.7135513000663007,-2.7758184749367444E-5
0.7143023213674423,-2.388791711634107E-5
0.7150528147014852,-1.9891432311942175E-5
0.7158037437863459,-1.5802664713595163E-5
0.7165544036793724,-1.1577089376367089E-5
0.7173051300251033,-7.306553090120122E-6
0.7180560210198301,-2.9982548601206724E-6
0.718806557453903,1.4026016385240834E-6
0.7195575792520682,5.766821267697705E-6
0.7203080639489564,1.0103258147041967E-5
0.7210590106459163,1.4341292591340993E-5
0.7218096480857221,1.8480652678825895E-5
0.7225603954944332,2.236719543653173E-5
0.7233112656337825,2.5917610057492356E-5
0.7240618158450418,2.9102397417209706E-5
0.7248128360035847,3.1671164255087195E-5
0.7255633143551791,3.350034888102795E-5
0.7263142773386638,3.433009327341705E-5
0.7270648916221876,3.39687179652308E-5
0.7278156615730987,3.197065141734612E-5
0.7285665110174384,2.794782391608574E-5
0.7293170752653944,2.1449639071924226E-5
0.7300680904327222,1.1774474037357568E-5
0.7308185651075685,-1.7675783919687786E-6
0.7315695435672686,-1.996190236958325E-5
0.7323201362047898,-4.3412930329545006E-5
0.7330709280931827,-7.250269461312652E-5
0.7338217551907485,-1.0668978581661205E-4
0.7345723354836019,-1.4405186817309404E-4
0.735323343768418,-1.8112952063097207E-4
0.736073816736709,-2.1189581214988297E-4
0.7368248093833837,-2.2804795344718434E-4
0.7375753812526846,-2.26268551346312E-4
0.7383261951273222,-2.1214098100347543E-4
0.7390769989446422,-1.894650290657865E-4
0.7398275964993652,-1.59887489506759E-4
0.7405785954753556,-1.2661953664710928E-4
0.7413290687746293,-9.327516204419263E-5
0.7420800745568163,-6.270361612119898E-5
0.7428306267231706,-3.64440004693663E-5
0.7435814624694026,-1.518875435016686E-5
0.7443322421634078,1.2057982539840988E-6
0.7450828583682001,1.328643395926058E-5
0.7458338459949685,2.1600359931164283E-5
0.7465843219945897,2.6800462590727514E-5
0.7473353390275354,2.9428692869028394E-5
0.7480858721695384,3.0088820972580567E-5
0.7488367300955958,2.9103880871467906E-5
0.7495874854327296,2.6886441626139392E-5
0.750338121249245,2.3798089114626775E-5
0.7510890962992887,1.999044036113107E-5
0.7518395764411513,1.5647669754768045E-5
0.752590602511935,1.0878739264531555E-5
0.7533411181508106,5.99437046325188E-6
0.7540919979524755,1.0581025570446869E-6
0.7548427275557689,-3.881907217460666E-6
0.755593384522152,-8.844347519683957E-6
0.7563443434042425,-1.3684410533231814E-5
0.7570948312181507,-1.8238215388572033E-5
0.7578458650390846,-2.2682712206723915E-5
0.7585963651017011,-2.6957541134039856E-5
0.7593472659219298,-3.094043858490874E-5
0.7600979709617386,-3.461542079670226E-5
0.7608486488982968,-3.813934051882342E-5
0.761599591196123,-4.1442533769660674E-5
0.7623500874153223,-4.433306516669078E-5
0.7631011261690634,-4.7045340723727784E-5
0.7638516128189369,-4.9553010789851676E-5
0.7646025339100223,-5.1774153678910766E-5
0.7653532140326967,-5.367613848629484E-5
0.76610391387966,-5.546991542204576E-5
0.7668548373174761,-5.707621556873838E-5
0.7676053442439342,-5.831152917619977E-5
0.7683563861337035,-5.935127908108795E-5
0.7691068607942008,-6.0235837274744696E-5
0.7698578018788003,-6.0957782277109395E-5
0.7706084566190771,-6.142717534180801E-5
0.771359179447448,-6.172823553009639E-5
0.7721100819125069,-6.188813057119507E-5
0.7728606017944029,-6.183540233471412E-5
0.7736116441357594,-6.165736803559385E-5
0.7743621093915032,-6.128979577103188E-5
0.7751130696789764,-6.0804804146566626E-5
0.775863699845668,-6.014294650400578E-5
0.7766144457856536,-5.9357494689665073E-5
0.7773653272296269,-5.8446654827498224E-5
0.778115860824417,-5.736990885288293E-5
0.7788669012452232,-5.620678253637252E-5
0.7796173594249615,-5.488179616154128E-5
0.7803683371280034,-5.3470152123738E-5
0.7811189430830967,-5.1906561258287134E-5
0.7818697125863542,-5.0251133874845526E-5
0.7826205702035124,-4.848627799704787E-5
0.7833711202179566,-4.6584496381895724E-5
0.7841221560917514,-4.461033524446025E-5
0.784872609975631,-4.249927976994876E-5
0.7856236041530343,-4.0315169118353154E-5
0.7863741869892562,-3.8000876936914187E-5
0.7871249799822211,-3.560884497276392E-5
0.7878758135526119,-3.313088499019653E-5
0.7886263807862268,-3.053042719422512E-5
0.7893774094337763,-2.788721789887093E-5
0.7901278612847897,-2.512411937987064E-5
0.7908788707379941,-2.232957179589586E-5
0.7916294307695825,-1.942847840870463E-5
0.7923802478115757,-1.6508864895281603E-5
0.7931310567940568,-1.354513013252562E-5
0.793881642462278,-1.0541604553066665E-5
0.7946326612925629,-7.5693046623333E-6
0.7953831132248373,-4.59709615498317E-6
0.7961341367567517,-1.7192288291306958E-6
0.7968846752316858,1.088753347675576E-6
0.7976355160395932,3.710106296127804E-6
0.798386299686833,6.105081847104694E-6
0.7991369046843958,8.21755516397819E-6
0.7998879105637346,9.882536464436263E-6
0.8006383663832066,1.1044325110723287E-5
0.8013894016342165,1.1469483580889784E-5
0.802139920475788,1.1048651722796977E-5
0.8028907845640814,9.455786524117677E-6
0.8036415414927041,6.439443288880479E-6
0.8043921680321617,1.645122860323388E-6
0.8051431599438567,-5.404289800670792E-6
0.8058936202540463,-1.5138719190271366E-5
0.8066446658390829,-2.811724751323005E-5
0.8073951662535472,-4.463926000541029E-5
0.8081460533016368,-6.485068229451278E-5
0.8088967833810142,-8.815356280981163E-5
0.8096474320871483,-1.1313256496713562E-4
0.8103984075390853,-1.3766714053881405E-4
0.8111488752779589,-1.5835749950100328E-4
0.8118999287796528,-1.6308003670732014E-4
0.8126504124259684,-1.491623571434952E-4
0.8134013221875154,-1.3626143982314003E-4
0.8141520252540123,-1.2266842050209022E-4
0.8149026968555996,-1.0576703235671836E-4
0.815653654238043,-8.700378451589144E-5
0.8164041316456017,-6.82767600103104E-5
0.8171551904728757,-5.117515706614558E-5
0.8179056589940629,-3.6481333738763024E-5
0.8186565911047347,-2.4613810997500295E-5
0.8194072673185698,-1.5440449989669443E-5
0.8201579625001257,-8.71260974352337E-6
0.8209088995741882,-4.100457615339402E-6
0.8216593885645125,-1.2224966883019473E-6
0.8224104507012427,1.9556592921620924E-7
0.8231609069992133,5.171413943415412E-7
0.8239118598619415,-9.58627152091991E-8
0.8246625095359856,-1.3788989466049046E-6
0.8254132288320898,-3.170934926120346E-6
0.8261641434327014,-5.375913830817224E-6
0.8269146462371071,-7.857189919991512E-6
0.8276657094588991,-1.058347908019448E-5
0.8284161551148228,-1.3351699588089785E-5
0.8291671284941212,-1.618488780631962E-5
0.8299177522643657,-1.9001902005069415E-5
0.8306684959439733,-2.1817744866630057E-5
0.8314193881969608,-2.455935536187611E-5
0.8321699054885666,-2.7156235255286296E-5
0.8329209662670698,-2.9699611732476504E-5
0.8336714046916256,-3.2092824451327355E-5
0.834422396755192,-3.436410258575843E-5
0.835172994892543,-3.645717148330611E-5
0.8359237635744882,-3.845231531726816E-5
0.8366746310006195,-4.030120190368998E-5
0.8374251653040183,-4.1949020244625117E-5
0.8381762212616097,-4.349916008682074E-5
0.838926654570026,-4.4886558048934425E-5
0.839677664721671,-4.614514323443144E-5
0.8404282375122663,-4.723150451907339E-5
0.8411790317544379,-4.823558103203669E-5
0.8419298734681038,-4.911759967468369E-5
0.8426804262562161,-4.980788112335539E-5
0.8434314745300674,-5.0411787768431944E-5
0.8441819058053837,-5.087934300477899E-5
0.8449329319437684,-5.1282984995863175E-5
0.8456834811160301,-5.1526692258802176E-5
0.8464343004241557,-5.169338071491738E-5
0.8471851157610346,-5.175916238225881E-5
0.8479356881631542,-5.1713547889406374E-5
0.8486867260493663,-5.160145406407877E-5
0.8494371576223484,-5.136548855509085E-5
0.8501881986966383,-5.1079316060711454E-5
0.8509387243146803,-5.067719439358436E-5
0.8516895695055082,-5.021490887871652E-5
0.8524403565176527,-4.967428882139292E-5
0.8531909508123661,-4.903862625258822E-5
0.8539419753086501,-4.8364636965202676E-5
0.854692410618122,-4.7576322582956996E-5
0.8554434643057394,-4.6762948351432944E-5
0.8561939691447069,-4.5839601872442936E-5
0.8569448388699605,-4.488134209107065E-5
0.8576955984682059,-4.3847082237806004E-5
0.8584462146330792,-4.2740201143657964E-5
0.8591972235923594,-4.159796559667195E-5
0.8599476643424081,-4.035919946138652E-5
0.8606987292099602,-3.9101358400720076E-5
0.8614492139654114,-3.774575137816799E-5
0.8622001084746107,-3.636542275668119E-5
0.862950839761544,-3.4918798821664144E-5
0.863701479285538,-3.341311271046191E-5
0.8644524706756808,-3.1883329184325746E-5
0.8652029193786203,-3.0273888026861582E-5
0.8659539926379171,-2.866268352501677E-5
0.866704459627577,-2.6975205221693736E-5
0.8674553782441032,-2.5290533194444485E-5
0.868206080434024,-2.357199258217884E-5
0.8689567447386383,-2.1835587889532987E-5
0.8697077169542453,-2.0128059119890476E-5
0.8704581757325902,-1.8402378883973255E-5
0.8712092548024057,-1.6761003677508606E-5
0.8719597055646866,-1.5136101407340269E-5
0.8727106481064305,-1.3649930442837832E-5
0.8734613217326751,-1.2275836734467375E-5
0.874212011161114,-1.1091481645137652E-5
0.8749629620739423,-1.0168261197433255E-5
0.875713432517942,-9.541971404395384E-6
0.8764645153922533,-9.367080770555609E-6
0.8772149530302221,-9.685188203501079E-6
0.87796591770301,-1.071479050874462E-5
0.8787165627658008,-1.2580330839702833E-5
0.8794672781494041,-1.551122474562795E-5
0.8802182062111551,-1.978227449223724E-5
0.8809686908310639,-2.5618364764610763E-5
0.8817197743216658,-3.3363422580729475E-5
0.8824702006715199,-4.31093198694222E-5
0.8832211871612051,-5.4925513004099806E-5
0.8839718043635644,-6.833921641048091E-5
0.8847225459333564,-8.249501826196166E-5
0.8854734491851629,-9.628207469367495E-5
0.886223949997132,-1.1176664775079884E-4
0.8869750310187566,-1.0953608960598741E-4
0.887725449390832,-7.452882618193348E-5
0.8884764564064556,-6.980549695790626E-5
0.8892270464715266,-6.532752069487789E-5
0.8899778144002523,-5.986473864971299E-5
0.8907286911581191,-5.387806670667149E-5
0.8914792100422807,-4.794022902643503E-5
0.8922302858134873,-4.256546056113575E-5
0.892980699298794,-3.7942515612465705E-5
0.8937317250812533,-3.423581726569E-5
0.894482288529585,-3.136272117449113E-5
0.8952330833895046,-2.9262123489475568E-5
0.8959839330824149,-2.7835809471470983E-5
0.8967344713922284,-2.692806531603637E-5
0.8974855388404014,-2.6512674256292705E-5
0.8982359499234346,-2.6396867511403265E-5
0.8989869933199599,-2.6618072827875032E-5
0.8997375305840544,-2.700376720584055E-5
0.9004883528922506,-2.758632372670966E-5
0.9012391742715585,-2.827279958510235E-5
0.9019897338484133,-2.9059640502832986E-5
0.9027407912907485,-2.9914672141649577E-5
0.9034912021866974,-3.0781345179180814E-5
0.9042422604743077,-3.167116953326653E-5
0.9049927737461799,-3.25568752031103E-5
0.9057436228363053,-3.342918097260747E-5
0.9064944143411348,-3.429804157845042E-5
0.9072449969373843,-3.50919117990465E-5
0.9079960396372773,-3.59103206695898E-5
0.9087464545362248,-3.6627376308667834E-5
0.9094975271763166,-3.735996219764346E-5
0.9102480169603689,-3.7987498852155656E-5
0.9109988931264436,-3.862331909109028E-5
0.9117496548208062,-3.918024575857103E-5
0.9125002612369141,-3.9695959269232474E-5
0.9132512878776383,-4.017384533182437E-5
0.9140017085025115,-4.059313438635251E-5
0.914752792496017,-4.09821283479781E-5
0.9155032613099988,-4.130868142294188E-5
0.9162541636378391,-4.1611659945662644E-5
0.9170048951384846,-4.18759361872639E-5
0.9177555264482391,-4.2071535835379496E-5
0.9185065343791482,-4.2261315832172875E-5
0.9192569634122864,-4.237817443725693E-5
0.9200080566581872,-4.2504152525548586E-5
0.9207585062047479,-4.255168738519754E-5
0.9215094343021707,-4.259552391011583E-5
0.9222601354167811,-4.259675160822454E-5
0.9230107926040151,-4.256024132522956E-5
0.9237617804157566,-4.251936690342622E-5
0.92451221979713,-4.2410485385172047E-5
0.9252633189671883,-4.232144792732201E-5
0.9260137526062158,-4.215579395089538E-5
0.9267647048428806,-4.200775528150008E-5
0.9275153762172493,-4.1803890202207473E-5
0.9282660595985782,-4.159241363316043E-5
0.9290170242972668,-4.135647099655013E-5
0.9297674767107199,-4.108783814172909E-5
0.9305185801668974,-4.0812386916206344E-5
0.931268998644511,-4.049904655666298E-5
0.9320199755140459,-4.017226967379443E-5
0.9327706166198801,-3.98314396618172E-5
0.9335213273972481,-3.9446811232376266E-5
0.9342722680689203,-3.9084352225152216E-5
0.9350227351483591,-3.8646974892457346E-5
0.9357738393975772,-3.825517042641652E-5
0.9365242461449202,-3.7776697438553726E-5
0.9372752459412367,-3.7342796236452215E-5
0.9380258570283151,-3.684168151633163E-5
0.9387765959039313,-3.635824474606279E-5
0.9395275103123073,-3.5843613404728963E-5
0.9402779945095269,-3.531624890147003E-5
0.9410290962132493,-3.478508193126694E-5
0.9417794946331332,-3.422766061195182E-5
0.9425305158273708,-3.367296037618678E-5
0.9432810981291518,-3.311022474867402E-5
0.9440318650898547,-3.253282891988298E-5
0.944782751196722,-3.1985396559370316E-5
0.9455332549127351,-3.140454274878884E-5
0.9462843516684963,-3.088745799527851E-5
0.947034744535307,-3.033816911469365E-5
0.9477857853287834,-2.987095752455743E-5
0.948536338825871,-2.9412176904685537E-5
0.9492871349014479,-2.9036038510794022E-5
0.9500379924690819,-2.874185162906285E-5
0.9507885168691329,-2.8538928549214552E-5
0.9515396048193617,-2.8505417591057002E-5
0.9522899940323296,-2.860790971206377E-5
0.9530410538054963,-2.8976322679116596E-5
0.953791582485004,-2.9591520738264007E-5
0.9545424052253657,-3.058288874997906E-5
0.955293228933042,-3.200094297839003E-5
0.9560437815053116,-3.39380299385086E-5
0.9567948619204968,-3.6495529337373815E-5
0.9575452381486712,-3.9687813402512095E-5
0.9582963157500604,-4.353377941366572E-5
0.9590468447629847,-4.78524795367819E-5
0.9597976717613365,-5.233822534232601E-5
0.9605484305368703,-5.662392045936987E-5
0.9612991187738735,-6.596778395563466E-5
0.9620499803265318,-9.125330506358253E-6
NaN,NaN
NaN,NaN
NaN,NaN
NaN,NaN
NaN,NaN
NaN,NaN
NaN,NaN
NaN,NaN
NaN,NaN
NaN,NaN
NaN,NaN
NaN,NaN
NaN,NaN
NaN,NaN
NaN,NaN
NaN,NaN
NaN,NaN
NaN,NaN
NaN,NaN
NaN,NaN
NaN,NaN
NaN,NaN
NaN,NaN
NaN,NaN
NaN,NaN
NaN,NaN
NaN,NaN
NaN,NaN
NaN,NaN
NaN,NaN
NaN,NaN
NaN,NaN
NaN,NaN
NaN,NaN
NaN,NaN
NaN,NaN
NaN,NaN
NaN,NaN
NaN,NaN
NaN,NaN
NaN,NaN
NaN,NaN
NaN,NaN
NaN,NaN
NaN,NaN
NaN,NaN
NaN,NaN
NaN,NaN
NaN,NaN
NaN,NaN
NaN,NaN
NaN,NaN
NaN,NaN
NaN,NaN
NaN,NaN
NaN,NaN
NaN,NaN
NaN,NaN
NaN,NaN
NaN,NaN
NaN,NaN
NaN,NaN
NaN,NaN
NaN,NaN
NaN,NaN
NaN,NaN
NaN,NaN
NaN,NaN
NaN,NaN
NaN,NaN
NaN,NaN
NaN,NaN
NaN,NaN
NaN,NaN
NaN,NaN
NaN,NaN
NaN,NaN
NaN,NaN
NaN,NaN
NaN,NaN
NaN,NaN
NaN,NaN
NaN,NaN
NaN,NaN
NaN,NaN
NaN,NaN
NaN,NaN
NaN,NaN
NaN,NaN
NaN,NaN
NaN,NaN
NaN,NaN
NaN,NaN
NaN,NaN
NaN,NaN
NaN,NaN
NaN,NaN
NaN,NaN
NaN,NaN
NaN,NaN
