0.250375,5.114268013555775E-4
0.25112584296578594,0.006158228717674608
0.2518759372518913,0.006853029757938032
0.2526276022683789,0.005824467021551228
0.2533791127659605,0.0045788601378473175
0.2541281347007301,0.0034036044145900083
0.254878196097512,0.0024978276005569104
0.25563052800675373,0.0018555255464230444
0.25638232641617487,0.0014515773801372929
0.257131363764535,0.0011912649592614737
0.257881480240214,0.0010455618951891207
0.2586337135589961,9.640825168708705E-4
0.2593850607107988,9.247558002385599E-4
0.2601340299325773,9.177856550681298E-4
0.2608844668512169,9.180610073411985E-4
0.26163693027990975,9.158062763834763E-4
0.26238801872293716,9.24837827711428E-4
0.2631369543056534,9.465942080471203E-4
0.2638875875770989,9.638001462742895E-4
0.2646401025715626,9.740970796267287E-4
0.2653908408255953,9.955711071964301E-4
0.2661398035960035,0.0010287400017983783
0.2668906975780774,0.001053284606683556
0.26764327998974513,0.001070538511079724
0.2683936794973171,0.001102192766310895
0.2691426994533746,0.0011408244738723235
0.26989383801084943,0.0011674482118998989
0.2706464323264064,0.001188569487172262
0.2713964961165127,0.0012242909805184655
0.27214561383125485,0.0012629446180092907
0.27289699896047187,0.001289125594895004
0.2736495578859509,0.0013089435542454053
0.27439929814958564,0.0013449349440977866
0.2751485478207658,0.0013807601830085894
0.2759001764389874,0.001403906660460892
0.27665265111746884,0.0014211121385182006
0.27740210045874775,0.0014555830936566192
0.278151511500973,0.0014891269343434755
0.27890336990549486,0.0015091954531124658
0.279655698577433,0.001522702710975078
0.28040489660922885,0.0015564903443357596
0.2811544985063002,0.0015863127891262928
0.2819065757371525,0.001601190547170759
0.2826586982126388,0.0016121503475141894
0.2834076995384096,0.0016440665445446787
0.2841575147151043,0.001670342892957319
0.28490978859793065,0.0016799245329630517
0.28566164723725274,0.0016881860702590635
0.28641050757495395,0.0017185426148354267
0.2871605576873723,0.0017412154263554474
0.28791300632023126,0.001745354596258636
0.2886645545312039,0.0017539685674379712
0.2894133283536186,0.0017836710500738788
0.29016362895954495,0.0018007026569198093
0.29091622186157207,0.0018001864923898356
0.2916674250376535,0.0018101254104720172
0.2924161631890822,0.0018379421244878113
0.2931667271425929,0.0018500102148333454
0.2939194303489028,0.0018467878234384159
0.2946702657734,0.0018582518202852857
0.2954190163809663,0.0018832014057027125
0.2961698514774343,0.0018913237557477568
0.29692262462869423,0.001886525908281892
0.2976730822517977,0.0018988555267840442
0.29842189035869315,0.0019207589364955676
0.29917300108745704,0.0019257652659733515
0.2999257999911357,0.001920182217766648
0.3006758804547594,0.0019344097752530362
0.301424788228825,0.001953678042277264
0.3021761731191555,0.001957237993858202
0.30292894646528973,0.0019502593373249087
0.3036786660083154,0.0019659591918767512
0.30442771189974277,0.0019840922300006993
0.30517936605780155,0.0019866849459703197
0.3059320571241092,0.0019797161489998123
0.30668144432079186,0.001997488786534602
0.30743066325565804,0.0020161188821673417
0.30818257650197506,0.0020183575155111816
0.30893512151729946,0.0020127926302566375
0.309684220518877,0.0020343192723418883
0.3104336435549105,0.002055367870374824
0.3111858011648827,0.0020582988591166056
0.31193813279972915,0.002057661725161725
0.3126869996461341,0.0020867230713726196
0.31343665390124686,0.0021115350772773615
0.314189034355006,0.0021182871853755573
0.3149410882972296,0.002127934105546976
0.3156897862134206,0.002167529346469695
0.3164396949141942,0.002199623625179159
0.31719227301461433,0.0022156302056255506
0.3179439951192237,0.0022434218485008674
0.3186925844961111,0.0022990472805479506
0.3194427662325095,0.0023486403798324666
0.3201955113944991,0.0023931369278780076
0.3209468604401049,0.0024659751880704867
0.3216953984110954,0.0025816445261743243
0.3224458680513568,0.0027133784012333103
0.3231987430802232,0.002809643877709333
0.3239496913189359,0.0028259699249074386
0.3246982320053707,0.002507457009588483
0.32544899855014925,5.867588510104018E-4
0.3262019614289111,-0.0014502439598811769
0.3269524941724942,2.77103034126975E-4
0.3277010878191802,0.0017066119580256673
0.3284521568770033,0.00261427013663704
0.32920515856588894,0.003015177542167796
0.32995527577134826,0.0031185290715128535
0.3307039695078059,0.0030629354501545175
0.3314553405039738,0.0029192447269759314
0.3322083261486064,0.002752569240987528
0.33295804237347526,0.00261149581820495
0.33370687933059656,0.0024894744273783326
0.3344585480876751,0.0023744580337908324
0.3352114574469967,0.002269483814902804
0.33596079993654876,0.002196111278640827
0.3367098186252541,0.002129515496704843
0.3374617737972829,0.002061798749890612
0.3382145398001317,0.0019960275664375068
0.3389635542111804,0.0019516595442925922
0.33971278981417224,0.0019096667937534937
0.34046501624997166,0.0018618937199910387
0.34121756617480875,0.0018142940281912839
0.3419663106694637,0.0017843524781755314
0.34271579371425587,0.001753531359245602
0.34346826994071905,0.0017156446189539013
0.3442205303986118,0.001678625684446309
0.3449690744368623,0.0016573532735459856
0.34571883118857455,0.0016327888462687216
0.34647153074906645,0.001601000077412503
0.34722343912258646,0.0015719632611627527
0.34797185037039446,0.0015560888485295862
0.3487219018795971,0.0015350109832144318
0.3494747908571319,0.0015075622952347128
0.35022630127191434,0.0014840981937695363
0.3509746425542774,0.0014713680172279869
0.3517250050673824,0.0014530059662080845
0.3524780450808726,0.001428371069171964
0.35322912386797556,0.0014096337781194321
0.3539774553652305,0.0013984191000473098
0.3547281406315586,0.0013813237634718722
0.35548128668531537,0.0013592252544483003
0.35623191449475977,0.0013436712946411902
0.35698029243308393,0.001333431546913245
0.357731307084205,0.0013172372257622478
0.35848450813199534,0.0012972763138499033
0.3592346804080604,0.0012846310450885601
0.35998315681557363,0.001274662990865148
0.36073450117082595,0.0012595943881453348
0.36148769832695254,0.0012411298793408817
0.3622374287945859,0.0012301158997983896
0.36298605092104375,0.001220682716241128
0.36373772053739917,0.0012068635397110461
0.36449085017442745,0.0011894507572708438
0.36524016600852927,0.001179995044012224
0.36598897755506204,0.0011714346796501249
0.3667409624225951,0.0011581853911460773
0.3674939535035759,0.001141904292037113
0.36824289850283437,0.0011341608533439345
0.3689919385802662,0.0011262700140797484
0.36974422292376247,0.00111308273715618
0.3704969966963381,0.0010982525355947806
0.3712456323132048,0.0010921366203313354
0.37199493457509125,0.001084688531813375
0.37274749551155334,0.0010720818687055041
0.3734999724311821,0.0010586710781171453
0.37424837300505565,0.0010540176087380252
0.3749979668348358,0.0010468599748812916
0.37575077725869493,0.0010347023066303576
0.3765028859061151,0.0010237879094366598
0.37725112591716276,0.0010202766567260382
0.37800103491822573,0.0010135687932034834
0.3787540600232483,0.001002208342721983
0.37950574652110647,9.941602459276728E-4
0.3802538958926514,9.91638930006829E-4
0.3810041391924404,9.857663026619189E-4
0.3817573379934816,9.764532209246477E-4
0.38250856265786415,9.712202648025682E-4
0.38325668744031105,9.703380497825961E-4
0.38400727874045554,9.660851686328867E-4
0.38476060295565045,9.599335966051933E-4
0.38551134271909543,9.578151416505065E-4
0.38625950417766414,9.596449902548688E-4
0.38701045119626487,9.592925369642518E-4
0.38776384813675097,9.570835567741184E-4
0.38851409411970383,9.600400945589067E-4
0.3892623500773669,9.663074765915838E-4
0.39001365425453904,9.717715919577305E-4
0.39076706262882377,9.7662642963061E-4
0.39151682492112294,9.872927533893044E-4
0.39226522799608604,0.0010018590389867248
0.3930168859018348,0.0010162641055478441
0.39377023748143297,0.0010289438365355859
0.3945195423850325,0.0010433741727841111
0.39526814037423164,0.0010531883631359057
0.39602014267353863,0.001043581843346359
0.39677336139175945,0.0010042343320573021
0.397522253411537,9.354227867473519E-4
0.39827108966210323,8.173860659678563E-4
0.3990234189910538,6.659664447630972E-4
0.3997764230542639,5.00615088479499E-4
0.4005249645326289,3.6647631563418737E-4
0.4012740762695399,3.0986955383929923E-4
0.4020267106095037,3.434644231178013E-4
0.4027794133905611,4.560037504879452E-4
0.4035276820409766,6.170985366863979E-4
0.4042771023528665,7.772794500193123E-4
0.4050300123330628,8.966032528273778E-4
0.40578233464065516,9.810071898947452E-4
0.40653041160528963,0.0010265075216986121
0.40728016729900635,0.0010346954821538888
0.40803331847325447,0.0010165371188464464
0.4087851959741122,9.88063026554343E-4
0.40953315860045525,9.600670071918536E-4
0.41028327047974855,9.267531199268133E-4
0.411036618666437,8.943675756189657E-4
0.4117880078401126,8.678221284110241E-4
0.4125359278776434,8.485356459041654E-4
0.41328641220438395,8.301080794434649E-4
0.4140399088675605,8.127894171602104E-4
0.4147907782248758,7.999277104423843E-4
0.4155387239337947,7.912820030370988E-4
0.41628959013693734,7.822985946197256E-4
0.41704317821803977,7.720395514971675E-4
0.41779351643676627,7.655533003660425E-4
0.4185415504481605,7.617768858531601E-4
0.4192928017524783,7.567847362262914E-4
0.42004641737213383,7.495288554112668E-4
0.42079623070168265,7.460923017086269E-4
0.42154441072779036,7.45067590287898E-4
0.4222960436675691,7.415968650111332E-4
0.4230496146788424,7.359255577188902E-4
0.42379892910974093,7.344127090766682E-4
0.42454730755048903,7.347437620154848E-4
0.42529931323163606,7.316970581624373E-4
0.4260527616839786,7.266065793852155E-4
0.426801618886138,7.26863419141433E-4
0.42755024364493477,7.271514236890182E-4
0.42830260609553245,7.240189150298261E-4
0.42905584518977746,7.195495195842606E-4
0.42980430748596316,7.207326616631026E-4
0.43055321978825,7.206160084562977E-4
0.4313059156994935,7.170239600166182E-4
0.43205885258329785,7.134943614161021E-4
0.43280700162147395,7.146234818079447E-4
0.4335562383225353,7.140143895092523E-4
0.4343092387874455,7.102165457571122E-4
0.43506178418871877,7.074863471952402E-4
0.43580970739444647,7.08343809336501E-4
0.4365592976286508,7.068669921912729E-4
0.43731256462056284,7.034246148490333E-4
0.43806464824614083,7.008144573078048E-4
0.4388124313405689,7.01282351756297E-4
0.43956240106038097,6.994987166736566E-4
0.4403158915368358,6.962168297814272E-4
0.44106745903873545,6.936390654923424E-4
0.4418151767488203,6.935750842843351E-4
0.44256553980935026,6.920595959004822E-4
0.4433192007147858,6.883821847497454E-4
0.4440702199047494,6.859522409710463E-4
0.4448179527614198,6.857121475389958E-4
0.4455687269877689,6.843239515378372E-4
0.4463225015373888,6.801540815876942E-4
0.44707294837402217,6.780243381805314E-4
0.4478207560769235,6.782736898791712E-4
0.44857193877789486,6.764452925922817E-4
0.4493257582970666,6.72170003087577E-4
0.4500756452939253,6.703806827685771E-4
0.45082360059768356,6.711017883670736E-4
0.4515751960815243,6.688794626320187E-4
0.4523289853899996,6.644828338575444E-4
0.453078325385775,6.641251767888707E-4
0.453826482550525,6.647913622206445E-4
0.45457848501763826,6.626017051327547E-4
0.4553321673039477,6.585911893435832E-4
0.4560809967774279,6.597466692375873E-4
0.4568293842001258,6.605368097641514E-4
0.4575817482093681,6.585558047964214E-4
0.4583352253055424,6.562041693327625E-4
0.4590836599911365,6.58765017522974E-4
0.45983242232326943,6.603275518935492E-4
0.46058521347369075,6.594003331098794E-4
0.4613383788401678,6.595894746411768E-4
0.46208632040754194,6.637497707860054E-4
0.46283522393501764,6.672544815926226E-4
0.4635882113617727,6.69455223668299E-4
0.46434104904310397,6.726822090898074E-4
0.4650890842817355,6.798161278387473E-4
0.46583880125448285,6.861398236563349E-4
0.46659232031679315,6.919927469435744E-4
0.4673443863912825,6.972133146372694E-4
0.46809135580041306,7.04518974212386E-4
0.4688405533461438,7.087149765818288E-4
0.4695940978589342,7.054124034823618E-4
0.4703468278982791,6.950723237097852E-4
0.47109575236395684,6.773155725743387E-4
0.4718454550204334,6.462871523201711E-4
0.47259708334935663,6.041746309187431E-4
0.4733485251582599,5.535136773264747E-4
0.47409872506913,4.988225564177263E-4
0.47484920483285736,4.539795259123861E-4
0.47560021898375804,4.2133648449649644E-4
0.47635108030159723,4.102804341438805E-4
0.4771017358167596,4.240912750952663E-4
0.4778523716422436,4.586556511327344E-4
0.4786032722965023,5.045812096971947E-4
0.4793539425485137,5.597824431643839E-4
0.4801047844538627,6.114183800679055E-4
0.48085538707268743,6.526373697208452E-4
0.4816063146413432,6.798908763162241E-4
0.48235689014117206,6.955168889821455E-4
0.483107831076243,6.983802235204296E-4
0.4838583712722203,6.924964204261332E-4
0.48460935194347765,6.810501025363766E-4
0.4853598644324924,6.682251974636361E-4
0.4861108680615004,6.537098376940778E-4
0.48686135713606915,6.397045787481948E-4
0.48761238160292075,6.276299608497538E-4
0.4883628532661546,6.172552723746168E-4
0.4891138901718855,6.072833125724484E-4
0.489864352123383,5.994934476388514E-4
0.4906153935104427,5.930346560583692E-4
0.49136585358706497,5.875639784526239E-4
0.4921168917583493,5.8189905671076E-4
0.49286735819244076,5.784304248718609E-4
0.49361838495799304,5.746627858426391E-4
0.4943688655670922,5.714055151580442E-4
0.4951198741709935,5.680467783123246E-4
0.49587037586062044,5.66367660942444E-4
0.49662135984989897,5.638976641092917E-4
0.4973718890444059,5.614074062279185E-4
0.49812284291879977,5.598554763639052E-4
0.4988734048173883,5.585124964529988E-4
0.49962432392982253,5.564961867032421E-4
0.5003749228489668,5.548479183353228E-4
0.5011258035686728,5.538957427565082E-4
0.5018764428920297,5.526039631811815E-4
0.5026272823757173,5.505752106017102E-4
0.5033779646451509,5.498227424594932E-4
0.5041287609201864,5.487470796827396E-4
0.5048794877571817,5.47264020520211E-4
0.5056302396930498,5.457406823212759E-4
0.5063810117997516,5.450648439573988E-4
0.5071317191609874,5.438321707452629E-4
0.5078825362932142,5.418792290432101E-4
0.508633199742612,5.410938303047667E-4
0.5093840607631563,5.399177454302146E-4
0.5101346818513907,5.38438029958213E-4
0.510885584842148,5.366224208626271E-4
0.5116361659382438,5.359989067768861E-4
0.512387108406417,5.344635085480334E-4
0.5131376523898421,5.325630209105685E-4
0.5138886299781145,5.314086609722713E-4
0.5146391411318263,5.303553614025771E-4
0.5153901488366697,5.284091788741221E-4
0.5161406325207663,5.267447905684426E-4
0.5168916643007228,5.256557706765186E-4
0.517642126681029,5.243471403677402E-4
0.5183931754643439,5.219262270519163E-4
0.5191436237230356,5.209630753323565E-4
0.5198946815759388,5.194278554079214E-4
0.5206451238180521,5.178754283804524E-4
0.5213961823133898,5.155861746716789E-4
0.5221466273123331,5.14880088022231E-4
0.5228976776548798,5.131295198199888E-4
0.5236481340468387,5.111327003853056E-4
0.5243991680349822,5.097381539541633E-4
0.5251496432347609,5.086644621972506E-4
0.5259006544753689,5.068235934557879E-4
0.5266511554734504,5.050250950309149E-4
0.5274021376530361,5.041098053003601E-4
0.5281526711321562,5.029195332118372E-4
0.5289036183819266,5.009099513483945E-4
0.529654188410447,5.000920133290736E-4
0.5304050972944437,4.991291819125636E-4
0.5311557089229982,4.980794825681752E-4
0.5319065751145898,4.966889191359693E-4
0.5326572308789929,4.966608643171492E-4
0.5334080522917716,4.960969581365241E-4
0.5341587542291817,4.95243381780519E-4
0.5349095295236709,4.953986312029193E-4
0.5356602798662632,4.96026261637604E-4
0.5364110073875591,4.963994164891333E-4
0.537161805410316,4.967543626321464E-4
0.5379124860286031,4.987743098103477E-4
0.5386633313236797,5.005805578441704E-4
0.5394139664126545,5.023609830628172E-4
0.5401648576314749,5.048703627366909E-4
0.5409154483045278,5.078578617767029E-4
0.5416663820593022,5.102723742662497E-4
0.5424169326960111,5.117504794436168E-4
0.5431679060279044,5.123278245633634E-4
0.5439184191753335,5.104726884038492E-4
0.5446694268123405,5.047271503578525E-4
0.5454199088403328,4.946092002986772E-4
0.5461709449536988,4.802850846138635E-4
0.5469214009015105,4.614845543968863E-4
0.5476724596545112,4.369342056358234E-4
0.5484228964728196,4.139647570713014E-4
0.5491739682430334,3.907483384994954E-4
0.5499243952964531,3.7097737463630384E-4
0.5506754722992687,3.598679593433955E-4
0.5514258972185612,3.571693750114807E-4
0.5521769696525459,3.6300199940021016E-4
0.5529274019377984,3.77948653467419E-4
0.553678461821773,3.993013026772846E-4
0.5544289107891666,4.2276163009975125E-4
0.5551799491933033,4.4479800519247307E-4
0.5559304222888071,4.6466657838962404E-4
0.5566814329399571,4.783778182717745E-4
0.5574319364464284,4.8724271351490816E-4
0.5581829136221858,4.898392904974261E-4
0.5589334541823744,4.894573791393915E-4
0.5596843920808032,4.8505713308117103E-4
0.5604349744867472,4.781695712941652E-4
0.5611858690312725,4.7070611583347713E-4
0.5619364966240039,4.633793697761953E-4
0.56268734506726,4.5616722326959525E-4
0.5634380203704972,4.484564136219058E-4
0.5641888208282125,4.427699329365694E-4
0.5649395460416028,4.3731689855780237E-4
0.5656902969291024,4.3202071973729594E-4
0.5664410729771596,4.2777536258409846E-4
0.5671917738841923,4.2451602618431226E-4
0.5679426005145145,4.2121510274764206E-4
0.5686932521565488,4.176790543919404E-4
0.5694441280894206,4.1562905830266363E-4
0.57019473222882,4.133461557904088E-4
0.5709456552478764,4.106220523638082E-4
0.5716962144361875,4.085927234202428E-4
0.5724471809071481,4.0697665901689203E-4
0.5731976990547826,4.0524682731188626E-4
0.5739487043243707,4.028111892933705E-4
0.5746991863763995,4.019880612991975E-4
0.5754502248053167,4.003877646158161E-4
0.5762006766739783,3.984760171449336E-4
0.5769517416178207,3.967207826447262E-4
0.5777021701804803,3.957463892173743E-4
0.5784532539227043,3.942618812699981E-4
0.5792036670658359,3.924422055148945E-4
0.5799547606509304,3.916405424972045E-4
0.5807051674184374,3.903731233996998E-4
0.5814562609312187,3.8838941631503095E-4
0.5822066712370786,3.8703335178349345E-4
0.5829577550570305,3.860065653781282E-4
0.5837081784391022,3.8470805255014196E-4
0.5844592439506926,3.825276767065316E-4
0.5852096888903102,3.8181772189204696E-4
0.5859607284917362,3.8036612119447105E-4
0.5867112024621468,3.7864897103613614E-4
0.5874622094976523,3.7697086532159857E-4
0.5882127191291759,3.760799209185934E-4
0.5889636877491199,3.745461265054506E-4
0.5897142388072926,3.724250932781755E-4
0.5904651640331653,3.7145181582230583E-4
0.5912157611754844,3.7006677955746795E-4
0.5919666390862877,3.6821544459284054E-4
0.5927172860760914,3.6651717251430077E-4
0.5934681136006505,3.654810263115238E-4
0.5942188126041764,3.639550197882471E-4
0.5949695881446393,3.6172315360764277E-4
0.5957203400804485,3.6075762616404576E-4
0.5964710632535999,3.5929761311029296E-4
0.5972218682233034,3.574595057361355E-4
0.5979725395039255,3.5568060477336695E-4
0.598723397175647,3.5468352547369353E-4
0.59947401757763,3.531999474059972E-4
0.6002249263284668,3.509755889599855E-4
0.6009754975705194,3.501000227324005E-4
0.6017264532919987,3.4868878429474085E-4
0.6024769798352049,3.470482406150058E-4
0.6032279789007403,3.4529950096553243E-4
0.603978465256723,3.445940873183148E-4
0.6047295027215976,3.432593937763939E-4
0.6054799533710062,3.414104054612687E-4
0.6062310216333535,3.407001532341264E-4
0.606981444784496,3.397910975218864E-4
0.6077325377016068,3.3852488342914027E-4
0.6084829400090964,3.3746149722560786E-4
0.6092340475973175,3.3723110615039437E-4
0.6099844382248831,3.3674163018708334E-4
0.6107355506332488,3.3563435339235376E-4
0.6114859404173,3.3601756713371394E-4
0.6122370476707969,3.3618596028397795E-4
0.6129874462941851,3.3624243744585265E-4
0.6137385385569808,3.363010712698437E-4
0.6144889552952629,3.376500468825599E-4
0.6152400241697563,3.385410210570474E-4
0.6159904685299784,3.3840009140558437E-4
0.6167415058159086,3.390742034689676E-4
0.6174919842154106,3.389639867795928E-4
0.6182429841019047,3.3725223304869223E-4
0.6189935038964348,3.3349956695774726E-4
0.6197444600427076,3.287440840123067E-4
0.6204950256713426,3.2116991220456704E-4
0.6212459342728945,3.096760212776982E-4
0.6219965503568464,2.979602473178392E-4
0.6227474075864691,2.848178818196677E-4
0.6234980774596053,2.7111615175837546E-4
0.6242488806670001,2.598715691873628E-4
0.6249996052264228,2.5203811051811663E-4
0.6257503540751594,2.4722536411088793E-4
0.6265011347125574,2.463823422522141E-4
0.6272518285101162,2.5028649410261967E-4
0.6280026656324457,2.5717856296572254E-4
0.6287533044878034,2.662554307338288E-4
0.6295041954111127,2.755924576164194E-4
0.6302547821390576,2.871030882551263E-4
0.631005724400511,2.9654321219602846E-4
0.6317562624319688,3.03160029911498E-4
0.6325072530052163,3.080748718648717E-4
0.6332577455601669,3.101702884165905E-4
0.6340087788936626,3.0959404102907625E-4
0.6347592314995532,3.068263451704905E-4
0.635510300518383,3.037792977951136E-4
0.6362607206247116,2.9915913492518367E-4
0.6370118187066742,2.9361785712888206E-4
0.6377622135560547,2.889884695476752E-4
0.6385133323248781,2.8450630662999767E-4
0.6392637102697738,2.803018260733155E-4
0.6400148396248895,2.7606342000679324E-4
0.6407652107412259,2.729988177643991E-4
0.6415163392773656,2.693736691266498E-4
0.6422667149553806,2.661262950965937E-4
0.6430178323780646,2.643334864325157E-4
0.6437682228934002,2.617038322641023E-4
0.6445193197497576,2.588711041896099E-4
0.6452697343753678,2.5687960213161383E-4
0.6460208024111084,2.559182229826681E-4
0.6467712492772799,2.531673747980084E-4
0.6475222811661717,2.505506961880829E-4
0.6482727677588873,2.497319616350509E-4
0.6490237569252505,2.4817523033591213E-4
0.6497742894589702,2.4606410039740637E-4
0.6505252305639905,2.446848175485309E-4
0.6512758139851692,2.442153631547876E-4
0.652026702879388,2.4137950493906274E-4
0.6527773409198714,2.3851982264717588E-4
0.65352817460559,2.3811118644081995E-4
0.6542788698078151,2.3794552457659585E-4
0.6550296464217599,2.3646333847853753E-4
0.6557804001534172,2.3339948208774748E-4
0.6565311189571872,2.3206394941887638E-4
0.6572819314324578,2.315424444355522E-4
0.6580325927986214,2.2999251043716616E-4
0.6587834631226215,2.2755371425211147E-4
0.6595340685046228,2.2648413341492388E-4
0.6602849947417192,2.2620261069838013E-4
0.6610355465752396,2.233343015243357E-4
0.661786525122549,2.2174790232733354E-4
0.6625370272845863,2.213611709777611E-4
0.6632880531048605,2.197624233239322E-4
0.6640385109859636,2.1712257696393966E-4
0.6647895780638116,2.1616290412443848E-4
0.665539997996711,2.158448206839131E-4
0.6662910990560957,2.13017780521882E-4
0.6670414885652183,2.1123059338378758E-4
0.6677926152023748,2.1083698304396537E-4
0.6685429829590398,2.0934104590394632E-4
0.6692941258213172,2.066341863199166E-4
0.6700444815321478,2.0558315332648856E-4
0.6707956295913937,2.0534752230381864E-4
0.6715459841120153,2.0242419729247615E-4
0.6722971255815042,2.0072410789736698E-4
0.673047490259834,2.002365193884655E-4
0.6737986151612776,1.9887336136897933E-4
0.6745490002563707,1.9611465190365858E-4
0.6753000991045722,1.9507807731508202E-4
0.6760505147481183,1.948933660151653E-4
0.6768015784310316,1.9216005523819082E-4
0.6775520324565497,1.9042508199682684E-4
0.6783030544720465,1.9006650840809928E-4
0.6790535531382161,1.8885447228891934E-4
0.6798045277869615,1.862744926537081E-4
0.6805550779529317,1.8538140053810307E-4
0.6813059993078212,1.8540358802920137E-4
0.6820566045202286,1.8295220979704346E-4
0.68280746990426,1.8147665179866636E-4
0.6835581335545275,1.8133822711774512E-4
0.6843089402466591,1.806349817294063E-4
0.6850596652467152,1.785165820039001E-4
0.6858104110382337,1.780972387799758E-4
0.6865611968908151,1.7870291067876353E-4
0.6873118828642597,1.7703165789021598E-4
0.6880627303589413,1.7630658780726187E-4
0.6888133564845519,1.7684786399920605E-4
0.6895642628425468,1.7687458014716535E-4
0.6903148320496172,1.7531301585495536E-4
0.6910657950011467,1.7545727456868684E-4
0.6918163105462314,1.7579417594023052E-4
0.692567325209714,1.7339618157829632E-4
0.6933177916988591,1.7094439912535115E-4
0.6940688532920636,1.6883717405304023E-4
0.6948192766350533,1.6451148369546562E-4
0.6955703770409774,1.5733735124983162E-4
0.6963207648150284,1.5006628600761995E-4
0.6970718975344409,1.424740386908085E-4
0.6978222571528152,1.3269235869995267E-4
0.69857341061471,1.2466336220762762E-4
0.6993237536068353,1.1988992439348719E-4
0.7000749183956142,1.1775565700693989E-4
0.7008252538752924,1.1540217475993956E-4
0.7015764175895732,1.1593049416315641E-4
0.7023267586612731,1.1815583278107957E-4
0.7030779097564133,1.1929816043267289E-4
0.7038282668599355,1.2241497243288682E-4
0.7045793956005143,1.2791694563864286E-4
0.7053297799614583,1.3317739424812175E-4
0.7060808760237979,1.3623573968779367E-4
0.7068312968915935,1.396906162327763E-4
0.7075823525253463,1.430709307158792E-4
0.7083328166656209,1.4263204898959598E-4
0.7090838259020695,1.4161340668887863E-4
0.7098343403183481,1.407283783372508E-4
0.7105852968564684,1.3883306087061236E-4
0.7113358674436578,1.3405509032571287E-4
0.7120867664241448,1.3054670508043332E-4
0.7128373971231622,1.2838787743761626E-4
0.7135882354326782,1.2541813817164434E-4
0.7143389285866872,1.2272059040622954E-4
0.7150897045797627,1.1928494721821756E-4
0.7158404612137766,1.1627853685011781E-4
0.7165911745110105,1.1320801914575848E-4
0.717341994975312,1.1168509698505046E-4
0.7180926458924957,1.1018402760349305E-4
0.718843529252125,1.0703149501886588E-4
0.7195941193089703,1.0462721064200664E-4
0.7203450632255515,1.037324603253954E-4
0.721095595290877,1.0248578301350137E-4
0.7218465960119468,9.907921928270028E-5
0.7225970742664042,9.738676833685663E-5
0.7233481265646963,9.717962644012754E-5
0.7240985565999293,9.460581704924551E-5
0.7248496538653277,9.25309224644767E-5
0.7256000426024192,9.199107508612256E-5
0.726351176871106,9.131621932812184E-5
0.7271015325296946,8.743815755612353E-5
0.7278526944724829,8.56477959508717E-5
0.7286030265761555,8.569204707570113E-5
0.7293542053553881,8.470133313296944E-5
0.7301045248680896,8.258008475409092E-5
0.7308557083274654,8.0513207245563E-5
0.7316060274605641,7.931159787385265E-5
0.7323572034688033,7.799248472276615E-5
0.7331075343417738,7.653357497422845E-5
0.733858691605154,7.507297177443184E-5
0.7346090454485018,7.333811322322133E-5
0.7353601738094883,7.23249635952871E-5
0.7361105606963264,7.04135317342031E-5
0.7368616511436121,6.934989175626282E-5
0.737612080028064,6.75331111580096E-5
0.7383631246228023,6.636766916993212E-5
0.7391136032714662,6.47038191294359E-5
0.7398645952758041,6.324106686447302E-5
0.7406151299570369,6.20015539340535E-5
0.7413660641092495,6.025948116153524E-5
0.7421166593071965,5.906252103592906E-5
0.742867531966553,5.741205340656391E-5
0.7436181908229307,5.608416199340271E-5
0.7443689995980242,5.4571915684670554E-5
0.7451197241346738,5.305247754836563E-5
0.7458704677242578,5.182870089587458E-5
0.746621259128713,5.0074853960422675E-5
0.7473719370978691,4.891307242615514E-5
0.7481227955215087,4.728855109480875E-5
0.748873408325826,4.5972407008286855E-5
0.7496243308248344,4.4521639517473946E-5
0.7503748818216672,4.2997633926299524E-5
0.7511258647860373,4.1879038779457655E-5
0.7518763582314549,4.009624981165615E-5
0.7526273982092929,3.9145754488715007E-5
0.7533778381848524,3.739458333369701E-5
0.7541289281092063,3.6386044945000114E-5
0.7548793214630375,3.47835904939516E-5
0.7556304533853555,3.3629309443364615E-5
0.7563808089329364,3.237282746139703E-5
0.7571319754766769,3.102868151663725E-5
0.7578823007282895,2.9953956373029906E-5
0.7586334897303497,2.8698599331589655E-5
0.7593837964659687,2.763330224539494E-5
0.7601349967870088,2.6578937731904133E-5
0.7608852973235141,2.5423963032267657E-5
0.7616364958941776,2.484510065263292E-5
0.7623868021607966,2.3483868262331236E-5
0.7631379870585233,2.3151615001456817E-5
0.7638883116802458,2.1921592277046932E-5
0.7646394709436943,2.1564095131377092E-5
0.7653898257092989,2.0339765584412776E-5
0.766140949776789,1.9588018729415188E-5
0.7668913436315011,1.843588093240211E-5
0.7676424237313456,1.672935839867807E-5
0.768392865914263,1.4822346877605956E-5
0.7691438946535897,1.2034680156517859E-5
0.7698943916304599,8.696617696230792E-6
0.7706453628724781,4.094753976431524E-6
0.7713959204964844,-1.5279379076009934E-6
0.7721468298253025,-8.1443269309265E-6
0.772897452790475,-1.5821137251450415E-5
0.7736482960409135,-2.0679642005690814E-5
0.7743989862035154,-2.2821867601660546E-5
0.7751497624857243,-2.071722653029483E-5
0.7759005226576022,-1.8824350263711686E-5
0.7766512298459319,-1.885737216661782E-5
0.7774020586906399,-2.0174271353195956E-5
0.7781526988306714,-2.1314569035132822E-5
0.7789035965010694,-2.0451906069290608E-5
0.7796541701093455,-1.925845627653334E-5
0.7804051331014672,-1.6950519512510073E-5
0.7811556439629187,-1.580967778919665E-5
0.7819066671575807,-1.4367353476863907E-5
0.7826571211193916,-1.3919580251941773E-5
0.7834082001530062,-1.4103909344939362E-5
0.7841586021209709,-1.4797287254070308E-5
0.7849097298994377,-1.6265602106808992E-5
0.7856600870897407,-1.8029426223420154E-5
0.7864112542970493,-2.030275291100626E-5
0.7871615760650569,-2.261820888110116E-5
0.7879127719738765,-2.467279082097047E-5
0.7886630694886928,-2.7205191899328152E-5
0.7894142833085209,-2.8971416991612044E-5
0.7901645677656277,-3.1806241213786006E-5
0.7909157869410198,-3.34717956072085E-5
0.7916660708391179,-3.600876138699691E-5
0.7924172812262219,-3.748485907755833E-5
0.7931675786158093,-3.9561035485609754E-5
0.7939187678113693,-4.1319339567493355E-5
0.7946690909873386,-4.3042251020174494E-5
0.7954202480920674,-4.480472276247925E-5
0.7961706077593051,-4.6358674245578436E-5
0.7969217232723944,-4.8188739015416245E-5
0.7976721286744177,-4.9817630766225514E-5
0.7984231944370678,-5.122486985452693E-5
0.7991736534781616,-5.3031158843462744E-5
0.7999246626108341,-5.4157934718897826E-5
0.8006751818657446,-5.6028520813651774E-5
0.8014261287721193,-5.7135601073711773E-5
0.8021767134648412,-5.9252215639311794E-5
0.8029275938538244,-6.0444192906522664E-5
0.8036782477922415,-6.194611235708158E-5
0.8044290587373165,-6.32413359632268E-5
0.805179784273103,-6.452668021529233E-5
0.8059305242378264,-6.639540745990645E-5
0.806681322212021,-6.744900466421366E-5
0.8074319910989778,-6.921372988156269E-5
0.8081828607898495,-7.03213101207544E-5
0.8089334599820173,-7.190706624954623E-5
0.8096843990901663,-7.325826933218062E-5
0.8104349314648823,-7.45799584456813E-5
0.8111859361287997,-7.611020401871341E-5
0.8119364060498787,-7.731880282391151E-5
0.8126874709058429,-7.885215890283979E-5
0.813437884191553,-8.016944725877378E-5
0.8141890025593707,-8.148979503135002E-5
0.814939366309655,-8.306878310701318E-5
0.815690530062794,-8.407405344017277E-5
0.8164408527788237,-8.592202665892021E-5
0.8171920525608622,-8.670394130820307E-5
0.8179423440143802,-8.86620169543343E-5
0.8186935687676058,-8.947939877275538E-5
0.8194438400106855,-9.126244116409487E-5
0.820195076035739,-9.232341812142208E-5
0.8209453405525571,-9.381545206581011E-5
0.8216965743071043,-9.511421204112859E-5
0.8224468458214809,-9.641178468467276E-5
0.8231980641479922,-9.780112444922142E-5
0.8239483562438721,-9.910665300802967E-5
0.8246995463942163,-1.003674753724813E-4
0.8254498717462032,-1.0189408531290549E-4
0.8262010229900191,-1.0285810952260864E-4
0.826951391027389,-1.045937064498463E-4
0.827702495014516,-1.0536520715627117E-4
0.8284529146911594,-1.0718828511354172E-4
0.8292039630807526,-1.0800236077953636E-4
0.8299544431022662,-1.095850971383877E-4
0.8307054287612975,-1.1063830361135918E-4
0.8314559738747299,-1.1190747850247779E-4
0.8322068929810101,-1.1320100914898324E-4
0.832957508264289,-1.141902938082784E-4
0.8337083563937416,-1.1563094395348346E-4
0.8344590453705545,-1.1649293536525515E-4
0.8352098201916957,-1.178391330751831E-4
0.8359605831857995,-1.188174292344592E-4
0.8367112849837147,-1.1986703773571647E-4
0.8374621235904304,-1.2101779790286724E-4
0.8382127515598246,-1.2183758580263376E-4
0.8389636626226408,-1.2310474683545122E-4
0.8397142204956132,-1.2388787922994535E-4
0.8404652024538936,-1.2507312169925133E-4
0.841215692568304,-1.2634565379570023E-4
0.8419667392801594,-1.2750081631880358E-4
0.8427171679543224,-1.2933726615438907E-4
0.8434682748159283,-1.3069182541201055E-4
0.8442186475479149,-1.3348058029128478E-4
0.8449698049396427,-1.3542108093872858E-4
0.8457201312211505,-1.388885103610367E-4
0.8464713318657052,-1.423343544295412E-4
0.8472216196639456,-1.4818939415736174E-4
0.8479728503749053,-1.5561290300595597E-4
0.8487231130578858,-1.625320301689523E-4
0.8494743630040563,-1.6231098475760682E-4
0.8502246109579981,-1.5196748268244821E-4
0.8509758654203268,-1.4424480214829136E-4
0.8517261144203767,-1.4982590136829483E-4
0.8524773587385939,-1.5536369955433015E-4
0.8532276229850814,-1.5787118964931572E-4
0.8539788441612777,-1.5755429687280053E-4
0.8547291356864876,-1.57994868498359E-4
0.8554803227985541,-1.5706414492212383E-4
0.8562306539229796,-1.5748430625424763E-4
0.8569817955185735,-1.5708279764087277E-4
0.8577321769710259,-1.5768939949399388E-4
0.8584832641004486,-1.5818949569245378E-4
0.8592337036936597,-1.5901283670019718E-4
0.8599847298070489,-1.6032394919990252E-4
0.860735233810531,-1.6157914988781713E-4
0.8614861932487727,-1.6333902369279792E-4
0.8622367680087581,-1.6485760408774366E-4
0.8629876555028257,-1.6653283668961952E-4
0.8637383052844126,-1.6829850397728538E-4
0.864489117633624,-1.69763976077091E-4
0.8652398446352993,-1.7176203666742918E-4
0.8659905805119192,-1.73129659794574E-4
0.8667413851302107,-1.7504875583322307E-4
0.867492044881002,-1.765089481087577E-4
0.8682429258944528,-1.7808457414188335E-4
0.868993511405144,-1.7977983398685446E-4
0.8697444663394867,-1.8109726172082315E-4
0.8704949807403224,-1.830028940928679E-4
0.8712460058849196,-1.840372637178375E-4
0.8719964534884227,-1.8607842112510086E-4
0.8727475433599351,-1.8708792814747598E-4
0.8734979301444655,-1.8896571277386267E-4
0.8742490775147355,-1.9013529827464294E-4
0.8749994111165388,-1.9172620300163994E-4
0.8757506070638761,-1.931158002305064E-4
0.8765008967340862,-1.945591355164752E-4
0.8772521306683725,-1.960379117433692E-4
0.8780023872508619,-1.9750999758559584E-4
0.8787536469234549,-1.987438247156731E-4
0.8795038828458441,-2.0042935975074904E-4
0.880255154489515,-2.0137534254209473E-4
0.8810053836248636,-2.0337363521573962E-4
0.8817566524798459,-2.040919653683187E-4
0.8825068896256654,-2.0619695900452243E-4
0.8832581411591892,-2.0690364021621032E-4
0.88400840082909,-2.0888297851039418E-4
0.8847596219739451,-2.098168411386718E-4
0.8855099171789984,-2.1149376241676494E-4
0.8862610963703434,-2.1272272518008432E-4
0.887011438602962,-2.1408098734476268E-4
0.8877625656873834,-2.155821095327849E-4
0.8885129645457484,-2.1686269466508211E-4
0.889264031333329,-2.1826461167811703E-4
0.8900144944154819,-2.1973161749429411E-4
0.8907654943894585,-2.2088908622959157E-4
0.8915160277665957,-2.2258410886293693E-4
0.8922669558540494,-2.235431461633932E-4
0.8930175641896455,-2.253592787048661E-4
0.8937684166540626,-2.2631789196364413E-4
0.8945191034300388,-2.280430453339945E-4
0.8952698776852992,-2.29211317810824E-4
0.8960206453401263,-2.30567199470636E-4
0.8967713398949245,-2.3219095301848627E-4
0.8975221877475659,-2.3319547229424736E-4
0.8982728040685853,-2.3501163252245385E-4
0.8990237296442718,-2.3594614673764271E-4
0.8997742708178987,-2.377526730012633E-4
0.9005252711719104,-2.3881653672076618E-4
0.901275740904887,-2.4040912316371625E-4
0.9020268121110828,-2.4170984381305589E-4
0.9027772147815282,-2.430859848010385E-4
0.9035283485746571,-2.4454105678212385E-4
0.9042786927218451,-2.4588108679760376E-4
0.905029880949477,-2.4729866933779923E-4
0.9057801755936904,-2.4886184725300654E-4
0.9065314095185408,-2.4991079069882553E-4
0.9072816633099201,-2.5181885670268964E-4
0.9080329291788578,-2.526165382436503E-4
0.9087831559488625,-2.547434198456386E-4
0.9095344417211003,-2.5539635931499493E-4
0.9102846545411931,-2.5756980298345954E-4
0.9110359440885979,-2.584097703365732E-4
0.9117861578353809,-2.603506242662764E-4
0.9125374366149087,-2.614534738544353E-4
0.913287667127941,-2.6310953762718206E-4
0.9140389201019213,-2.645799273412665E-4
0.9147891812553138,-2.661524479274358E-4
0.9155403970312191,-2.6772876300904983E-4
0.916290700801522,-2.6951766652505936E-4
0.9170418674272286,-2.711156265627072E-4
0.9177922249927669,-2.7337476129624637E-4
0.9185433339154767,-2.7498248964388377E-4
0.9192937540098736,-2.7778152388084913E-4
0.9200447965575358,-2.796888222636111E-4
0.9207952865678868,-2.8276250296956654E-4
0.921546257418466,-2.845577958522862E-4
0.9222968235782161,-2.873891440631465E-4
0.9230477169053696,-2.9839440339476204E-4
0.9237983622708341,-3.171122468966023E-4
0.924549176344477,-2.5494784715224066E-4
0.925299910970265,0.0012319263867249393
0.9260506365767914,5.133590137255667E-6
0.9268014479768873,4.667992709468073E-6
0.9275520984748582,4.660285455112304E-6
0.9283029909437008,4.651324648267793E-6
0.9290535627043036,4.63966360723013E-6
0.9298045352323372,4.626993616341058E-6
0.9305550300660033,4.612821705441092E-6
0.9313060779919984,4.599235734946823E-6
0.9320565010255237,4.585878664267551E-6
0.9328076167483289,4.573944554963842E-6
0.9335579760368254,4.563767939269555E-6
0.9343091527706207,4.555165043828158E-6
0.9350594558752894,4.549221541936216E-6
0.9358106846529212,4.544565376710739E-6
0.9365609407868211,4.542528600027039E-6
0.9373122099624444,4.541499163614211E-6
0.9380624308528643,4.542340261095384E-6
0.9388137262683661,4.544115239558152E-6
0.9395639260803703,4.546890337950754E-6
0.9403152330783283,4.5505770127410125E-6
0.9410654269188128,4.554588842406365E-6
0.9418167305705197,4.559289940780401E-6
0.9425669335511762,4.564105771134714E-6
0.9433182179622421,4.569019886322935E-6
0.9440684458191326,4.574302043235421E-6
0.9448196969352741,4.579016732704661E-6
0.9455699634950444,4.584442421463199E-6
0.9463211692768749,4.588860327178665E-6
0.9470714863093398,4.594073302944038E-6
0.9478226363576614,4.598271863468007E-6
0.9485730139297827,4.602894092339399E-6
0.9493240994554444,4.606899490348802E-6
0.9500745459561707,4.610786505464246E-6
0.9508255597687234,4.614557741466744E-6
0.9515760819100205,4.6178087498406086E-6
0.9523270184236989,4.621183653048658E-6
0.9530776212234252,4.623991978422024E-6
0.953828476474838,4.626689162336442E-6
0.9545791632298429,4.6292056718490756E-6
0.9553299349014667,4.631177724484895E-6
0.9560807071589866,4.633452307903787E-6
0.9568313946027995,4.634827918609448E-6
0.9575822521382185,4.636746250667386E-6
0.9583328563938085,4.637777094112998E-6
0.9590837972024636,4.639131779321325E-6
0.9598343210042298,4.6400146279151E-6
0.9605853413149468,4.6407099333544755E-6
0.9613357890829647,4.641479885657515E-6
0.9620868834007841,4.641618835207994E-6
0.9628372612101057,4.642205355677081E-6
0.9635884223950711,4.6420489334256494E-6
0.9643387379194871,4.642254709769196E-6
0.9650899573313717,4.641996922598706E-6
0.9658402197387113,4.641699092031815E-6
0.9665914870771538,4.641346985498284E-6
0.9673417069066538,4.640591466408487E-6
0.9680930087078073,4.6401071599215186E-6
0.9688431994122308,4.6391660212111914E-6
0.9695945207102488,4.6383464463040715E-6
0.9703446974511192,4.6374194927882944E-6
0.9710960224646962,4.636118132456308E-6
0.9718462013477245,4.6352445355453575E-6
0.9725975140329093,4.633501901604993E-6
0.9733477115129928,4.632604090516772E-6
0.9740989960303602,4.630657006220063E-6
0.9748492268987022,4.629515529892577E-6
0.9756004709300743,4.627640514399505E-6
0.9763507473234084,4.626111848194485E-6
0.9771019395887229,4.6243738847087945E-6
0.9778522734953146,4.622508283684353E-6
0.9786034029601629,4.620847738607601E-6
0.9793538046472872,4.618867352546047E-6
0.9801048633309426,4.617166460068393E-6
0.9808553391782698,4.615416919839717E-6
0.9816063214115099,4.613589162547473E-6
0.9823568784985779,4.612211780286295E-6
0.9831077780376984,4.610328954399734E-6
0.983858420499268,4.60937201852957E-6
0.9846092349032192,4.607864737109635E-6
0.9853599644672306,4.607407276452084E-6
0.9861106924558372,4.606725047059131E-6
0.9868615109880812,4.6067792570491E-6
0.9876121519209204,4.607285195668429E-6
0.9883630575055012,4.60826240501131E-6
0.9891136136597461,4.610374894495137E-6
0.9898646030216969,4.612826909497007E-6
0.9906150796085328,4.616769826042267E-6
0.9913661505148329,4.62142950867374E-6
0.9921165469063072,4.627432019599271E-6
0.9928676862080795,4.634601056936522E-6
0.9936180252347456,4.642655236493063E-6
0.9943692379641925,4.652134631673809E-6
0.9951194927822488,4.661926882317417E-6
0.9958707438373963,4.67259155921033E-6
0.9966210025475545,4.682871441586595E-6
0.9973723189003751,4.693416337739032E-6
0.9981224275671273,4.7081676025985695E-6
0.9988737692885281,4.71567323560558E-6
0.9996241110502936,4.547168063561078E-6
1.000375,-3.5568154386062456E-5
