0.14725000000000002,0.0015956167219874317
0.1481508836132203,0.0046268285488408395
0.14905160693344083,0.01048082303214076
0.1499530340538778,0.015007568393641764
0.1508537801152517,0.017525364851670912
0.15175398397745843,0.018278511505507803
0.1526552514693783,0.017734118473640804
0.15355686586730005,0.016382899393763185
0.1544571154133805,0.014621968165420805
0.1553576980529211,0.012727840905541129
0.15625928233114986,0.010885383131265363
0.15716018905569776,0.009217925969851265
0.15806035753647868,0.007760552010407658
0.15896155382384794,0.006530135770615278
0.15986316019123792,0.005505113329669836
0.1607633966879544,0.0046403319919829395
0.16166395964102043,0.003900310200599
0.1625655853750606,0.003247786255550846
0.16346654718232403,0.002645549232140863
0.16436667097026908,0.0020674811483556497
0.16526783565286746,0.0014986139370931752
0.16616947702404025,9.281644163949606E-4
0.1670697128938856,3.4827113698976587E-4
0.1679702380447377,-2.3453164989245377E-4
0.1688718807100326,-8.131940803537855E-4
0.1697728896926905,-0.0013838460732397586
0.170672973554323,-0.0019372510493431121
0.1715741145652933,-0.0024624334899495115
0.17247579852120415,-0.0029520555293742067
0.17337603798408047,-0.0034019601059290783
0.17427651998730614,-0.003808284504673692
0.17517817300589328,-0.004158756364896117
0.17607922987682584,-0.004462765510647508
0.1769792754431619,-0.004714597792001788
0.1778803922384171,-0.004914451422069973
0.1787821190297288,-0.005065977876693202
0.1796823659487842,-0.005175627586022703
0.18058280274833907,-0.005239626072220623
0.18148446325450113,-0.005263269149423018
0.1823855704818572,-0.0052536638818415395
0.18328557885673638,-0.005216479151525118
0.18418666893537702,-0.005151500554569236
0.18508843758973495,-0.0050598949416749426
0.18598869570049062,-0.004952328079475803
0.18688908601436013,-0.004830545674456275
0.18779075177644666,-0.004696164646218467
0.18869191180451356,-0.004548131457124177
0.18959188406496577,-0.004399479129682773
0.1904929449161567,-0.004241468070821045
0.1913947540357067,-0.004082629358325002
0.19229502715484126,-0.0039212572460473405
0.19319536989705313,-0.0037636837375453866
0.19409703837903725,-0.003603720145226062
0.19499825359370698,-0.0034467302752958207
0.19589819112589346,-0.0032967176369530665
0.19679922014928505,-0.003148560986453088
0.19770106838671495,-0.003001031410866694
0.1986013603993943,-0.00286074131681046
0.19950165435839348,-0.0027245978433487264
0.20040332326438298,-0.002589984160106601
0.20130459565509223,-0.002459184177674952
0.20220449990851525,-0.002333435268560999
0.20310549479994183,-0.0022081224456618974
0.20400738077152564,-0.002081316037498453
0.20490769546166782,-0.0019573481405953694
0.20580793968167718,-0.0018331906687511256
0.20670960643953365,-0.0017047006196476728
0.20761093783533333,-0.0015730352608845043
0.2085108106395289,-0.0014398227445715096
0.20941176890998756,-0.0012984267172762207
0.21031369087245494,-0.001148874830950577
0.21121403225431712,-9.930522444772558E-4
0.21211422594938045,-8.273183273657533E-4
0.2130158878093246,-6.482919267109271E-4
0.21391727994261364,-4.568983716919705E-4
0.214817123201256,-2.5390257112467384E-4
0.21571804256185706,-3.471741411882607E-5
0.21661999866003598,2.0143245127886736E-4
0.21752037079602926,4.5133320207202556E-4
0.21842051317524863,7.166103810442073E-4
0.21932216743297486,9.98224784836398E-4
0.22022362177982419,0.0012912440158138556
0.22112343778623042,0.0015880306296343076
0.2220243159291054,0.0018872649090532969
0.2229263043016959,0.00218040663559251
0.22382671105526689,0.002450044928306205
0.22472680155383787,0.0026790803951336323
0.22562844552870928,0.0028544285154838557
0.22652996316984786,0.002938428207609411
0.22742975430038337,0.0029110158304606706
0.22833058897490302,0.0027316625003784125
0.22923260775704932,0.0023759191240710874
0.23013305290098116,0.0018096795793440831
0.23103309107867978,0.0010101728104421998
0.23193472202732018,-2.032396155483536E-5
0.23283630391876933,-0.0012658505292264947
0.23373607287213632,-0.002680406350120262
0.23463686193521527,-0.004176455975693231
0.23553890880649678,-0.005636591094191463
0.23643939634907882,-0.006927371041607974
0.2373393819569542,-0.007914715278675802
0.23824099706399463,-0.008479257357002598
0.23914264380758316,-0.008578481487316178
0.24004239345107942,-0.00822839414895819
0.24094313473527937,-0.007485576868344144
0.24184520755284913,-0.006428463049215764
0.2427457412615586,-0.005188279331922718
0.24364567413240018,-0.0038680634693263613
0.2445472705344733,-0.0025529515514939264
0.24544898262226592,-0.0013278943133218765
0.24634871618218412,-2.458640639221327E-4
0.24724940766051273,6.644502623332993E-4
0.2481515038320979,0.001386430072400288
0.24905208763915176,0.0019210857770754703
0.24995196777424145,0.0022837591175540236
0.2508535426297345,0.0024906113182658457
0.2517553201337313,0.0025674045557217287
0.25265504101927794,0.0025371569044011434
0.25355568068296125,0.002426078372256611
0.25445779800814666,0.002255515264232702
0.2553584353374536,0.0020402776996849233
0.2562582629608098,0.0017963649395318106
0.25715981356400264,0.0015386045662718142
0.2580616561029888,0.0012749773789006806
0.258961367980229,0.0010100194200839809
0.25986195391231914,7.523378807087783E-4
0.2607640896280605,5.070526592691346E-4
0.2616647842767225,2.707504636452519E-4
0.26256455971167003,4.8762092194411046E-5
0.2634660831152141,-1.5724580356030695E-4
0.2643679902733717,-3.462465158312875E-4
0.2652676970513185,-5.218523141160698E-4
0.26616822748375396,-6.798890651361853E-4
0.26707037914894793,-8.195614858700232E-4
0.2679711343609168,-9.450282662581491E-4
0.2688708581901945,-0.001055390067085411
0.26977235152427476,-0.0011481519519894946
0.27067432238609246,-0.001225629309286106
0.27157402832972427,-0.0012923278003859552
0.27247450150749697,-0.00134480688958772
0.2733766661828523,-0.0013828743575899484
0.27427748548026293,-0.0014117086280330871
0.27517715845783963,-0.0014321071033915021
0.2760786188952154,-0.0014411039513259878
0.2769806521608674,-0.0014414393679882255
0.2778803617680624,-0.00143726712773656
0.27878077608240864,-0.001426244884409858
0.2796829509557988,-0.0014080526920156225
0.28058383752991545,-0.0013874807017971637
0.2814834605915541,-0.0013644085994468022
0.2823848852771854,-0.0013367429185941661
0.28328697934953256,-0.0013053134668244083
0.28418669733860963,-0.001275807098570593
0.28508705131864454,-0.0012443492690976464
0.28598923360339285,-0.0012094142576665134
0.286890190358987,-0.001175125575118605
0.2877897645921395,-0.0011420765444041289
0.2886911507888966,-0.001106409444604066
0.2895933038143976,-0.0010692046911021976
0.2904930350509187,-0.001034697498222391
0.2913933272622479,-9.9884858407554E-4
0.2922955139616757,-9.599807143163974E-4
0.29319654385142563,-9.216225013801626E-4
0.2940960705887026,-8.84027293111404E-4
0.29499741547156794,-8.428112449148898E-4
0.29589962559819494,-7.983917028971231E-4
0.29679937489364044,-7.548873948155299E-4
0.2976996040042346,-7.080180208071336E-4
0.29860179210687304,-6.556199854138466E-4
0.29950289785047257,-6.0112693183887E-4
0.30040237868074315,-5.444803141118465E-4
0.30130367941875513,-4.8114450591398434E-4
0.30220594444901994,-4.120583433997768E-4
0.3031057168531699,-3.4103294888353165E-4
0.30400588175531446,-2.646121625893818E-4
0.3049080681294666,-1.8026857675158963E-4
0.30580925221834887,-9.324340563211182E-5
0.3067086888374413,-4.551265687696582E-6
0.30760994282324344,8.92079363909714E-5
0.30851226035561846,1.853968992201141E-4
0.3094120608945126,2.7749024640925143E-4
0.31031216057130295,3.659463900234202E-4
0.3112143420470388,4.4795695827700625E-4
0.3121156067739411,5.174697102825174E-4
0.3130150011452562,5.683430681538204E-4
0.3139162056496531,5.962447264379733E-4
0.3148185734126836,5.987654622371918E-4
0.3157184070102511,5.621197146411216E-4
0.3166184404519196,4.863427606995356E-4
0.31752061393821757,3.676364401042433E-4
0.3184219613585137,2.0194423787349628E-4
0.3193213156713468,-1.5411780904031047E-5
0.32022246808297855,-2.752384088458981E-4
0.3211248835453593,-5.728267233339403E-4
0.3220247551014141,-9.034622245350741E-4
0.32292472168370534,-0.001251316419257823
0.32382688385647534,-0.0015984663455998326
0.3247283157859046,-0.0019293299137173913
0.3256276324620735,-0.0022276893067021864
0.326528730106981,-0.00247191428868166
0.3274311908448348,-0.002647757044334793
0.3283311051657008,-0.00274746483992713
0.3292310041422494,-0.0027650615040576408
0.3301331518944307,-0.002692764541242906
0.3310346698649936,-0.002540998027320503
0.3319339515969212,-0.002325605348878697
0.3328349920302323,-0.0020471807207085393
0.33373749488664406,-0.0017312884769661277
0.33463745714218335,-0.0013952430984442309
0.33553728812064865,-0.001056505049225434
0.3364394179823592,-7.254864557757332E-4
0.3373410233895101,-4.2045173919046883E-4
0.3382402730455663,-1.540713906045955E-4
0.33914125380997695,7.305080874463345E-5
0.34004379618092784,2.5745011907912324E-4
0.340943810941928,3.90848811579254E-4
0.34184357361971796,4.795008779970429E-4
0.34274568242393827,5.306688616767004E-4
0.34364737615590474,5.453707606534592E-4
0.34454659692614653,5.261171320404092E-4
0.3454475155134524,4.821133342332562E-4
0.3463500942522879,4.207633476920636E-4
0.34725016653146656,3.419697808704228E-4
0.3481498607221825,2.524930795996591E-4
0.34905194502778525,1.5959483188740715E-4
0.3499537279496279,6.367151232081035E-5
0.3508529232287416,-3.523392082563928E-5
0.3517537773815591,-1.310326989617328E-4
0.35265638955494544,-2.214577838161862E-4
0.35355652382788216,-3.0941314320620604E-4
0.35445614955209265,-3.9293736356284747E-4
0.35535820614536556,-4.6803135592412247E-4
0.3562600785097808,-5.365866922494191E-4
0.357159251949567,-6.015379224025751E-4
0.3580600394923416,-6.58214239788964E-4
0.358962681688508,-7.06374589896534E-4
0.35986288271627265,-7.507185024536631E-4
0.360762440222627,-7.893838565692919E-4
0.36166446571665,-8.195720188751526E-4
0.36256642762809366,-8.443377689249995E-4
0.3634655831377291,-8.668872614031362E-4
0.36436630194671715,-8.824548801451466E-4
0.36526897101831857,-8.915183144316506E-4
0.3661692431342252,-8.995102095576991E-4
0.36706873274159263,-9.043748856676105E-4
0.3679707237856763,-9.028865244515392E-4
0.3688727750265757,-8.98590814757195E-4
0.36977191683333005,-8.950892155389739E-4
0.37067256479540656,-8.872386236569463E-4
0.37157525730825613,-8.751446393289914E-4
0.3724756049715432,-8.647814507372799E-4
0.37337502726016286,-8.537748569859765E-4
0.37427698053740965,-8.382326093884468E-4
0.37517912046924845,-8.215023323870841E-4
0.37607825299074654,-8.081165397463692E-4
0.3769788281734904,-7.922668636201768E-4
0.377881540763406,-7.72814627421614E-4
0.3787819681170061,-7.556307151158211E-4
0.3796813238415852,-7.39659515171076E-4
0.3805832360592592,-7.200653420772558E-4
0.3814854636345028,-6.989809071581829E-4
0.3823845917023185,-6.809569017362446E-4
0.38328509228760277,-6.6107182815902E-4
0.38418782135851987,-6.376113917351802E-4
0.3850883324563459,-6.152936816448116E-4
0.385987622613331,-5.93435743162864E-4
0.38688949048269705,-5.677719458408028E-4
0.38779180428843807,-5.398320367065313E-4
0.388690932889863,-5.134287720599608E-4
0.38959135708997206,-4.841788729754856E-4
0.3904940991021915,-4.5075354760605227E-4
0.3913946978608735,-4.1744213520289523E-4
0.3922939235092546,-3.830973229002208E-4
0.39319574379419475,-3.4452874217499814E-4
0.39409814208876864,-3.036040770349052E-4
0.39499727657853173,-2.6453575737903426E-4
0.3958976227996443,-2.2261335390164852E-4
0.39680037406067326,-1.7803190206328368E-4
0.39770106419897067,-1.360127306962279E-4
0.39860022678801393,-9.68921354308664E-5
0.3995019961198055,-5.763895339021036E-5
0.40040447674018625,-2.1982031014710847E-5
0.4013036227542775,4.041676124740708E-6
0.402203889510724,2.306517575351132E-5
0.4031066463218128,3.562998754367564E-5
0.40400743131909295,3.2751152820379674E-5
0.40490653233503177,1.4032048214543281E-5
0.40580824765999124,-1.704092336193691E-5
0.4067108078971556,-6.458458927277994E-5
0.40760997140150096,-1.339915113387836E-4
0.4085101572718645,-2.1995433234155403E-4
0.409412916023209,-3.1907270925453314E-4
0.4103137990825963,-4.342618354190115E-4
0.411212840366827,-5.631707327220706E-4
0.4121144984199407,-6.955467595848165E-4
0.4130171353185057,-8.274648067290899E-4
0.4139163224759899,-9.583962003381237E-4
0.4148164263329462,-0.001078748031047322
0.41571918304453176,-0.00118008915673005
0.4166201673125531,-0.0012619298554182746
0.4175191509057642,-0.001319075010351242
0.4184207484500571,-0.0013466238834180491
0.4193234589230526,-0.0013420470163379209
0.4202226759840013,-0.0013098595638314622
0.4211226966649645,-0.0012509096554640304
0.42202544747511384,-0.001162446778860243
0.4229265358498062,-0.0010576529956242775
0.4238254639604564,-9.377737118533091E-4
0.4247269981475104,-8.060822488254295E-4
0.42562977838237753,-6.679401630326475E-4
0.42652903187750596,-5.359430671091921E-4
0.42742896838096484,-4.107024225138671E-4
0.42833170952887856,-2.9323611994498374E-4
0.42923290449561186,-1.9016204688065917E-4
0.43013177960626503,-1.065919205482965E-4
0.4310332473749944,-3.8573369682329756E-5
0.43193609415584305,1.3571365724836879E-5
0.4328353900804383,4.596380448497124E-5
0.4337352416864143,6.212381147064341E-5
0.43463796913451475,6.607728773198946E-5
0.4355392730774435,5.6533307637691E-5
0.43643809798406935,3.549788133205176E-5
0.43733949634582847,8.650318484753774E-6
0.4382424057880629,-2.410976942151305E-5
0.43914175057542243,-6.496051811538934E-5
0.4400415166257271,-1.0708504646400588E-4
0.44094422653801235,-1.4795465549887932E-4
0.4418456413857897,-1.911694055683184E-4
0.44274441897691313,-2.3613607007445795E-4
0.4436457450675011,-2.7598201008688215E-4
0.44454871366040954,-3.1259819097883716E-4
0.44544811329780487,-3.515935127750558E-4
0.4463477933203199,-3.869131500260844E-4
0.44725048161764414,-4.1513368149369284E-4
0.448152009227281,-4.423221969027266E-4
0.44905074279559065,-4.7047303338953366E-4
0.4499519938577654,-4.920539240369918E-4
0.45085501755830576,-5.078028261088291E-4
0.45175447817133163,-5.254668835458534E-4
0.4526540719194555,-5.4120192517492E-4
0.4535567347803816,-5.498948339414198E-4
0.4544583763399053,-5.563575129311113E-4
0.4553570693748781,-5.648762139155513E-4
0.4562582426632712,-5.693996109351825E-4
0.45716131755754097,-5.686330197225236E-4
0.4580608451253334,-5.692972923847686E-4
0.4589603523725071,-5.697714878638839E-4
0.4598629857163433,-5.661020227217056E-4
0.460764742555732,-5.607670495582593E-4
0.4616633987591994,-5.57235328489923E-4
0.4625644916612061,-5.51355254079376E-4
0.46346761370963907,-5.429874186837474E-4
0.4643672140816913,-5.361694474468678E-4
0.4652666349292792,-5.286591674740683E-4
0.4661692349369551,-5.18631508993955E-4
0.4670711075409778,-5.09102172042879E-4
0.46796973100848366,-5.010162262057862E-4
0.46887074097305215,-4.899069632273539E-4
0.4697739060346053,-4.7768523577158064E-4
0.47067358495026484,-4.687541216832971E-4
0.47157291956494635,-4.581536543952204E-4
0.4724754821407175,-4.438707369210422E-4
0.4733774711361178,-4.3135218178049704E-4
0.47427606612017537,-4.2146886866197626E-4
0.4751769906853683,-4.0689615375805703E-4
0.4760801944688512,-3.8977389091913946E-4
0.4769799576330781,-3.7710815064718816E-4
0.4778792065236388,-3.6359129054390016E-4
0.4787817277602509,-3.441755293349506E-4
0.47968383301966455,-3.249753253647246E-4
0.48058240411287767,-3.101561127876075E-4
0.48148324095313466,-2.911123282899211E-4
0.4823864794568353,-2.672270685317609E-4
0.4832863320289171,-2.4697703865639563E-4
0.48418549577517367,-2.2817146980894196E-4
0.48508797179629637,-2.0452550680533758E-4
0.48599019296728924,-1.7946726832646488E-4
0.48688874501877016,-1.594931711364065E-4
0.4877894920341428,-1.3979412915953238E-4
0.4886927605009249,-1.1735525324246376E-4
0.4895927080151683,-9.878000607940772E-5
0.4904917874363782,-8.597487187578899E-5
0.4913942143046665,-7.445294099048331E-5
0.49229655060181066,-6.571573689309287E-5
0.4931950888270886,-6.614106527831032E-5
0.4940957437777504,-7.197085231555238E-5
0.49499903815992324,-8.38645377238474E-5
0.49589908547817274,-1.0477963306406731E-4
0.49679808160108874,-1.3467192884855002E-4
0.4977004554576441,-1.7099814207122602E-4
0.49860290571156457,-2.1621498826374444E-4
0.4995014355436317,-2.7041499182905895E-4
0.5004019965442174,-3.2806071700602896E-4
0.5013053121855086,-3.88589995927031E-4
0.502205464279667,-4.5409842875372355E-4
0.503104378340551,-5.17520850255662E-4
0.5040066954756074,-5.732761103342118E-4
0.5049092579924526,-6.239055320856173E-4
0.5058077851686129,-6.698104178864019E-4
0.5067082503873969,-7.010049774846241E-4
0.5076115826189668,-7.169406519616949E-4
0.5085118442764424,-7.26375000159199E-4
0.5094106777748998,-7.224506764062898E-4
0.5103129341444814,-7.006878250164279E-4
0.5112156070157524,-6.665276030667103E-4
0.5121141376813166,-6.298658433242044E-4
0.5130145053711304,-5.820067601891691E-4
0.5139178497189985,-5.223892412685381E-4
0.5148182253244465,-4.602279495881445E-4
0.5157169799412926,-3.991556475201447E-4
0.5166191719403499,-3.3470910403113867E-4
0.5175219525576927,-2.714876767984755E-4
0.5184204930776678,-2.1687686130344587E-4
0.5193207616024101,-1.6683532040005506E-4
0.5202241136947718,-1.2051827980623988E-4
0.5211246072776351,-8.485844876577116E-5
0.5220232848921732,-5.966678573027629E-5
0.5229254089240581,-3.880836977694508E-5
0.5238282942469119,-2.4744910428099303E-5
0.5247268513242745,-2.2181466784947192E-5
0.5256270192753941,-2.4734662224573373E-5
0.5265303741662551,-2.9326077819105896E-5
0.5274309899346351,-4.1019723082427737E-5
0.5283295928075463,-5.831180774742847E-5
0.5292316451052075,-7.461986860780305E-5
0.5301346317466682,-9.191217644160815E-5
0.5310332123859488,-1.1506786200089777E-4
0.5319332785914338,-1.3711285159427752E-4
0.5328366317292661,-1.5554367886174946E-4
0.5337373731689746,-1.763380035199664E-4
0.5346359035832073,-1.9870979854200765E-4
0.5355378805809264,-2.163881639703637E-4
0.5364409646094594,-2.316683366804738E-4
0.537339576238482,-2.502244807636405E-4
0.5382395394748061,-2.6595507368662756E-4
0.5391428859956233,-2.7651046851900077E-4
0.540043756749191,-2.8813585454699026E-4
0.5409422174145212,-3.0091939330274364E-4
0.541844115570336,-3.084037267381911E-4
0.5427472925160051,-3.132042998650398E-4
0.5436459428144381,-3.213521671211733E-4
0.5445458021411965,-3.2704865761454304E-4
0.5454491374940459,-3.275896463962128E-4
0.5463501404823591,-3.2959296804343396E-4
0.5472485343157367,-3.334050773604459E-4
0.5481503502372249,-3.3244414641602117E-4
0.5490536152997395,-3.290611259946229E-4
0.549952312080816,-3.2985986627762E-4
0.5508520667792136,-3.287015711312522E-4
0.551755386242579,-3.2286138563657473E-4
0.5526565241510942,-3.1894550176609585E-4
0.553554854367459,-3.176706941040743E-4
0.5544565847931446,-3.1207866906980133E-4
0.5553599331543183,-3.0435536067142726E-4
0.5562586839705081,-3.012591839595272E-4
0.557158333332741,-2.9693850824058976E-4
0.5580616320469873,-2.881624590446834E-4
0.5589629076091802,-2.813674134515645E-4
0.5598611775237368,-2.7769076133471015E-4
0.560762819115596,-2.6988365430178957E-4
0.5616662458793841,-2.5987187982185145E-4
0.5625650584166731,-2.544829869520037E-4
0.5634646020503674,-2.48190614209512E-4
0.5643678753141984,-2.3726901204582123E-4
0.5652692905320242,-2.281765745710615E-4
0.5661675039570288,-2.2208055804566723E-4
0.5670690535441751,-2.119561876385685E-4
0.5679725533929579,-1.9928277198981854E-4
0.568871435345223,-1.9108754563304132E-4
0.5697708730111389,-1.8189892440000316E-4
0.5706741161221786,-1.6801324785857726E-4
0.5715756727136266,-1.5552567657287615E-4
0.5724738335772216,-1.4642677818442877E-4
0.5733752881707775,-1.3319442199781974E-4
0.5742788562547216,-1.1790201455776604E-4
0.5751778146808791,-1.0704265401932068E-4
0.5760771463292939,-9.60745304415224E-5
0.5769803546641676,-8.120908967729936E-5
0.5778820539842481,-6.871118119828707E-5
0.57878016651585,-6.0857354643807455E-5
0.5796815231193135,-5.1469198503411535E-5
0.5805851540270347,-4.127342508021825E-5
0.5814841963109707,-3.804059616434321E-5
0.582383422045537,-3.761113903583222E-5
0.583286590773997,-3.554567349632444E-5
0.5841884339391288,-3.913749723871268E-5
0.5850865027351678,-5.0551130582563525E-5
0.5859877585133311,-6.291576567065741E-5
0.5868914471018493,-7.683276305953252E-5
0.5877905801593684,-1.001119138946725E-4
0.5886897003304412,-1.276102663468719E-4
0.5895928248691973,-1.544041508227746E-4
0.5904948124165109,-1.8583811682763951E-4
0.5913928423030019,-2.2341796360881105E-4
0.5922939945134519,-2.5742762605109564E-4
0.5931977354557024,-2.8666706221921144E-4
0.5940969661153436,-3.1747952153278225E-4
0.5949959813380922,-3.4413381840325943E-4
0.5958990568817305,-3.5908168321660886E-4
0.5968011891264998,-3.677188730194251E-4
0.5976991852079956,-3.7480199686644157E-4
0.5986002312581606,-3.729811076603209E-4
0.5995040191239396,-3.626604218202545E-4
0.600403354039109,-3.531919883484854E-4
0.6013022649938473,-3.393732510577259E-4
0.6022052872107571,-3.164303040209631E-4
0.6031075637348905,-2.899950931399345E-4
0.6040055314993649,-2.649359430094868E-4
0.604906468741952,-2.3367894834092033E-4
0.6058102983600346,-1.976213490928203E-4
0.6067097438421589,-1.6620979896879727E-4
0.6076085515520774,-1.3682406123700623E-4
0.6085115156830206,-1.042698329709222E-4
0.6094139359148599,-7.551036658420649E-5
0.6103118811063258,-5.517270774250978E-5
0.6112127074663348,-3.54523944889825E-5
0.6121165730009194,-1.6171457497050614E-5
0.6130161353839144,-6.2019361781136545E-6
0.6139148410756134,-1.1003189856366573E-6
0.6148177425824796,5.231261028313695E-6
0.6157203053676279,7.763840405101697E-6
0.6166182340894435,2.110251176075021E-6
0.6175189471469388,-2.9286447599043797E-6
0.6184228432061173,-6.489555984686225E-6
0.6193225284674497,-1.6067831279181206E-5
0.6202211336440502,-2.815955178659613E-5
0.6211239679081143,-3.6042979683453256E-5
0.6220266718685761,-4.4941187842923015E-5
0.622924590431876,-5.9010291321185815E-5
0.6238251882996949,-7.002386065594589E-5
0.6247291091921927,-7.69677190307196E-5
0.6256289230301451,-8.808777326911386E-5
0.6265274292510343,-1.0029407491305633E-4
0.6274301921476808,-1.0666683983617806E-4
0.6283330349058837,-1.1253903753161383E-4
0.6292309500915249,-1.230494661417085E-4
0.6301314307376561,-1.299487168555301E-4
0.6310353710186695,-1.3192744861945815E-4
0.6319353187982616,-1.378191305794376E-4
0.6328337281817806,-1.4480999538464572E-4
0.63373641526871,-1.457844812477415E-4
0.634639394344741,-1.4589228301866203E-4
0.6355373130310679,-1.5120891624123765E-4
0.6364376745815883,-1.5293841473765967E-4
0.6373416285434492,-1.4979975475914496E-4
0.6382417156424609,-1.5058580573873236E-4
0.63914003050039,-1.532534355343163E-4
0.6400426376729998,-1.4981852631234616E-4
0.6409457498020436,-1.4582857771133995E-4
0.6418436792027361,-1.4727322784809817E-4
0.6427439198440835,-1.458447009046308E-4
0.6436478817135945,-1.3932155623303197E-4
0.6445481133388203,-1.37182739763753E-4
0.6454463363392208,-1.3719673185394598E-4
0.6463488594572765,-1.3158483190367807E-4
0.6472521011792716,-1.2505518841297706E-4
0.6481500485512095,-1.246198091282189E-4
0.6490501666557408,-1.2128380596528206E-4
0.6499541309442418,-1.130887715548934E-4
0.6508545115907125,-1.0898727003209118E-4
0.6517526457476208,-1.0767325025784063E-4
0.6526550806724687,-1.0053665235458601E-4
0.6535584474496666,-9.253191938941096E-5
0.6544564212613676,-9.04061664437772E-5
0.6553564163757203,-8.58538773431808E-5
0.6562603778755305,-7.60880238154135E-5
0.6571609111533775,-7.03859153527433E-5
0.6580589563948478,-6.75234943123064E-5
0.6589612960570821,-5.8997526171123976E-5
0.6598647834157612,-4.9149620475151733E-5
0.6607627986646297,-4.527228928954275E-5
0.6616626789959769,-3.912052543614882E-5
0.6625666369167487,-2.771655791813772E-5
0.6634673174771806,-2.0475207554199308E-5
0.6643652557173885,-1.6632809539715688E-5
0.6652674775502827,-7.417881272751395E-6
0.6661710831203081,2.9921829082762583E-6
0.6670691862024675,7.175849547717464E-6
0.667968999354481,1.3054051850717253E-5
0.6688729697640468,2.279360655106979E-5
0.6697737562000696,2.721042342834352E-5
0.6706714919719341,2.612498847426329E-5
0.671573512014239,2.9716222364090294E-5
0.6724772505960759,3.5255885045898914E-5
0.673375617817801,3.313719728527797E-5
0.6742755562204551,2.6923580686592008E-5
0.6751795815674624,2.161261443064601E-5
0.6760802177369531,1.5694769178338233E-5
0.6769773049989051,6.989395338797453E-6
0.6778789038683166,-5.3613975920425894E-6
0.6787832251658267,-2.123033616625045E-5
0.6796829292839944,-3.998247174468353E-5
0.6805824151905678,-5.687353700115295E-5
0.6814840571482511,-7.39820891708657E-5
0.6823856159459584,-9.701309629051645E-5
0.6832860076367716,-1.2276623154708796E-4
0.68418662603223,-1.3865298912069026E-4
0.6850880755382215,-1.4496111904830605E-4
0.6859886819072508,-1.4937803350584578E-4
0.6868896769891755,-1.4928781621844142E-4
0.6877904642973459,-1.4255148419162753E-4
0.6886914668278022,-1.3513635847758434E-4
0.6895923819764446,-1.3056987758902145E-4
0.6904931318919447,-1.2593994725285722E-4
0.6913942825964693,-1.190069780222151E-4
0.6922949223246853,-1.0983067470560676E-4
0.6931960545568275,-9.774791255929698E-5
0.6940967722621494,-8.274099227400791E-5
0.6949977544694321,-6.602184232444566E-5
0.6958986810827029,-4.860818849698792E-5
0.6967994559417346,-3.089732028385219E-5
0.6977005796696474,-1.3470963810625278E-5
0.6986012229062994,2.5701825702550493E-6
0.699502372722078,1.755453219438309E-5
0.7004030700765794,3.072607208364653E-5
0.7013040710824765,4.1889707032612915E-5
0.7022049763088788,5.086007343867698E-5
0.7031057694458049,5.803333139925107E-5
0.7040068803946461,6.300719290091318E-5
0.7049075278210355,6.581213350536356E-5
0.7058086870774327,6.702986358541439E-5
0.70670936778907,6.682090432576751E-5
0.7076103892642017,6.504041656302366E-5
0.7085112710199886,6.208203165571048E-5
0.7094120832680769,5.818933056784594E-5
0.7103131803589497,5.3975769381133724E-5
0.711213833703044,4.8739722521101924E-5
0.7121150004346073,4.364272850977448E-5
0.7130156658816849,3.803812754794899E-5
0.7139167076121286,3.2715562677745774E-5
0.7148175658153005,2.70759056118111E-5
0.7157183978948188,2.2022493971531014E-5
0.716619479112417,1.709873569027669E-5
0.7175201403405488,1.2367779610430034E-5
0.7184213126868203,8.012019431458767E-6
0.7193219646374449,4.2279723647649226E-6
0.7202230260221977,6.596817366507119E-7
0.7211238604139136,-2.4588563980424384E-6
0.7220247132094066,-5.194332027131818E-6
0.7229257770428974,-7.174441735744299E-6
0.7238264479530608,-9.288224684077919E-6
0.7247276236512279,-1.0538905159353866E-5
0.725628264071932,-1.1625969642080209E-5
0.7265293444168825,-1.2105001926630186E-5
0.7274301551138129,-1.2596945953673546E-5
0.7283310292121451,-1.240500336509532E-5
0.7292320740572646,-1.188126246223979E-5
0.7301327563734309,-1.1313903285808973E-5
0.7310339331919586,-1.0275798330393402E-5
0.7319345640473265,-8.975365188522901E-6
0.7328356626894442,-7.371917231958277E-6
0.7337364498172461,-5.800011705653401E-6
0.7346373458396521,-3.7585772037372984E-6
0.7355383703623214,-1.4531882439731554E-6
0.7364390657424611,7.839341880782561E-7
0.7373402411374369,3.346588909906748E-6
0.738240864881783,6.146599475475369E-6
0.7391419807358001,9.048561625763523E-6
0.7400427448021332,1.1946237687595182E-5
0.7409436630659131,1.5074700073123526E-5
0.7418446659860175,1.862540858553252E-5
0.74274537598276,2.178880348207383E-5
0.7436465474180162,2.552152528475988E-5
0.7445471663632763,2.9130191094191005E-5
0.74544829844266,3.319707533279505E-5
0.7463490400562172,3.6821575469997656E-5
0.7472499808484634,4.114817053183778E-5
0.748150961092748,4.541001134003911E-5
0.7490516870753322,4.9756846108630414E-5
0.7499528520639315,5.406495191015911E-5
0.7508534686911686,5.875219047387469E-5
0.7517546156804393,6.329328923460516E-5
0.7526553356172518,6.788005319442294E-5
0.7535562990745166,7.251429723207344E-5
0.7544572557315001,7.760629645828193E-5
0.7553579991250586,8.185036868877496E-5
0.756259155067543,8.623904089118471E-5
0.7571597718438645,9.005773993554725E-5
0.7580609323107893,9.376451003390392E-5
0.7589616314540771,9.66677888820771E-5
0.7598626177269351,9.991647631761612E-5
0.7607635499955178,1.0222763118136726E-4
0.7616643119820533,1.0330448065171747E-4
0.7625654568827468,1.0274527052969682E-4
0.7634660758404798,1.0161896371329898E-4
0.7643672482093399,9.997534887300116E-5
0.7652679278309853,9.689978053062423E-5
0.7661689367052524,9.19446515959073E-5
0.767069843897977,8.570925609519449E-5
0.767970625754081,7.877135876744186E-5
0.7688717571774533,7.113865733037082E-5
0.7697723808091864,6.194001937278222E-5
0.7706735632403859,5.162493659515525E-5
0.7715742247741072,3.945261037661269E-5
0.7724752559323244,2.4408561387904896E-5
0.7733761376590561,6.885423940467684E-6
0.7742769403251513,-9.944731263837532E-6
0.7751780563967692,-1.770383167410626E-5
0.7760786866085612,-1.0446456190237022E-5
0.7769798771984116,8.891115774666172E-6
0.777880522248012,2.630244563603148E-5
0.778781575327977,3.2835795477113155E-5
0.7796824313517613,2.9894757122826607E-5
0.780583255677991,2.633582001144785E-5
0.7814843546237329,2.6173424562581335E-5
0.7823849933503805,3.0267785515880403E-5
0.783286189964217,3.6775263172602986E-5
0.7841868202817023,4.478488214186414E-5
0.7850878947973668,5.340647535637392E-5
0.7859887249292232,6.264819762761965E-5
0.7868895718175285,7.160262551637644E-5
0.787790651727118,8.084302221057818E-5
0.7886913010768224,8.910934827229802E-5
0.7895925013788846,9.72769218145258E-5
0.7904931191595831,1.0409179937549276E-4
0.7913942142358704,1.1052650944845023E-4
0.7922950185001668,1.154176364039228E-4
0.7931958887081514,1.1970130635656429E-4
0.7940969479186952,1.2273842518217934E-4
0.7949976097421533,1.249171570097027E-4
0.7958988112018051,1.260370357519602E-4
0.796799418670621,1.264533813463788E-4
0.7977005335319368,1.260673838126446E-4
0.7986013122838006,1.25170974668797E-4
0.7995022062393066,1.235176671024268E-4
0.8004032432519183,1.2169329369843507E-4
0.801303919433944,1.1929036121510559E-4
0.8022051192813846,1.169586911266467E-4
0.8031057189286545,1.1416400680622675E-4
0.8040068525820279,1.115035360595546E-4
0.8049076062635587,1.0866219585044701E-4
0.8058085244335795,1.0591933892458776E-4
0.8067095380338836,1.0330258121179228E-4
0.8076102300453938,1.0062907249666754E-4
0.8085114255481474,9.835404360176158E-5
0.8094120200819095,9.591880099449939E-5
0.8103131712453598,9.400679627140348E-5
0.8112139004913109,9.196076693189419E-5
0.8121148431691548,9.041266344149895E-5
0.8130158320178755,8.884731424315419E-5
0.813916541576744,8.76741752683528E-5
0.8148177299587926,8.658904384549503E-5
0.8157183220846383,8.58317083917635E-5
0.8166194893947871,8.514679159220634E-5
0.8175201951224562,8.486982395410945E-5
0.8184211624211074,8.450808275822976E-5
0.8193221256182459,8.473902073466744E-5
0.8202228540998605,8.465777213778616E-5
0.8211240328014309,8.534594476108035E-5
0.8220246250213894,8.554969450702862E-5
0.8229258068812016,8.658615681443074E-5
0.8238264902497976,8.71436554547932E-5
0.8247274821110323,8.84103616044154E-5
0.8256284189436011,8.933721717733898E-5
0.8265291675965664,9.076403538022582E-5
0.8274303341890553,9.201496362379495E-5
0.82833092886908,9.359395430763486E-5
0.8292321235881405,9.506605593521507E-5
0.8301327857326558,9.683286054638538E-5
0.8310338021378254,9.843869697371867E-5
0.8319347118357738,1.0044452763205938E-4
0.8328354819701802,1.0212710698489572E-4
0.8337366340308032,1.0430856384222597E-4
0.8346372336924448,1.060654215464725E-4
0.8355384392985752,1.0834143346557554E-4
0.83643908190706,1.1023240548686418E-4
0.8373401224271878,1.1248236847413072E-4
0.8382410044241099,1.1453574221744252E-4
0.8391417972566183,1.1668507051709353E-4
0.8400429326891062,1.1883902149484912E-4
0.8409435395063215,1.2084546215049155E-4
0.8418447539027022,1.230038175670708E-4
0.8427453786335135,1.248579812957299E-4
0.843646442889923,1.2686077628404458E-4
0.8445472970805432,1.2854419304801558E-4
0.8454481133706626,1.3014751355883478E-4
0.8463492300530897,1.3144887282319842E-4
0.8472498463905311,1.3249614436058678E-4
0.8481510672304271,1.3319103347665513E-4
0.8490516760824233,1.3368812080464547E-4
0.8499527634180839,1.335261060623047E-4
0.8508535895079906,1.3315363415707413E-4
0.8517544303405681,1.3174412069640786E-4
0.852655526379807,1.3015336700510652E-4
0.8535561542429175,1.273372635139683E-4
0.8544573790486762,1.2445582469362734E-4
0.8553579742925298,1.2016141807343387E-4
0.8562590839072762,1.1570075195620853E-4
0.8571598821885064,1.0990752397241539E-4
0.8580607480553811,1.0394759557789803E-4
0.8589618218528238,9.691826517343002E-5
0.8598624630946068,8.974962974672899E-5
0.8607636891638898,8.198962358299663E-5
0.8616642732285311,7.41551531291178E-5
0.8625654042316176,6.390093000481488E-5
0.8634661748865277,4.752381980284185E-5
0.864367066512941,1.9071162784506938E-5
0.8652681163679266,-1.8462185983199724E-5
0.86616877302252,-2.3360949809770012E-5
0.867069997449858,7.420924728971223E-5
0.8679705731611781,1.0654118498305572E-4
0.8688717242872865,6.454467896268475E-5
0.869772467947879,3.985098960926668E-5
0.8706733856303883,3.3483268500439124E-5
0.8715744101213158,3.2009378141726764E-5
0.8724750839975387,3.156015069806574E-5
0.8733763037144134,3.169075895315197E-5
0.8742768738942293,3.221064020177143E-5
0.8751780439160336,3.334094745770211E-5
0.8760787612381904,3.4677084788037634E-5
0.8769797053619748,3.6274452390039734E-5
0.8778807031593576,3.799748392126692E-5
0.8787813960442988,3.962248533662978E-5
0.8796826079986146,4.129730225423452E-5
0.8805831755490308,4.2622202572314195E-5
0.8814843629656745,4.384133362206638E-5
0.8823850548467753,4.477362904591299E-5
0.883286025621725,4.524447999376637E-5
0.8841869958199287,4.571172771100959E-5
0.885087709063152,4.540179788627861E-5
0.8859889105859675,4.537467634322844E-5
0.8868894782136857,4.4325706052461946E-5
0.8877906813301117,4.377013842688673E-5
0.888691349100377,4.223727391992187E-5
0.889592346335267,4.116909607187303E-5
0.8904932878636336,3.933141991818197E-5
0.8913940230780814,3.7832828504037104E-5
0.8922952116809074,3.585806798920922E-5
0.8931957819522418,3.411697012812836E-5
0.8940969988354684,3.203045374176909E-5
0.8949976437194308,3.026172741664545E-5
0.895898667415348,2.8064478212316244E-5
0.8967995797446524,2.6473041754489225E-5
0.897700338099287,2.4239030177046215E-5
0.8986015110902454,2.290208162913092E-5
0.8995020866809857,2.0749173028398925E-5
0.9004033152787656,1.9626650550155586E-5
0.9013039391435379,1.7738165808385514E-5
0.9022049887695364,1.6749962998300753E-5
0.9031058713821118,1.528676001311575E-5
0.9040066540557065,1.4422967040036776E-5
0.9049078089953078,1.342972401824077E-5
0.9058083924267687,1.272918108505011E-5
0.906709630556898,1.2138395817899664E-5
0.9076102351082512,1.1722255572934973E-5
0.9085113102974102,1.1411308598207814E-5
0.9094121628887265,1.1399363752341855E-5
0.910312970951164,1.1317814621156206E-5
0.9112141058318606,1.1723801260622697E-5
0.9121146993586506,1.1888597350314948E-5
0.913015944381232,1.2606264765021276E-5
0.9139165319422897,1.3115000091530103E-5
0.9148176318863616,1.3989074277956793E-5
0.9157184543545349,1.4951391560293364E-5
0.9166192886951673,1.589673495764166E-5
0.9175204012628824,1.7318357525659244E-5
0.9184210072972815,1.83305888761253E-5
0.9193222566530123,2.0115118442413852E-5
0.9202228295391812,2.1276255405978255E-5
0.921123953424165,2.3243639660595306E-5
0.9220247458930806,2.466870570375234E-5
0.9229256072780846,2.6711734287609787E-5
0.9238266958704281,2.8409043846656302E-5
0.924727316436388,3.051047014099125E-5
0.9256285671299623,3.2390268395356605E-5
0.9265291279188913,3.4596699389857435E-5
0.9274302747921824,3.6490102901179695E-5
0.9283310376976827,3.88967900665066E-5
0.9292319266421817,4.068465005634222E-5
0.9301329894167587,4.327890773785883E-5
0.9310336266401603,4.4931326074138496E-5
0.9319348756048953,4.759848191484914E-5
0.932835427295199,4.915468543967629E-5
0.9337365958342042,5.16998831095404E-5
0.9346373296407932,5.3224765900956796E-5
0.9355382466999788,5.545838203623253E-5
0.9364392823629224,5.69432925593036E-5
0.9373399379459622,5.8762152317918055E-5
0.938241181872652,6.009797180250274E-5
0.9391417276861692,6.151078579472294E-5
0.9400429164334401,6.24788124185757E-5
0.940943622081616,6.351805983732337E-5
0.941844567400241,6.391877335417044E-5
0.9427455742693733,6.455266910959456E-5
0.9436462505108376,6.433328565352749E-5
0.944547486488943,6.449906281078065E-5
0.9454480285264667,6.37209147625198E-5
0.9463492360142942,6.328094225632462E-5
0.9472499162112874,6.214135605752076E-5
0.9481508886494106,6.108137701145085E-5
0.949051862762307,5.975600485063708E-5
0.9499525660066506,5.8161786241373366E-5
0.9508537943221363,5.666479670348968E-5
0.9517543234343663,5.4770391220721785E-5
0.9526555489629537,5.6975485684603594E-5
0.9535562294437511,6.619977935547816E-5
0.954457206167807,4.378922021100782E-5
0.9553581157206552,-1.5815081894064782E-4
0.9562589537795997,-3.8249986944471464E-4
0.9571599646200182,0.00156546025065655
NaN,NaN
NaN,NaN
NaN,NaN
NaN,NaN
NaN,NaN
NaN,NaN
NaN,NaN
NaN,NaN
NaN,NaN
NaN,NaN
NaN,NaN
NaN,NaN
NaN,NaN
NaN,NaN
NaN,NaN
NaN,NaN
NaN,NaN
NaN,NaN
NaN,NaN
NaN,NaN
NaN,NaN
NaN,NaN
NaN,NaN
NaN,NaN
NaN,NaN
NaN,NaN
NaN,NaN
NaN,NaN
NaN,NaN
NaN,NaN
NaN,NaN
NaN,NaN
NaN,NaN
NaN,NaN
NaN,NaN
NaN,NaN
NaN,NaN
NaN,NaN
NaN,NaN
NaN,NaN
NaN,NaN
NaN,NaN
NaN,NaN
NaN,NaN
NaN,NaN
NaN,NaN
NaN,NaN
NaN,NaN
NaN,NaN
NaN,NaN
NaN,NaN
NaN,NaN
NaN,NaN
NaN,NaN
NaN,NaN
NaN,NaN
NaN,NaN
NaN,NaN
NaN,NaN
NaN,NaN
NaN,NaN
NaN,NaN
NaN,NaN
NaN,NaN
NaN,NaN
NaN,NaN
NaN,NaN
NaN,NaN
NaN,NaN
NaN,NaN
NaN,NaN
NaN,NaN
NaN,NaN
NaN,NaN
NaN,NaN
NaN,NaN
NaN,NaN
NaN,NaN
NaN,NaN
NaN,NaN
NaN,NaN
NaN,NaN
NaN,NaN
NaN,NaN
NaN,NaN
NaN,NaN
NaN,NaN
NaN,NaN
NaN,NaN
NaN,NaN
NaN,NaN
NaN,NaN
NaN,NaN
NaN,NaN
NaN,NaN
NaN,NaN
NaN,NaN
NaN,NaN
NaN,NaN
NaN,NaN
