0.2576875,0.07031981484253856
0.25843825075075083,0.0019041562675960546
0.2591890015015016,0.0018551865955031728
0.25993975225225224,9.59884096759295E-4
0.260690503003003,6.501304841686704E-4
0.2614412537537537,7.855539646902283E-4
0.26219200450450453,0.001208660752182859
0.26294275525525534,0.0017720452716816493
0.26369350600600594,0.0023571193341212007
0.2644442567567568,0.0028992996603148537
0.2651950075075075,0.0033911737518833745
0.2659457582582582,0.0038283807362120546
0.26669650900900904,0.004212316821514132
0.2674472597597598,0.004554133179878488
0.26819801051051045,0.004875406477430832
0.26894876126126127,0.00517870555330082
0.26969951201201203,0.005466417707170772
0.27045026276276274,0.005738024427555364
0.2712010135135136,0.006001662409868134
0.27195176426426426,0.006260961526103211
0.27270251501501486,0.0065100114686875475
0.27345326576576573,0.006743155659354374
0.27420401651651655,0.00696708544989733
0.2749547672672673,0.007193177016304786
0.27570551801801796,0.007406281043370101
0.2764562687687689,0.007599868915727153
0.2772070195195196,0.007789977991135417
0.27795777027027047,0.007984791576492666
0.2787085210210211,0.008162999417999408
0.2794592717717718,0.008320640945875224
0.2802100225225225,0.008482644611646219
0.28096077327327335,0.008651004697780608
0.281711524024024,0.00879596416559428
0.2824622747747748,0.008925930568546942
0.2832130255255256,0.009065071662192312
0.2839637762762763,0.00920831818253112
0.28471452702702704,0.009323116125316768
0.2854652777777778,0.009431667757562035
0.2862160285285285,0.009550864525475568
0.2869667792792793,0.009669870404383172
0.28771753003003003,0.00976116155885083
0.2884682807807809,0.009852600275448068
0.2892190315315316,0.00995545466204304
0.2899697822822824,0.010051224582510858
0.2907205330330331,0.010125057783162517
0.2914712837837838,0.010202824840968664
0.29222203453453466,0.010288809630509743
0.29297278528528536,0.010367709251148449
0.2937235360360362,0.010428563087025519
0.2944742867867867,0.010494129701728618
0.2952250375375375,0.010563357023592509
0.2959757882882883,0.010629168056508686
0.29672653903903906,0.010678343967850187
0.29747728978978977,0.010730917451082194
0.2982280405405404,0.010789291351838417
0.2989787912912913,0.010843974674230782
0.29972954204204205,0.010882875101535731
0.30048029279279276,0.010921988210628425
0.3012310435435435,0.010972983456294053
0.3019817942942943,0.011017565989357459
0.30273254504504504,0.011044707359769448
0.30348329579579586,0.011074821456848313
0.3042340465465466,0.011120209618891215
0.3049847972972973,0.011155175769196208
0.30573554804804803,0.011170300233265509
0.3064862987987989,0.01119517865200795
0.30723704954954956,0.011234709239886254
0.30798780030030043,0.011256728500755042
0.3087385510510511,0.011262739202112666
0.30948930180180184,0.011284014272225869
0.3102400525525525,0.011318552609928778
0.31099080330330325,0.011326185429502192
0.31174155405405396,0.011326992349188035
0.3124923048048048,0.01134490562021902
0.31324305555555554,0.011370466805982582
0.3139938063063063,0.011367457289665128
0.31474455705705695,0.011364604216889392
0.315495307807808,0.011378523024873393
0.31624605855855853,0.01139331301579222
0.31699680930930907,0.011384287925398305
0.31774756006006005,0.011378991580441459
0.3184983108108107,0.011386963195403211
0.3192490615615616,0.011392917135041028
0.3199998123123124,0.011378727624755986
0.32075056306306304,0.011371014773511809
0.32150131381381386,0.011372823258204531
0.3222520645645646,0.01137556217315879
0.3230028153153152,0.01135875107521407
0.32375356606606615,0.011348482633733763
0.3245043168168167,0.01134784028374745
0.3252550675675675,0.011348857257376263
0.3260058183183183,0.011330495505334168
0.3267565690690692,0.011314134118479388
0.32750731981981995,0.011311663556614615
0.3282580705705705,0.011310586697589267
0.3290088213213214,0.011310740924127972
0.3297595720720721,0.011371520193208176
0.33051032282282267,0.01157821027440258
0.33126107357357354,0.01201942227562374
0.33201182432432413,0.012745923012139403
0.332762575075075,0.014790035256310471
0.3335133258258258,0.016964851289105364
0.33426407657657664,0.015877549632193153
0.33501482732732746,0.014365590090500608
0.33576557807807816,0.013036649983138405
0.3365163288288288,0.012099391050704511
0.3372670795795796,0.011522731025965757
0.3380178303303304,0.011226625955489301
0.33876858108108127,0.01113165126817055
0.33951933183183186,0.011150501565994588
0.34027008258258257,0.011197282414068544
0.3410208333333333,0.011261733062923796
0.3417715840840839,0.01134277449841192
0.34252233483483485,0.011421933944913726
0.3432730855855856,0.011478738983760608
0.34402383633633626,0.011534245112100393
0.344774587087087,0.01159588068780683
0.34552533783783784,0.011651997292617155
0.34627608858858855,0.011694781677107198
0.3470268393393393,0.01174170894122766
0.34777759009009007,0.011790270575437313
0.3485283408408407,0.011838475879718358
0.3492790915915917,0.011876737481950176
0.35002984234234225,0.01191758939253148
0.3507805930930931,0.01195652884198421
0.3515313438438438,0.011999054583666425
0.35228209459459464,0.012031560335397316
0.3530328453453453,0.012061055339602524
0.35378359609609616,0.012093061422086174
0.35453434684684676,0.012128890531238093
0.35528509759759763,0.012153199542601243
0.3560358483483482,0.012171634465237042
0.3567865990990991,0.012198264005730201
0.35753734984984975,0.012225893072401585
0.3582881006006006,0.012237840154123781
0.3590388513513513,0.012249204517204076
0.3597896021021022,0.012271039124488601
0.360540352852853,0.01229010788754066
0.36129110360360356,0.012291465742206782
0.3620418543543544,0.012299383445998742
0.36279260510510514,0.012317347717723824
0.363543355855856,0.01232455954442728
0.3642941066066067,0.012321204352115598
0.36504485735735737,0.012326716509305983
0.36579560810810824,0.01233920357731326
0.3665463588588588,0.012335878094012553
0.3672971096096096,0.012330251637678194
0.36804786036036047,0.012334290066850991
0.368798611111111,0.012338839787948159
0.3695493618618618,0.012330960281059478
0.37030011261261275,0.012325479983467747
0.37105086336336335,0.012326680900405469
0.3718016141141143,0.012323436761095177
0.3725523648648649,0.01231344606610675
0.3733031156156156,0.012307360612728092
0.37405386636636623,0.012302338450718294
0.3748046171171173,0.012296119594628235
0.37555536786786775,0.01228540087040866
0.37630611861861873,0.012277285352512901
0.37705686936936944,0.012265510272033535
0.3778076201201201,0.012258247060775695
0.37855837087087096,0.012246751718444573
0.3793091216216215,0.012233231679598711
0.38005987237237243,0.012219634604978592
0.38081062312312297,0.012212728833755087
0.38156137387387384,0.01219986302836034
0.38231212462462444,0.012180357693609941
0.3830628753753754,0.012166652853250453
0.3838136261261261,0.012158680459324975
0.38456437687687695,0.012139759815072284
0.38531512762762765,0.012118702654945475
0.38606587837837836,0.01210692549018324
0.3868166291291293,0.012096502998941357
0.38756737987987977,0.0120712630792096
0.38831813063063086,0.01205117358006889
0.3890688813813813,0.012040712426031754
0.38981963213213217,0.012024906579711872
0.39057038288288304,0.011998004990288155
0.3913211336336337,0.01197982916843889
0.3920718843843844,0.011969618472590081
0.39282263513513516,0.01194876184097319
0.3935733858858858,0.0119253156286334
0.39432413663663696,0.011911251272946358
0.3950748873873874,0.011899268114009457
0.3958256381381381,0.011878523580649504
0.3965763888888891,0.01186104415685437
0.39732713963963967,0.011852798313662
0.39807789039039043,0.01184208071380157
0.39882864114114125,0.01182912920653019
0.399579391891892,0.01182380624488342
0.4003301426426426,0.01182694548280217
0.4010808933933933,0.01183652590151145
0.4018316441441442,0.011860046702762977
0.4025823948948949,0.011911469416053073
0.4033331456456456,0.011995710889315631
0.4040838963963965,0.012132134054458414
0.4048346471471472,0.012325685750927703
0.40558539789789794,0.012574568804190162
0.40633614864864853,0.01285684816911797
0.40708689939939935,0.013141637942533568
0.4078376501501501,0.013358055595103455
0.4085884009009007,0.013447135816888488
0.40933915165165147,0.013389304560361272
0.41008990240240234,0.01320144257936707
0.4108406531531531,0.012913906134081707
0.4115914039039038,0.012589031703865335
0.4123421546546547,0.012290563016400033
0.4130929054054054,0.01204797683671135
0.41384365615615615,0.01185674350176465
0.41459440690690696,0.011730340600127702
0.4153451576576578,0.011664593417625957
0.4160959084084083,0.011635850461092128
0.41684665915915914,0.011620185092416841
0.41759740990990984,0.011626956145893824
0.4183481606606607,0.01165077028561586
0.4190989114114113,0.011671663887482723
0.419849662162162,0.011690044663511623
0.42060041291291295,0.011718006772772313
0.42135116366366365,0.011749746960044848
0.4221019144144143,0.011772732864925528
0.4228526651651652,0.011796161474086573
0.4236034159159158,0.011826541457072804
0.4243541666666665,0.011853539231641086
0.42510491741741735,0.011876026069621166
0.4258556681681683,0.011900200205523138
0.426606418918919,0.011926489246516958
0.4273571696696697,0.011948408676124147
0.42810792042042045,0.01196908741274105
0.42885867117117116,0.011990900520103797
0.42960942192192203,0.012007682010989616
0.4303601726726726,0.012025368423724024
0.43111092342342344,0.012041799443953253
0.43186167417417415,0.012056063653120884
0.43261242492492485,0.01206529099381902
0.4333631756756757,0.01207997384614449
0.4341139264264264,0.01209164693903123
0.43486467717717725,0.01209609153912536
0.43561542792792796,0.012101525425846148
0.43636617867867866,0.012113262897075356
0.43711692942942965,0.01211794307215027
0.4378676801801801,0.012115178923589277
0.4386184309309309,0.012118720121326533
0.4393691816816818,0.012127194632097061
0.4401199324324324,0.012122778895008965
0.44087068318318307,0.012117509062743234
0.44162143393393394,0.012120115574760686
0.44237218468468475,0.012122813075669462
0.44312293543543546,0.012111574287700608
0.4438736861861861,0.012105284640644497
0.4446244369369369,0.012106101808926911
0.4453751876876875,0.01210098010681335
0.4461259384384384,0.012088165761683634
0.44687668918918916,0.01208224194601438
0.4476274399399398,0.012079958180296979
0.4483781906906906,0.012068827100716677
0.4491289414414414,0.012056236237003548
0.44987969219219237,0.012050099645463688
0.45063044294294285,0.01204167681282267
0.45138119369369367,0.012028886369007933
0.45213194444444454,0.012017199729206007
0.4528826951951953,0.012008834739199505
0.45363344594594596,0.011995063287529502
0.4543841966966966,0.011981605518710319
0.4551349474474473,0.01196950681073331
0.45588569819819813,0.011955269402937162
0.4566364489489491,0.011941399239914925
0.45738719969969965,0.011928768939143923
0.4581379504504506,0.011915606250276864
0.4588887012012014,0.011896306937918441
0.45963945195195205,0.011883018468737079
0.4603902027027027,0.011869692066190934
0.4611409534534535,0.011851096831153709
0.4618917042042041,0.011833070859828012
0.46264245495495504,0.011821061454995894
0.46339320570570575,0.011805798779708368
0.46414395645645645,0.011783355082610646
0.46489470720720716,0.011767269246004514
0.465645457957958,0.011758102698623799
0.4663962087087088,0.011739057939406657
0.46714695945945955,0.01171789531727451
0.4678977102102102,0.011705718980433925
0.468648460960961,0.01169803657733993
0.4693992117117115,0.011678494964294692
0.4701499624624625,0.011664636046523276
0.47090071321321325,0.011658890418566171
0.4716514639639639,0.01165280275257426
0.47240221471471494,0.011641263632052692
0.4731529654654654,0.011640392761983967
0.47390371621621635,0.011648713120227147
0.47465446696696706,0.011655757748647988
0.47540521771771754,0.011669498924075546
0.4761559684684685,0.011702139942857643
0.47690671921921934,0.011748626249142568
0.4776574699699698,0.011810627332969425
0.47840822072072076,0.011895852974369195
0.47915897147147135,0.012005499468794279
0.47990972222222233,0.012126399221953448
0.48066047297297304,0.012259764328553899
0.4814112237237237,0.01239165319146088
0.48216197447447456,0.012499113904675651
0.48291272522522527,0.012565680625683218
0.483663475975976,0.012585731032705527
0.48441422672672674,0.012552644049824663
0.48516497747747755,0.012460565732534103
0.48591572822822826,0.012330532470652172
0.48666647897897913,0.01218113494335973
0.4874172297297298,0.012024530418012097
0.4881679804804805,0.011873927951510951
0.4889187312312313,0.011749293291679492
0.48966948198198196,0.011652401206219484
0.49042023273273294,0.01157492716346053
0.49117098348348354,0.011521930252972464
0.49192173423423435,0.011494299749839575
0.4926724849849849,0.01147880370123239
0.4934232357357358,0.01147156166356865
0.4941739864864863,0.011476134924590582
0.4949247372372373,0.011490136079755095
0.495675487987988,0.011499965612979222
0.4964262387387388,0.011515223747975395
0.49717698948948946,0.011535691710423386
0.4979277402402402,0.011556226948821365
0.498678490990991,0.011571767077711998
0.49942924174174186,0.011593221972991244
0.5001799924924923,0.011616285419690463
0.5009307432432433,0.011633262311281574
0.5016814939939942,0.011650083689097845
0.5024322447447445,0.011671735737792174
0.5031829954954957,0.011689710050831246
0.5039337462462464,0.011703136094764682
0.5046844969969969,0.011719178633711864
0.5054352477477478,0.011737967224850368
0.5061859984984987,0.011748168739347737
0.5069367492492494,0.011759073024893615
0.5076875000000001,0.011772730148091125
0.5084382507507509,0.011784120449673386
0.5091890015015016,0.01178889320537304
0.5099397522522521,0.011797304575201688
0.5106905030030029,0.011807299832220374
0.5114412537537538,0.011809997137495431
0.5121920045045045,0.01181226194566682
0.5129427552552552,0.011818175199680796
0.5136935060060062,0.011821699737901566
0.5144442567567569,0.011819163703704382
0.5151950075075076,0.011820078936382
0.5159457582582583,0.011823115896324005
0.5166965090090088,0.011819360685172253
0.5174472597597599,0.011815167179982121
0.5181980105105106,0.011815260633170425
0.5189487612612617,0.011813234697577104
0.5196995120120119,0.011805687711298274
0.5204502627627626,0.011800558350117183
0.5212010135135133,0.011798874834312165
0.5219517642642644,0.01178979250644099
0.522702515015015,0.011781289890421065
0.5234532657657659,0.011775939258158246
0.5242040165165165,0.011770194330027463
0.5249547672672672,0.011757613345000759
0.5257055180180182,0.011749608539109809
0.5264562687687688,0.01174342626981815
0.5272070195195193,0.011732087836526532
0.5279577702702702,0.011719458445740252
0.528708521021021,0.0117120983139702
0.5294592717717719,0.011702802182737547
0.5302100225225226,0.011687979086912681
0.5309607732732733,0.011675573703822896
0.531711524024024,0.011667232645538433
0.5324622747747748,0.01165225450502611
0.5332130255255254,0.011637852722440625
0.5339637762762763,0.01162705708612486
0.5347145270270269,0.011616301580935198
0.5354652777777777,0.011598092879768237
0.5362160285285283,0.011584491524504659
0.5369667792792793,0.011573820836415458
0.53771753003003,0.011558769422845843
0.5384682807807808,0.011542273448463548
0.5392190315315317,0.011530230064768087
0.5399697822822824,0.011518364650013912
0.5407205330330331,0.011501488281053586
0.541471283783784,0.011488670770592272
0.5422220345345345,0.01148033259961259
0.5429727852852854,0.011466986167481898
0.5437235360360356,0.011453820252835967
0.5444742867867869,0.01144670781557621
0.5452250375375377,0.01144180159217996
0.5459757882882884,0.011433638211249576
0.5467265390390391,0.011430580840387377
0.5474772897897898,0.011434382882993754
0.5482280405405406,0.011437745327110014
0.5489787912912913,0.011446220967183023
0.5497295420420422,0.011464493415760344
0.5504802927927925,0.011491284668702887
0.5512310435435436,0.011521498670402345
0.5519817942942944,0.011567140919443974
0.5527325450450452,0.011625722270323186
0.5534832957957958,0.011692074078393294
0.5542340465465471,0.01176633865668116
0.5549847972972971,0.011850546872443796
0.5557355480480478,0.011933735451244524
0.5564862987987989,0.01200447425973444
0.5572370495495497,0.012060554176118322
0.5579878003003,0.012096795054080624
0.5587385510510509,0.012099635074436293
0.559489301801802,0.012070329789504479
0.5602400525525526,0.012014819984703577
0.5609908033033032,0.011938400597451632
0.5617415540540542,0.01184030596450211
0.5624923048048047,0.01174024651520951
0.5632430555555556,0.01164514597175975
0.5639938063063064,0.011554726271635707
0.5647445570570568,0.011474376280421823
0.5654953078078079,0.011413847277644888
0.5662460585585585,0.011368874314591024
0.5669968093093094,0.011332304557451857
0.56774756006006,0.011310207860311521
0.5684983108108107,0.01130197747457146
0.5692490615615616,0.011297710577668455
0.5699998123123122,0.011297722251940383
0.5707505630630633,0.011305718479829247
0.5715013138138137,0.011318673587675054
0.5722520645645643,0.011327770213119455
0.5730028153153153,0.01134143335173732
0.5737535660660661,0.011359705762151057
0.5745043168168168,0.011375444746935899
0.5752550675675675,0.011389482475794818
0.5760058183183182,0.011407447587249276
0.5767565690690692,0.011426788436469403
0.5775073198198198,0.011439481638826524
0.5782580705705707,0.011454473669679508
0.5790088213213215,0.01147179641013998
0.5797595720720721,0.011485746512838228
0.5805103228228228,0.011496049206417246
0.5812610735735733,0.011509986875359977
0.5820118243243243,0.011523989589806462
0.582762575075075,0.011531386741393564
0.5835133258258258,0.011539299551078857
0.5842640765765763,0.011550130321728696
0.5850148273273272,0.011556516526493818
0.5857655780780782,0.011560376523946266
0.5865163288288289,0.01156655928780292
0.5872670795795797,0.011574121894654949
0.5880178303303305,0.01157352335106177
0.5887685810810812,0.011575067761709457
0.5895193318318319,0.011578560169672921
0.5902700825825826,0.01157956085127502
0.5910208333333331,0.011576109544477024
0.5917715840840841,0.011576582534901713
0.5925223348348349,0.011577504857664655
0.5932730855855854,0.01157252288632412
0.5940238363363366,0.01156826903142272
0.5947745870870871,0.011567627285987482
0.5955253378378375,0.011563576304129693
0.5962760885885885,0.01155638344054656
0.5970268393393396,0.011552037849133499
0.5977775900900901,0.011549669448115757
0.5985283408408409,0.011540546787944035
0.5992790915915918,0.011533147785688971
0.6000298423423424,0.01152812212613066
0.6007805930930933,0.011520760854399414
0.6015313438438438,0.011509553975039697
0.6022820945945947,0.01150188321560956
0.6030328453453455,0.011495883447742416
0.6037835960960963,0.011483947099726262
0.6045343468468469,0.011473327675277426
0.605285097597598,0.011465951439085189
0.6060358483483486,0.01145676259252147
0.6067865990990992,0.01144308866925673
0.6075373498498499,0.011432684117419607
0.6082881006006007,0.011424069309690574
0.6090388513513512,0.011410218530216001
0.609789602102102,0.01139737120205857
0.610540352852853,0.011388523465481559
0.6112911036036032,0.011376927676713762
0.6120418543543545,0.011361826781824977
0.6127926051051052,0.011350076967488255
0.613543355855856,0.011341562757567187
0.6142941066066067,0.011327524504066896
0.6150448573573574,0.011314997110473164
0.6157956081081081,0.01130521582908921
0.6165463588588588,0.01129566915819235
0.6172971096096097,0.011282683519085467
0.6180478603603603,0.011275128287019235
0.6187986111111109,0.011270617695207806
0.6195493618618619,0.011262028471927985
0.6203001126126125,0.011255769696336461
0.6210508633633632,0.011256307115039022
0.6218016141141143,0.011258409530287795
0.622552364864865,0.011260396371701991
0.6233031156156156,0.011268614572754321
0.6240538663663665,0.011285083966235445
0.6248046171171169,0.011302359117520389
0.6255553678678678,0.011327003260895967
0.6263061186186187,0.011360970137110312
0.6270568693693693,0.011402373705527914
0.6278076201201203,0.011446966387489413
0.628558370870871,0.011499869563371092
0.6293091216216217,0.011559185079391682
0.6300598723723725,0.011616205995322417
0.6308106231231232,0.011670675396229397
0.6315613738738739,0.011721375513184277
0.6323121246246247,0.011760211996774541
0.6330628753753752,0.01177777341388136
0.6338136261261259,0.01177715808277142
0.6345643768768768,0.011757794103654162
0.6353151276276277,0.011714535994971877
0.6360658783783786,0.01165579604579524
0.636816629129129,0.011590057657556165
0.6375673798798801,0.01151757151609382
0.6383181306306306,0.01144136446698401
0.6390688813813813,0.01137266397058824
0.6398196321321319,0.011314395704674192
0.6405703828828829,0.011261245530681101
0.6413211336336337,0.01121890528541523
0.6420718843843845,0.011189669069652393
0.642822635135135,0.011169559430387036
0.6435733858858858,0.011152607507279292
0.6443241366366368,0.011146134891835184
0.6450748873873873,0.011147125993204932
0.6458256381381381,0.011149367072740937
0.6465763888888887,0.011154735518581744
0.6473271396396395,0.011166832111080823
0.6480778903903904,0.011179440138913883
0.6488286411411408,0.011188801505159334
0.6495793918918918,0.011202991204812366
0.6503301426426426,0.011221728059553576
0.6510808933933936,0.011233749136477717
0.6518316441441443,0.011245478505838244
0.6525823948948949,0.011263050478902277
0.6533331456456458,0.011279901312292846
0.6540838963963967,0.011287435135564827
0.654834647147147,0.01129945719155182
0.6555853978978976,0.01131550876070179
0.6563361486486486,0.011324888655549127
0.6570868993993991,0.011331601339237956
0.6578376501501499,0.011344654310176207
0.6585884009009009,0.011355927464378754
0.6593391516516512,0.011357229447022476
0.6600899024024023,0.011361711825274928
0.6608406531531531,0.011372156585430717
0.6615914039039036,0.011378318256517575
0.6623421546546547,0.011380704263235989
0.6630929054054053,0.01138304979279779
0.663843656156156,0.011385874328658853
0.6645944069069071,0.011386699867062247
0.6653451576576577,0.011388637323892944
0.6660959084084082,0.011389538708262205
0.6668466591591592,0.011388106745917123
0.6675974099099099,0.011386852527364386
0.6683481606606605,0.01138537060051168
0.6690989114114113,0.011383641078990753
0.669849662162162,0.011378703971057209
0.6706004129129125,0.0113756669840638
0.6713511636636635,0.011372464364856182
0.6721019144144145,0.011367478434914143
0.6728526651651651,0.011361692108667845
0.6736034159159159,0.011357123124923738
0.6743541666666668,0.011352111450281444
0.6751049174174174,0.01134459666841267
0.6758556681681683,0.011338188660452749
0.6766064189189187,0.01133272912112739
0.6773571696696693,0.011324867284903678
0.6781079204204205,0.011316239029397417
0.6788586711711708,0.01130811121156084
0.679609421921922,0.01130073405721005
0.6803601726726728,0.011289986464091416
0.6811109234234237,0.01128146402578677
0.6818616741741741,0.011273097737909145
0.682612424924925,0.011263667325459656
0.6833631756756757,0.011252858008865552
0.6841139264264262,0.011243060702232275
0.6848646771771771,0.011233442590045014
0.6856154279279282,0.01122157629339947
0.6863661786786786,0.01121143179619718
0.6871169294294295,0.01120257436234699
0.6878676801801801,0.011191209278162766
0.6886184309309307,0.011179669807726875
0.6893691816816815,0.01116992705597285
0.6901199324324323,0.011161453566823267
0.6908706831831832,0.01115086500240808
0.6916214339339339,0.011142467056314111
0.6923721846846845,0.011134864332014681
0.6931229354354355,0.011127432161152855
0.6938736861861863,0.011120971478079179
0.694624436936937,0.011117928966715618
0.6953751876876876,0.011117104113786235
0.6961259384384385,0.011115147941353373
0.6968766891891892,0.011118262894252206
0.6976274399399398,0.011125762207631923
0.6983781906906907,0.011136489315930628
0.6991289414414416,0.011149409645225292
0.6998796921921919,0.011169534868676827
0.700630442942943,0.011195841453446589
0.7013811936936938,0.011225115144859221
0.7021319444444448,0.011259710198611576
0.7028826951951953,0.011300108036167275
0.7036334459459459,0.011342747746870973
0.7043841966966967,0.011385288862030685
0.7051349474474474,0.01142906779222545
0.7058856981981982,0.01147302925303535
0.7066364489489488,0.011509309921619642
0.7073871996996999,0.011538593975254616
0.7081379504504505,0.011555147685703157
0.7088887012012013,0.011554237475836355
0.7096394519519519,0.011534151656621305
0.7103902027027028,0.011500180443583858
0.7111409534534536,0.011453665282266956
0.7118917042042043,0.01139749196726732
0.7126424549549554,0.011339024473438123
0.7133932057057056,0.01128170949180522
0.7141439564564561,0.011226356657203219
0.7148947072072074,0.011175392561133672
0.7156454579579581,0.011131913019517844
0.7163962087087086,0.011096627516981905
0.7171469594594598,0.011066710661186831
0.7178977102102103,0.011046556400070075
0.7186484609609609,0.011034528662518165
0.719399211711712,0.01102815084284378
0.7201499624624628,0.011024760923919056
0.7209007132132133,0.011026091481881403
0.7216514639639638,0.01103178661567007
0.7224022147147148,0.011039964889384447
0.7231529654654653,0.011051093115580344
0.7239037162162161,0.011061961262532746
0.7246544669669669,0.011073328295994033
0.7254052177177176,0.0110850615970282
0.7261559684684681,0.011098753044031344
0.7269067192192187,0.011112423299461202
0.7276574699699695,0.01112361067600849
0.7284082207207209,0.011135984591980133
0.7291589714714715,0.011149020964842894
0.7299097222222218,0.011160674799027383
0.7306604729729733,0.011170136842891762
0.7314112237237237,0.01118053104822755
0.7321619744744747,0.011190865743614482
0.7329127252252252,0.011197605999656609
0.7336634759759761,0.011205504033828098
0.734414226726727,0.011213932050221058
0.7351649774774777,0.011221191028753866
0.7359157282282285,0.0112244332237586
0.7366664789789791,0.01122826379974497
0.7374172297297301,0.011232697797515836
0.7381679804804806,0.011236221616732456
0.7389187312312311,0.011238740586704267
0.739669481981982,0.011239805863451675
0.7404202327327327,0.011240827868792803
0.7411709834834834,0.011241226309551941
0.7419217342342348,0.011240913456404765
0.742672484984985,0.01124032092916319
0.7434232357357355,0.011238647484342877
0.7441739864864866,0.01123741658598562
0.7449247372372376,0.011234588822462083
0.7456754879879884,0.011232258321152247
0.7464262387387385,0.011228769120782996
0.7471769894894895,0.011224845432087622
0.7479277402402401,0.011220310285268409
0.7486784909909908,0.011215248260401498
0.7494292417417417,0.011210320836534258
0.7501799924924925,0.011204268910101364
0.750930743243243,0.011198656449609025
0.7516814939939942,0.011192228854350677
0.7524322447447447,0.011185854692591242
0.7531829954954955,0.01117924728943855
0.7539337462462462,0.01117224380979735
0.754684496996997,0.011165473004971059
0.7554352477477481,0.011156749472719227
0.7561859984984985,0.011148702078592755
0.7569367492492493,0.01113995921445452
0.7576874999999998,0.011131488731665843
0.7584382507507506,0.01112297743508023
0.7591890015015014,0.01111429219813606
0.7599397522522522,0.011105811286693223
0.7606905030030032,0.011095555507647438
0.7614412537537536,0.011086461936217401
0.7621920045045043,0.011076804792828613
0.762942755255255,0.011068124594494196
0.7636935060060058,0.011059557921486527
0.764444256756757,0.011050223203722996
0.7651950075075077,0.011041577504911887
0.7659457582582581,0.011033172838738552
0.7666965090090091,0.011026233204006903
0.7674472597597596,0.011020009300526802
0.7681980105105102,0.011014416484085809
0.7689487612612612,0.011009735791581638
0.7696995120120121,0.011006784012004828
0.7704502627627624,0.011006741207666927
0.7712010135135136,0.011008455852375353
0.7719517642642644,0.011012567255013418
0.7727025150150151,0.011019188817619442
0.7734532657657656,0.01103057006397322
0.7742040165165167,0.011045982439159939
0.7749547672672673,0.011064773047569863
0.775705518018018,0.011088239023239965
0.7764562687687686,0.011115996198538806
0.7772070195195198,0.01114864291847259
0.7779577702702702,0.011181606124015005
0.778708521021021,0.011216583717908263
0.779459271771772,0.011251142912857583
0.7802100225225228,0.011283799155362801
0.7809607732732732,0.011316253452514602
0.7817115240240239,0.011349558533678594
0.7824622747747747,0.011380348035081663
0.7832130255255253,0.01139743102274428
0.7839637762762766,0.011394957896526474
0.7847145270270269,0.011373627416876897
0.7854652777777777,0.011340561250520378
0.7862160285285288,0.011299995195781861
0.7869667792792794,0.011253841852611426
0.7877175300300301,0.011205771590203188
0.7884682807807807,0.011156241133077026
0.7892190315315315,0.011108759829674882
0.7899697822822819,0.011064981981369017
0.7907205330330329,0.011027164794737771
0.7914712837837837,0.010995832550569063
0.7922220345345348,0.010971001338271261
0.7929727852852854,0.010953425177836958
0.7937235360360361,0.010941386768751706
0.794474286786787,0.010935146939120769
0.7952250375375378,0.010932111383820971
0.7959757882882886,0.010933002535684137
0.796726539039039,0.010937456502553735
0.7974772897897895,0.010944078594923457
0.7982280405405405,0.010953378242231875
0.7989787912912917,0.010962994643402139
0.799729542042042,0.010974259630297118
0.800480292792793,0.010985460430346644
0.8012310435435434,0.010997517243747947
0.8019817942942941,0.011009463913378434
0.802732545045045,0.011021123492915938
0.8034832957957956,0.011033010784378352
0.8042340465465465,0.011043908198995776
0.8049847972972973,0.01105484294768813
0.8057355480480483,0.011064587126404847
0.8064862987987986,0.011074026232394322
0.8072370495495496,0.011082734744014217
0.8079878003003003,0.011090517317298152
0.808738551051051,0.011098262593347617
0.8094893018018015,0.011104550547288277
0.8102400525525524,0.011110693180113132
0.8109908033033032,0.011115251835612088
0.8117415540540538,0.011119537609345387
0.812492304804805,0.011123123051668581
0.8132430555555559,0.011126012954565697
0.8139938063063064,0.011128626995680593
0.8147445570570571,0.01112981175025373
0.8154953078078079,0.01113110202114818
0.8162460585585587,0.011131172705761729
0.8169968093093095,0.011131174413271919
0.8177475600600601,0.011130454476782329
0.8184983108108104,0.011129218193144027
0.8192490615615619,0.011127858993784217
0.8199998123123126,0.011125487030996443
0.8207505630630633,0.011123333834120593
0.8215013138138141,0.011120194885354083
0.8222520645645645,0.011117120337704296
0.8230028153153149,0.01111354813249528
0.8237535660660659,0.011109603545857908
0.8245043168168174,0.011105782205988207
0.8252550675675676,0.011100905522295453
0.8260058183183181,0.011095825278748526
0.8267565690690687,0.011089683623437823
0.8275073198198197,0.011083947367197878
0.8282580705705704,0.01107763886603817
0.8290088213213214,0.011071321364854073
0.8297595720720718,0.011065020109972245
0.8305103228228226,0.011058168417971005
0.8312610735735736,0.011051810636575178
0.8320118243243243,0.011044029570465198
0.8327625750750752,0.011036215208098324
0.8335133258258258,0.011028110829673988
0.8342640765765763,0.0110201469912358
0.8350148273273276,0.011012490516096464
0.8357655780780779,0.011004520093436618
0.8365163288288289,0.010996998979447187
0.8372670795795795,0.010987913027126069
0.8380178303303302,0.010979769316515377
0.8387685810810811,0.010971727393395216
0.8395193318318321,0.010964384452578012
0.8402700825825827,0.010957848281227388
0.8410208333333332,0.010950301355299726
0.8417715840840841,0.010944054469962433
0.8425223348348353,0.010938248610849934
0.8432730855855858,0.010934391385837721
0.8440238363363365,0.010931794355986476
0.8447745870870871,0.010929711724428477
0.8455253378378379,0.010929761046147964
0.8462760885885886,0.010932112829790895
0.8470268393393392,0.010938023854892624
0.8477775900900898,0.010945629968891342
0.8485283408408406,0.01095663550780562
0.8492790915915912,0.01097127466456885
0.8500298423423422,0.010990481709895429
0.8507805930930932,0.011012920663306116
0.8515313438438438,0.01103812745808044
0.8522820945945946,0.011067339817255389
0.8530328453453452,0.011098480541794608
0.8537835960960962,0.011128986254641619
0.8545343468468466,0.011155989535802572
0.8552850975975977,0.011178776365027671
0.8560358483483484,0.011201147315077384
0.856786599099099,0.011230182030372899
0.8575373498498499,0.011276245644238181
0.8582881006006008,0.011302841788670887
0.8590388513513515,0.011287302888011908
0.8597896021021021,0.011260845873495117
0.860540352852853,0.011231078386400075
0.8612911036036034,0.011196064664451565
0.8620418543543542,0.011155076751337308
0.8627926051051048,0.01111206557907887
0.8635433558558561,0.011068389721307923
0.8642941066066061,0.011027248892083587
0.8650448573573575,0.010989292581585633
0.8657956081081082,0.010956584072984292
0.8665463588588589,0.010929431916817734
0.8672971096096094,0.010907604707021568
0.8680478603603605,0.010891531542437936
0.8687986111111113,0.010880281835050793
0.8695493618618622,0.010874460261998507
0.8703001126126129,0.01087222668944789
0.8710508633633631,0.010873912592357817
0.8718016141141138,0.01087832446718547
0.8725523648648649,0.010885061570915169
0.8733031156156156,0.010893820286633013
0.8740538663663664,0.010903257358443936
0.8748046171171173,0.010914122876976564
0.8755553678678679,0.010924874840024383
0.8763061186186186,0.010936003453872451
0.8770568693693696,0.010946836012528108
0.87780762012012,0.010957668784540436
0.8785583708708706,0.010968492469521116
0.8793091216216218,0.010978546275476656
0.8800598723723722,0.010988626582897055
0.880810623123123,0.010997677368046648
0.8815613738738738,0.011006525253904298
0.8823121246246247,0.011014613861764817
0.8830628753753754,0.011022141354211548
0.8838136261261262,0.011029324860118766
0.8845643768768768,0.01103537911126701
0.8853151276276279,0.011041284386044315
0.8860658783783781,0.011045832861430826
0.886816629129129,0.011050261187868553
0.8875673798798799,0.011053773067226722
0.8883181306306306,0.011056925824025671
0.8890688813813816,0.011059569335983266
0.8898196321321323,0.011061349993372424
0.8905703828828826,0.011063005542549721
0.8913211336336339,0.011063646251469451
0.8920718843843845,0.011064209072618387
0.8928226351351349,0.011064106174389311
0.8935733858858864,0.011063653769549266
0.8943241366366366,0.011062788118126561
0.8950748873873872,0.011060770504489396
0.895825638138138,0.011058963673723478
0.8965763888888887,0.011056082235235866
0.8973271396396396,0.011053463828340455
0.8980778903903903,0.011050101743766694
0.8988286411411412,0.011046742303392863
0.8995793918918914,0.011043079279284213
0.9003301426426424,0.011039001217045189
0.9010808933933931,0.011035085043696748
0.9018316441441441,0.01103042451138026
0.9025823948948946,0.011026080896272734
0.9033331456456457,0.011020534419014702
0.9040838963963965,0.011014780549962497
0.904834647147147,0.011008834708958453
0.9055853978978982,0.011002674009875103
0.9063361486486486,0.0109967536261686
0.9070868993993997,0.010990315473752161
0.9078376501501506,0.0109842904867096
0.9085884009009007,0.01097776325954754
0.9093391516516516,0.010970401013381743
0.9100899024024027,0.010963170977977948
0.9108406531531537,0.010955877211419452
0.9115914039039039,0.010949257079536458
0.9123421546546546,0.010942268600271464
0.9130929054054052,0.01093595691255189
0.9138436561561564,0.010928288978421411
0.9145944069069069,0.010921640465993018
0.9153451576576573,0.010915395007854179
0.9160959084084083,0.010910033231517974
0.916846659159159,0.010905800274465261
0.9175974099099097,0.01090064166874803
0.9183481606606607,0.010897156520076721
0.9190989114114114,0.01089497615456284
0.9198496621621619,0.010894866669057
0.920600412912913,0.010896361685293164
0.9213511636636637,0.010898927124619916
0.9221019144144142,0.010904757534485332
0.9228526651651653,0.010913209382027897
0.9236034159159158,0.010925655093289391
0.9243541666666666,0.01093939441744335
0.9251049174174176,0.010957576661878273
0.9258556681681682,0.010979307769554783
0.926606418918919,0.011004318779494851
0.9273571696696697,0.011030651648174716
0.9281079204204206,0.011058798235413943
0.9288586711711715,0.011088631811497338
0.9296094219219219,0.011116649486140202
0.9303601726726729,0.01112949658504945
0.9311109234234233,0.011101640637346217
0.9318616741741745,0.011320603736874357
0.9326124249249252,-0.03710175228405897
NaN,NaN
NaN,NaN
NaN,NaN
NaN,NaN
NaN,NaN
NaN,NaN
NaN,NaN
NaN,NaN
NaN,NaN
NaN,NaN
NaN,NaN
NaN,NaN
NaN,NaN
NaN,NaN
NaN,NaN
NaN,NaN
NaN,NaN
NaN,NaN
NaN,NaN
NaN,NaN
NaN,NaN
NaN,NaN
NaN,NaN
NaN,NaN
NaN,NaN
NaN,NaN
NaN,NaN
NaN,NaN
NaN,NaN
NaN,NaN
NaN,NaN
NaN,NaN
NaN,NaN
NaN,NaN
NaN,NaN
NaN,NaN
NaN,NaN
NaN,NaN
NaN,NaN
NaN,NaN
NaN,NaN
NaN,NaN
NaN,NaN
NaN,NaN
NaN,NaN
NaN,NaN
NaN,NaN
NaN,NaN
NaN,NaN
NaN,NaN
NaN,NaN
NaN,NaN
NaN,NaN
NaN,NaN
NaN,NaN
NaN,NaN
NaN,NaN
NaN,NaN
NaN,NaN
NaN,NaN
NaN,NaN
NaN,NaN
NaN,NaN
NaN,NaN
NaN,NaN
NaN,NaN
NaN,NaN
NaN,NaN
NaN,NaN
NaN,NaN
NaN,NaN
NaN,NaN
NaN,NaN
NaN,NaN
NaN,NaN
NaN,NaN
NaN,NaN
NaN,NaN
NaN,NaN
NaN,NaN
NaN,NaN
NaN,NaN
NaN,NaN
NaN,NaN
NaN,NaN
NaN,NaN
NaN,NaN
NaN,NaN
NaN,NaN
NaN,NaN
NaN,NaN
NaN,NaN
NaN,NaN
NaN,NaN
NaN,NaN
NaN,NaN
NaN,NaN
NaN,NaN
NaN,NaN
NaN,NaN
