0.324625,-0.0016675144463503436
0.32537667107756324,-0.0019593164534119174
0.3261276315637477,-0.001866715199200773
0.3268761564736574,-0.0015182913267256343
0.3276269156083128,-0.0010671494998463523
0.3283798909135843,-6.141079587830394E-4
0.32913043370819145,-2.1090010496540792E-4
0.32987901096319555,1.2253621170808918E-4
0.33063007478547374,3.840241728366705E-4
0.33138309069707667,5.809791881167079E-4
0.332133214237124,7.242687241487175E-4
0.33288189088365494,8.235299651523012E-4
0.33363325878203814,8.866845423256054E-4
0.3343862607872155,9.211628576945538E-4
0.3351359794423021,9.33569188504158E-4
0.3358847995195783,9.282211130938257E-4
0.33663646703749567,9.082411933851443E-4
0.3373893937268073,8.769702300518145E-4
0.33813873550852647,8.376177957602597E-4
0.33888773798466915,7.918233905056723E-4
0.3396396944306552,7.407640571140173E-4
0.34039247840617354,6.86252749598967E-4
0.3411414881723495,6.301590798314327E-4
0.3418907082599126,5.730303039598079E-4
0.34264293816035,5.152687302891306E-4
0.34339550552017056,4.580356773255809E-4
0.34414424290451123,4.024888149880988E-4
0.3448937110757852,3.485591405823716E-4
0.34564619257959656,2.9626268755698014E-4
0.34639847089617437,2.464038041443821E-4
0.3471470048815835,1.996597713218891E-4
0.34789674804389625,1.555847944238216E-4
0.34864945491135174,1.1402543284869468E-4
0.3494013802688411,7.559630287112885E-5
0.35014977901086586,4.062796791501512E-5
0.35089981856436575,8.490091695488877E-6
0.3516527173894717,-2.1003929125946992E-5
0.3524042422927766,-4.7338979897726295E-5
0.35315256959438746,-7.043060854335442E-5
0.3539029220734577,-9.09578391280341E-5
0.35465597378286895,-1.0906525251155482E-4
0.3554070645776271,-1.2430637291771206E-4
0.35615538069128305,-1.3674978010923679E-4
0.3569060575513819,-1.470441237094902E-4
0.35765921663166383,-1.5526767357360152E-4
0.3584098546911921,-1.610225206139155E-4
0.35915821585386637,-1.6445988892217005E-4
0.35990922353856203,-1.661587468437806E-4
0.3606624392324041,-1.6614562674187498E-4
0.3614126195982775,-1.640372234231284E-4
0.3621610788716747,-1.6003112746527202E-4
0.3629124189631577,-1.5463400391101502E-4
0.3636656326931135,-1.4783014355762716E-4
0.3644153666504937,-1.3922459188286352E-4
0.3651639718447245,-1.2904585890708472E-4
0.36591563944849514,-1.1775561012144826E-4
0.36666878654022506,-1.0527679373955482E-4
0.3674181024563113,-9.120202441584313E-5
0.3681668971465382,-7.58000136782829E-5
0.36891888184188987,-5.950528655826295E-5
0.36967189063706274,-4.2160091714125595E-5
0.3704208333738907,-2.3362634734189617E-5
0.37116985663451235,-3.4565953499949453E-6
0.37192214292080905,1.7164572567513408E-5
0.3726749357486405,3.8732958098424024E-5
0.37342356545540223,6.160147634271234E-5
0.3741728521214919,8.532604742470177E-5
0.3749254173054438,1.0956795080756762E-4
0.37567791289185637,1.3460350924592626E-4
0.3764263043780765,1.6066179247619647E-4
0.377175883806732,1.8720341906299805E-4
0.37792870030544695,2.1392287494853532E-4
0.378680827354812,2.4107531702192528E-4
0.37942905544232086,2.68689780363692E-4
0.38017895181655087,2.961265842703244E-4
0.3809319849071796,3.23052651595325E-4
0.38168368823335963,3.49584115131561E-4
0.3824318235596118,3.754896044606357E-4
0.3831820553778567,3.999673072091782E-4
0.38393526430747094,4.225369204315701E-4
0.38468650408339505,4.4302659056826726E-4
0.3854346133684495,4.608498767196846E-4
0.3861851949357247,4.749063068741656E-4
0.38693853155175456,4.8435620139258335E-4
0.3876892835663543,4.885613973419258E-4
0.38843742851982516,4.8638148195571875E-4
0.38918836780946126,4.761627846323684E-4
0.38994177836666377,4.5638687295267947E-4
0.3906920341682382,4.2563927427239604E-4
0.3914402727766651,3.818307458878593E-4
0.39219157175927366,3.222793639003978E-4
0.3929449947893494,2.44405385637806E-4
0.3936947637939135,1.4588367827379208E-4
0.39444314934612107,2.421943284307008E-5
0.395194803828505,-1.223319997769034E-4
0.3959481711699363,-2.928748328555854E-4
0.3966974797264582,-4.8243459507796326E-4
0.39744606033703445,-6.812022267422186E-4
0.3981980606230149,-8.732630504818854E-4
0.39895129846590593,-0.001036740823931718
0.39970018919490785,-0.0011475987921937126
0.40044900833413727,-0.001186430247940031
0.4012013390139583,-0.0011439817946732225
0.40195436152504754,-0.0010239754979483827
0.4027028986241079,-8.423081832372487E-4
0.4034519941623082,-6.228203879632974E-4
0.4042046324423997,-3.9040250722698663E-4
0.4049573535488622,-1.657448709371201E-4
0.4057056142903331,3.655844762006139E-5
0.4064550188599035,2.0778768655216865E-4
0.4072079349039032,3.4488430096128313E-4
0.4079602758034014,4.4908644877791014E-4
0.4087083420530192,5.236621516229737E-4
0.40945808373172365,5.723476218794368E-4
0.41021124253209373,5.993529850061969E-4
0.4109631378371198,6.089750166146162E-4
0.41171108717194693,6.0480641348497E-4
0.412461186587918,5.894796520675016E-4
0.41321454461629414,5.654319928398153E-4
0.4139659497348747,5.349811278425159E-4
0.41471385455171117,4.998729761867888E-4
0.41546432782565923,4.611954545178034E-4
0.4162178360107476,4.2005467378675285E-4
0.41696871987189305,3.777036377625511E-4
0.41771664870851255,3.3498026086892604E-4
0.4184675055656416,2.922379714421258E-4
0.4192211072077548,2.499721078581743E-4
0.4199714572030367,2.089652366899943E-4
0.42071947367404466,1.6958964318615277E-4
0.42147071817761966,1.3177835997903113E-4
0.42222434926564273,9.575377356644726E-5
0.42297417028567985,6.206095901929608E-5
0.42372233249381946,3.076017577307999E-5
0.42447396110609426,1.5469751380280935E-6
0.4252275494526878,-2.5450087453555982E-5
0.42597686725667067,-4.9809062326838986E-5
0.42672522806673546,-7.171483299504643E-5
0.4274772315981867,-9.154727895687305E-5
0.4282306984857576,-1.09175391951178E-4
0.4289795555851435,-1.2427578070884878E-4
0.42972816257889346,-1.3719995399839622E-4
0.4304805250614162,-1.483015451933229E-4
0.4312337835421235,-1.5740015474711609E-4
0.4319822424585263,-1.642876114277573E-4
0.43273113855323425,-1.6937457785058376E-4
0.4334838373658536,-1.729361025838036E-4
0.4342367931873015,-1.7475715956452356E-4
0.43498493474036454,-1.7472757278601204E-4
0.43573415429136686,-1.732489145463741E-4
0.4364871584246837,-1.7050243866539275E-4
0.4372397246650504,-1.6628989735449016E-4
0.43798763903278887,-1.6053962044757758E-4
0.4387372154835507,-1.5361442020258475E-4
0.4394904899893661,-1.4563455372165821E-4
0.440242592103927,-1.3642166144222127E-4
0.44099035996619973,-1.2590413207160786E-4
0.4417403137944634,-1.1439810943119132E-4
0.44249381283063627,-1.0202658349799336E-4
0.4432453986539405,-8.858280390060758E-5
0.4439931060226034,-7.399246277145514E-5
0.4447434609835756,-5.8562496663275935E-5
0.44549713399592816,-4.243270534763584E-5
0.4462481646124658,-2.5338529207981175E-5
0.4469958758039163,-7.217649167495335E-6
0.447746635864893,1.1560677017961479E-5
0.4485004236551989,3.088246358047033E-5
0.44925088744937824,5.105876284869017E-5
0.4499986827621582,7.208011416391088E-5
0.4507498594063183,9.348906364526827E-5
0.4515036922426104,1.1522061899686413E-4
0.45225358589192427,1.3759515670587507E-4
0.45300152416938483,1.604293604432305E-4
0.4537531189277242,1.8320471171423251E-4
0.4545069288184389,2.0587637321849817E-4
0.45525626832321053,2.2867958556889055E-4
0.4560043856823473,2.5118826073380456E-4
0.4567563599743639,2.7281718917305636E-4
0.4575100543168776,2.93467903995333E-4
0.45825892645537275,3.1312382699148766E-4
0.45900737079697934,3.3108530436769127E-4
0.4597598003488901,3.466188786328951E-4
0.4605132940159834,3.594190907131845E-4
0.46126159870382877,3.690527620775375E-4
0.46201014687665787,3.744475721757257E-4
0.46276279293264727,3.745398755204953E-4
0.46351602896791105,3.6852413257254757E-4
0.46426430561611304,3.553709608282386E-4
0.465013637876646,3.3345440254858844E-4
0.4657668900089608,3.01195832623868E-4
0.4665195029950648,2.5721445141395973E-4
0.4672666600842143,2.0010008686284785E-4
0.4680154191701563,1.282281536313346E-4
0.46876864209240454,4.063831731713989E-5
0.469521812104069,-6.235017138289587E-5
0.4702708646339778,-1.7888230291584746E-4
0.4710204129452271,-3.053911607274876E-4
0.4717718487473002,-4.359814403584706E-4
0.47252350007337535,-5.621811244890574E-4
0.47327367382264823,-6.735937681521759E-4
0.47402416804521524,-7.593883626573078E-4
0.4747750717517372,-8.09896884286337E-4
0.4755260535645518,-8.182309685349392E-4
0.47627663147463656,-7.818171783913445E-4
0.4770273358629098,-7.033045766200956E-4
0.47777814636534244,-5.899447512007159E-4
0.4785289095509635,-4.521522212220101E-4
0.4792796678538336,-3.018069928347159E-4
0.48003034796846267,-1.504989304143703E-4
0.4807811940322814,-7.877541545542424E-6
0.48153184889698025,1.1918254513909989E-4
0.48228271576155424,2.2647087559287053E-4
0.4830333254836694,3.122968516031734E-4
0.48378423959837147,3.770112828976721E-4
0.484534813915729,4.2228305076019387E-4
0.4852857596220301,4.503206395554017E-4
0.4860363010012961,4.6371990531088173E-4
0.4867872790432056,4.651185030642448E-4
0.48753779160823973,4.568383788466778E-4
0.48828879596211056,4.408574400587171E-4
0.48903928487083087,4.1901863003154235E-4
0.48979030935138973,3.9283644633289445E-4
0.49054078063149975,3.6346517020792744E-4
0.49129181857704196,3.3188683913449733E-4
0.4920422794422151,2.990650947105488E-4
0.49279332224856165,2.65620525536806E-4
0.49354378099748475,2.3207016098160217E-4
0.4942948206164738,1.9890810787882748E-4
0.4950452855807261,1.6659896777615303E-4
0.49579631404082686,1.3532545798499232E-4
0.4965467927026818,1.0533597539566373E-4
0.49729780334638285,7.690086527412004E-5
0.4980483027684527,5.01437486745723E-5
0.4987992891347395,2.506917932591262E-5
0.49954981569463164,1.8125936928198633E-6
0.5003007722056622,-1.9532501341760256E-5
0.501051331232307,-3.902655070122911E-5
0.5018022531944192,-5.670128458628466E-5
0.5025528491046152,-7.245503181140137E-5
0.503303732752681,-8.636558247081358E-5
0.504054369047197,-9.854547675979679E-5
0.504805211458659,-1.0901131726609304E-4
0.5055558907786548,-1.1774005958271332E-4
0.5063066898827677,-1.2489461398146917E-4
0.5070574140411371,-1.3055125655036688E-4
0.5078081685724004,-1.3466892052092053E-4
0.5085589386199362,-1.3734052178617797E-4
0.5093096480205739,-1.3870655837982306E-4
0.510060463621118,-1.387838304676805E-4
0.5108111285176452,-1.3754720536836748E-4
0.5115619882435609,-1.3516232645818558E-4
0.5123126104395248,-1.316980385661015E-4
0.5130635123553633,-1.2710600927439065E-4
0.5138140942900731,-1.2144944704882435E-4
0.5145650354385367,-1.1487156433660488E-4
0.5153155803011897,-1.0735336087141271E-4
0.5160665567356758,-9.885847043087443E-5
0.5168170687704615,-8.951103828697047E-5
0.517568075708427,-7.939142751893262E-5
0.5183185600292284,-6.840092070659394E-5
0.5190695919954375,-5.660578486437314E-5
0.5198200543324012,-4.410824649993978E-5
0.5205711039929753,-3.0916918031700294E-5
0.5213215513389192,-1.6941286773869374E-5
0.522072610393669,-2.3351026366607506E-6
0.5228230511826253,1.28521080238895E-5
0.5235741111523413,2.867191154736956E-5
0.524324554384604,4.509566706376776E-5
0.5250756066754326,6.195927222058245E-5
0.5258260610565547,7.92588585485557E-5
0.5265770972241428,9.701072873311059E-5
0.5273275700439923,1.1505653124496686E-4
0.5280785837660387,1.3324274868535728E-4
0.528829082603062,1.5157919444770256E-4
0.5295800669944829,1.6991219829808174E-4
0.5303305976456191,1.8800310427524313E-4
0.5310815477386245,2.0567710133150536E-4
0.5318321150430778,2.2282770766007056E-4
0.5325830266432118,2.3907985861556025E-4
0.5333336356520164,2.540923909426188E-4
0.534084504388308,2.675947085333309E-4
0.5348351574693422,2.791651315341826E-4
0.5355859814663586,2.8819625982531665E-4
0.5363366809844181,2.941357458808521E-4
0.5370874586668236,2.9640903742726547E-4
0.5378382066194822,2.941311505724147E-4
0.5385889362539762,2.863658545956315E-4
0.5393397318926217,2.722281298197803E-4
0.5400904148847807,2.506568724819107E-4
0.5408412588176608,2.2043731566878967E-4
0.5415918949378843,1.8055163758931708E-4
0.5423427840897349,1.302604227811239E-4
0.5430933768518031,6.901342638881584E-5
0.543844309895703,-3.058653338918336E-6
0.5445948607770876,-8.470575564891053E-5
0.5453458329521917,-1.73602998302843E-4
0.5460963474833004,-2.6620623097169707E-4
0.5468473544638671,-3.5757445861701973E-4
0.5475978364605435,-4.4160703840666316E-4
0.5483488732984336,-5.119703426144615E-4
0.5490993287047737,-5.625382364188917E-4
0.5498503868027934,-5.882061341491188E-4
0.5506008239735182,-5.858523001815927E-4
0.551351897340877,-5.549925811379581E-4
0.5521023226911697,-4.976175073537137E-4
0.5528534007706348,-4.180240046032018E-4
0.5536038239694052,-3.224473263671964E-4
0.5543548987441408,-2.1800959242529257E-4
0.5551053293135821,-1.1162337303832286E-4
0.5558563908922609,-9.507522573904399E-6
0.5566068378130286,8.333108705229982E-5
0.5573578785132195,1.6355086785433835E-4
0.5581083487820305,2.295230731454636E-4
0.5588593623227776,2.8069999156871714E-4
0.5596098632567272,3.176011507263723E-4
0.5603608430353423,3.41562879934202E-4
0.5611113808919905,3.5426739258290636E-4
0.5618623214939759,3.5734163814205564E-4
0.5626129010841173,3.525158817980754E-4
0.5633637984040964,3.4149738881111163E-4
0.5641144233904858,3.2559709358445996E-4
0.5648652744000047,3.059325751840447E-4
0.5656159474708865,2.836132879656201E-4
0.5663667500816676,2.595286748869673E-4
0.5671174730274787,2.3424968912942454E-4
0.5678682260326898,2.0833362468309805E-4
0.5686189997222882,1.8238078382984185E-4
0.569369702772009,1.5668388187320124E-4
0.5701205270741214,1.3146775222911262E-4
0.5708711808589703,1.0707102009917596E-4
0.5716220547615778,8.375307386942483E-5
0.5723726607211036,6.155688322072437E-5
0.573123581920257,4.0581302184844296E-5
0.5738741427137267,2.1046141123585096E-5
0.5746251077664108,2.900673871308739E-6
0.5753756271585724,-1.3903087390152256E-5
0.5761266315347946,-2.926073687010092E-5
0.5768771143398395,-4.305599500473308E-5
0.5776281524292117,-5.541174603475905E-5
0.5783786044956859,-6.636672584829494E-5
0.5791296695917301,-7.586105582764181E-5
0.5798800978115458,-8.40206659966526E-5
0.5806311820957468,-9.097457741682589E-5
0.5813815944214579,-9.66529968861828E-5
0.5821326890115092,-1.0103351025033277E-4
0.5828830944232657,-1.0428372255311725E-4
0.5836341897125115,-1.0648269459048684E-4
0.5843845979134247,-1.0751860002387627E-4
0.5851356842252393,-1.0752580596860094E-4
0.5858861050466906,-1.066257727891317E-4
0.5866371732438087,-1.0479457368198333E-4
0.5873876158067781,-1.0198077959336107E-4
0.5881386578386988,-9.836910780106618E-5
0.5888891295632028,-9.400470334646347E-5
0.5896401388968022,-8.877982228459546E-5
0.5903906463270673,-8.27858153461188E-5
0.5911416171995069,-7.615293697406401E-5
0.5918921658158143,-6.882629272926956E-5
0.5926430934928687,-6.0747784657398734E-5
0.5933936877855023,-5.207212902123562E-5
0.5941445684826094,-4.285136969638207E-5
0.5948952121376387,-3.295115467147287E-5
0.5956460428742747,-2.2459721055231392E-5
0.5963967389943438,-1.1494725466314757E-5
0.5971475173484228,-1.2929787798924089E-8
0.5978982668672854,1.205871953558436E-5
0.598648992333667,2.455210636398799E-5
0.5993997949932476,3.740323394849179E-5
0.6001504684001779,5.0726813895516895E-5
0.600901323994753,6.441778377244234E-5
0.60165194630931,7.832155968960899E-5
0.6024028531946334,9.243227545408754E-5
0.6031534260480991,1.0678247796608878E-4
0.6039043801594183,1.2113361560175504E-4
0.6046549081951762,1.3534454927310006E-4
0.6054059068015878,1.494293023091025E-4
0.6061563933971206,1.631867028861385E-4
0.6069074299309565,1.7631580367299157E-4
0.6076578812244053,1.8866014640647622E-4
0.608408949358525,2.0006731740526774E-4
0.609159372599025,2.1009713390595026E-4
0.6099104659126886,2.1834180743633626E-4
0.6106608674879047,2.2454106290866615E-4
0.6114119756089412,2.281565347946674E-4
0.6121623654920774,2.2852070272155864E-4
0.6129134797112129,2.2503656970177915E-4
0.6136638678361849,2.1712323770722757E-4
0.6144149767324928,2.0386154314855617E-4
0.6151653730211464,1.844160484674307E-4
0.6159164677416821,1.5816590138069544E-4
0.6166668826412786,1.2444062784150344E-4
0.6174179535786819,8.271696047254268E-5
0.6181683948553267,3.304857544425938E-5
0.6189194352631766,-2.384549029402419E-5
0.6196699113558183,-8.674587833368767E-5
0.6204209136774577,-1.5347174195615046E-4
0.6211714301172088,-2.2074425223393395E-4
0.6219223895461845,-2.847319487461186E-4
0.6226729522918805,-3.412932080796846E-4
0.6234238637817597,-3.862133201109082E-4
0.6241744772265684,-4.157709174691421E-4
0.6249253370340041,-4.275639178393764E-4
0.6256760040027834,-4.2042462077467475E-4
0.6264268099718692,-3.944383309002777E-4
0.6271775316555566,-3.512742687815029E-4
0.6279282832828494,-2.939573019739465E-4
0.6286790618921649,-2.2630910135587847E-4
0.6294297576176431,-1.525855336358412E-4
0.6301805923057704,-7.740177925475534E-5
0.6309312332271717,-4.907761657892341E-6
0.6316821217324974,6.168856320817154E-5
0.6324327108260793,1.1997184632650888E-4
0.6331836516131231,1.6838365028589396E-4
0.6339341909698633,2.0641768903492826E-4
0.6346851802814794,2.344197331042156E-4
0.6354356738336354,2.5296780314942706E-4
0.6361867061972539,2.6303443396283766E-4
0.6369371595687097,2.6596784000542187E-4
0.6376882282390471,2.630125941038744E-4
0.6384386485068468,2.552023734609655E-4
0.6391897465418246,2.4354957509703295E-4
0.639940141142164,2.2905989883406153E-4
0.6406912601579556,2.1242222009014325E-4
0.6414416375477642,1.9435631467528907E-4
0.6421927677948799,1.7548757439007418E-4
0.6429431377582837,1.5609220594453016E-4
0.643694268265655,1.3647621178208212E-4
0.6444446418767852,1.1711654176405866E-4
0.6451957615578512,9.824430713451245E-5
0.6459461497967385,7.976259709998178E-5
0.6466972490739047,6.199189740180946E-5
0.6474476613598316,4.530987436737261E-5
0.6481987317918976,2.961998221332246E-5
0.6489491764437016,1.4841779373659064E-5
0.6497002106261202,1.1570249288950782E-6
0.6504506948982655,-1.1473014403887591E-5
0.6512016864523809,-2.3334236243497865E-5
0.6519522165168925,-3.409500910901887E-5
0.6527031601110161,-4.328818367063928E-5
0.6534537410112418,-5.116250337733714E-5
0.6542046324006348,-5.83042220189969E-5
0.6549552679946562,-6.479418816403807E-5
0.6557061040677706,-7.014966165459611E-5
0.6564567969786392,-7.43101238642014E-5
0.6572075757975383,-7.76664815869663E-5
0.6579583273867665,-8.029564656967175E-5
0.6587090482101035,-8.187195437229399E-5
0.6594598585905709,-8.25610672948977E-5
0.6602105218676696,-8.274744485236974E-5
0.6609613899714514,-8.213018295590934E-5
0.6617119972964673,-8.057371206234751E-5
0.6624629210213282,-7.848317867819469E-5
0.6632134750213735,-7.594053982804063E-5
0.6639644511747023,-7.254083720457716E-5
0.6647149554832836,-6.845342098003957E-5
0.6654659796623613,-6.408947319152084E-5
0.6662164391248572,-5.912946402445785E-5
0.6669675056782843,-5.3392815270926906E-5
0.6677179261163962,-4.7288392909043285E-5
0.6684690273702109,-4.0902406753183126E-5
0.6692194165314792,-3.381372115636055E-5
0.6699705436982271,-2.616143515119458E-5
0.6707209105997255,-1.837421613837063E-5
0.6714720540589153,-1.0127826780078028E-5
0.6722224087088482,-1.2346167396075334E-6
0.6729735584165532,7.912413995453961E-6
0.6737239112588455,1.7185466184467246E-5
0.6744750545931926,2.7017801827603475E-5
0.6752254172876211,3.725600845918541E-5
0.6759765444445208,4.745537295258614E-5
0.6767269270940054,5.788533370613902E-5
0.6774780285375583,6.873165310691155E-5
0.678228441538979,7.955046167756663E-5
0.6789795080326521,9.015496299173077E-5
0.6797299588501354,1.0090704096610597E-4
0.680480984152119,1.1160841257647347E-4
0.6812314797479225,1.2170108288045835E-4
0.6819824574009071,1.3134906900304374E-4
0.6827330043832384,1.406167159878016E-4
0.68348392894455,1.4893534697207853E-4
0.6842345307602282,1.5591294127781944E-4
0.6849853994610166,1.6173064049276734E-4
0.6857360603447854,1.6596642686782115E-4
0.6864868696973465,1.67802349337787E-4
0.6872375913637482,1.6708686069821338E-4
0.6879883403198817,1.6358844221500481E-4
0.6887391233770938,1.5640816374276387E-4
0.6894898120930126,1.4480944415261158E-4
0.6902406568478218,1.2869832566786112E-4
0.6909912853551826,1.0749355288866578E-4
0.6917421892791915,8.03776662539506E-5
0.6924927609681749,4.74655446871662E-5
0.6932437219020151,9.22965740231467E-6
0.6939942389265243,-3.4031287905845675E-5
0.6947452522490513,-8.124532032867287E-5
0.6954957202481664,-1.3000298400251163E-4
0.6962467801194834,-1.777093538302036E-4
0.6969972045467444,-2.2168022887813428E-4
0.6977483053083461,-2.5841169725314796E-4
0.698498692796801,-2.848699959147959E-4
0.6992498243910719,-2.996009837045275E-4
0.7000001846865871,-3.021682341889742E-4
0.7007513386655024,-2.9230254156998713E-4
0.7015016808573669,-2.7083202827592244E-4
0.7022528470004734,-2.3937505896236218E-4
0.7030031813565745,-1.9937340165740789E-4
0.7037543465804709,-1.527105354819026E-4
0.7045046852820284,-1.0238523035573625E-4
0.7052558390743899,-5.141333193818545E-5
0.7060061939064368,-1.947994537811826E-6
0.7067573249150073,4.3832636549510866E-5
0.7075077068882357,8.384214554450786E-5
0.7082588055835822,1.1726615734364679E-4
0.7090092233926414,1.4389747791220965E-4
0.7097602822613647,1.634092744029214E-4
0.7105107430921014,1.7598198715705257E-4
0.7112617556230554,1.82958751858249E-4
0.7120122667238159,1.8535447342285806E-4
0.7127632265758116,1.8358817158764095E-4
0.7135137936872268,1.7819381345477502E-4
0.7142646960932661,1.6984869914226156E-4
0.7150153233094679,1.593248994993002E-4
0.7157661650012407,1.4740257119964537E-4
0.7165168549818325,1.3472591388263432E-4
0.7172676340318036,1.2138312164063408E-4
0.7180183881301158,1.0740588917091468E-4
0.7187691038534074,9.337650479657295E-5
0.7195199220344175,7.975956371805998E-5
0.7202705750551137,6.632210472784018E-5
0.7210214560090499,5.2946129345114064E-5
0.7217720482352804,4.031425857852592E-5
0.7225229897888473,2.858001228015862E-5
0.7232735239444615,1.7297996461914874E-5
0.7240245224426285,6.686616180005762E-6
0.7247750026282591,-2.9110178250977378E-6
0.7255260529713001,-1.1915320191598675E-5
0.7262764846660386,-2.066563487104163E-5
0.7270275803532738,-2.835930244802735E-5
0.7277779703766067,-3.4714535655081184E-5
0.7285291035302127,-4.0330215079435824E-5
0.7292794600218115,-4.558362984828208E-5
0.7300306214047895,-5.022859023992683E-5
0.7307809538121117,-5.4040648461657856E-5
0.7315321328541223,-5.7088907126054705E-5
0.7322824519180399,-5.949241103177237E-5
0.7330336368026678,-6.131121558715374E-5
0.733783954491279,-6.253135180842063E-5
0.7345351325204125,-6.313199521057732E-5
0.7352854614957728,-6.322188388655562E-5
0.7360366207882105,-6.275382694290062E-5
0.7367869726194151,-6.181004816216899E-5
0.737538103176855,-6.0352216255382966E-5
0.738288487763363,-5.846733552157534E-5
0.7390395807014832,-5.611645806769648E-5
0.739790006776318,-5.334613869160886E-5
0.7405410543775816,-5.0182027723532964E-5
0.741291529450292,-4.6613553132940115E-5
0.7420425251535155,-4.2677671194415834E-5
0.7427930556610728,-3.837179154395365E-5
0.7435439939297894,-3.373137205656908E-5
0.7442945854034055,-2.8747027060494634E-5
0.745045461640857,-2.3429754495710086E-5
0.7457961173504448,-1.78294982512639E-5
0.746546929166981,-1.1905798136110058E-5
0.7472976506514272,-5.71959374382516E-6
0.7480483971600168,7.5106725764088E-7
0.7487991853771272,7.447083529200739E-6
0.7495498663414214,1.4385839844984304E-5
0.7503007218857635,2.1534523452255758E-5
0.7510513373943701,2.88317050560823E-5
0.7518022573363338,3.629943950219751E-5
0.7525528106689836,4.3843369222632815E-5
0.7533037914725365,5.1468769426477544E-5
0.754054286919299,5.905470351336114E-5
0.7548053253499618,6.660119071589542E-5
0.755555766548164,7.398545295499039E-5
0.756306854904688,8.111743360833374E-5
0.7570572495692038,8.789816608729683E-5
0.7578083809768335,9.418716333520761E-5
0.7585587369897991,9.983271603025423E-5
0.7593099032120216,1.046371717648308E-4
0.7600602283014402,1.0840123278832298E-4
0.7608114174476838,1.1089013050749055E-4
0.7615617239707034,1.1176182539943797E-4
0.7623129256326305,1.1076987078406914E-4
0.7630632245384107,1.0747931779404572E-4
0.7638144250056137,1.0158038417653473E-4
0.7645647290194285,9.258404612375539E-5
0.7653159160961821,8.020481236415558E-5
0.7660662387697609,6.405196857154304E-5
0.7668174006391455,4.393746313487722E-5
0.7675677520712426,1.9823882502638237E-5
0.7683188792700926,-8.067015994788389E-6
0.7690692704547365,-3.918527370491139E-5
0.769820353691432,-7.25807469678533E-5
0.7705707921245087,-1.0671605320689826E-4
0.7713218243443586,-1.394158776395668E-4
0.7720723178520822,-1.678956991421042E-4
0.7728232928192967,-1.8910118362564272E-4
0.7735738471696538,-2.0096067846160753E-4
0.7743247595726859,-2.0323584770437058E-4
0.7750753786808808,-1.9770860021722808E-4
0.7758262257158052,-1.8638804712746456E-4
0.7765769131881455,-1.7033492516837243E-4
0.7773276920560996,-1.4962087895974008E-4
0.7780784481198713,-1.243912002727744E-4
0.7788291592562034,-9.553540784588693E-5
0.7795799854589747,-6.446409598926189E-5
0.7803306280938274,-3.291715594739413E-5
0.7810815231652025,-2.4075883019746057E-6
0.7818320991031318,2.567334956523091E-5
0.7825830590773091,5.034038936741056E-5
0.783333572713294,7.094762888056429E-5
0.7840845939523325,8.719825693069516E-5
0.7848350497055947,9.911340414395937E-5
0.7855861272630731,1.0695179629702711E-4
0.7863365304460853,1.1121752289019593E-4
0.7870876571430057,1.1242826128188231E-4
0.7878380151533807,1.1100938304142504E-4
0.788589181973652,1.0742139592327186E-4
0.7893395039887375,1.0201662755433857E-4
0.790090700344491,9.533678130434903E-5
0.790840997152218,8.768375123327648E-5
0.7915922116938955,7.947103011670274E-5
0.7923424950611004,7.080843667324452E-5
0.7930937153270999,6.194802184689102E-5
0.7938439977725605,5.3019185083326745E-5
0.7945952105111747,4.4186855890775056E-5
0.7953455052780118,3.5520146801599026E-5
0.7960966974158556,2.710036802868427E-5
0.7968470174447946,1.9041973646728593E-5
0.7975981778806558,1.141264399459055E-5
0.7983485340907006,4.207069851131659E-6
0.7990996531445973,-2.5159550899156165E-6
0.7998500549839762,-8.82496349493885E-6
0.8006011243281946,-1.4658902846716111E-5
0.8013515798321433,-2.008077599132994E-5
0.8021025924868868,-2.4900318809520642E-5
0.8028531082708597,-2.9174028802146153E-5
0.8036040586145924,-3.29234697334007E-5
0.8043546398559994,-3.626602939176358E-5
0.8051055236422259,-3.920052701148044E-5
0.8058561740622953,-4.167083233166401E-5
0.8066069884346613,-4.371552563063253E-5
0.8073577102915237,-4.5308222013359506E-5
0.8081084537893991,-4.652764563563631E-5
0.8088592478931842,-4.735099825254753E-5
0.8096099204401818,-4.781234463115097E-5
0.8103607862007356,-4.792955190681389E-5
0.8111113890686795,-4.769723075600227E-5
0.811862324586147,-4.716395022855954E-5
0.8126128603210073,-4.630699805008432E-5
0.8133638623409152,-4.51677613529394E-5
0.8141143347745083,-4.3749316537804585E-5
0.8148653981535338,-4.204482089147061E-5
0.8156158127928134,-4.011519286975691E-5
0.8163669304070195,-3.789060103586064E-5
0.8171172946971154,-3.548319558004788E-5
0.8178684580236212,-3.278651923683732E-5
0.8186187808161443,-2.9926136421026552E-5
0.8193699801523375,-2.6802799815904975E-5
0.8201202715407909,-2.3512361408186104E-5
0.8208714963238672,-2.000114135573202E-5
0.8216217673760122,-1.6314612955597113E-5
0.8223730044718045,-1.2445062729248649E-5
0.8231232678708449,-8.409421997490981E-6
0.823874503225311,-4.213565737115214E-6
0.8246247728834775,1.125289305665599E-7
0.8253759934845833,4.590080727369879E-6
0.8261262830173624,9.136387340617983E-6
0.8268774759836097,1.381970941778451E-5
0.8276277983475064,1.8502235462238947E-5
0.8283789528068984,2.3275504303514946E-5
0.8291293173773158,2.7977968269771433E-5
0.8298804249346344,3.267796843691103E-5
0.8306308412377182,3.723296377334384E-5
0.8313818929861871,4.1638848788866676E-5
0.832132369205536,4.579580507913158E-5
0.8328833587787738,4.961366562404126E-5
0.8336338998510776,5.3013038369693194E-5
0.8343848228700153,5.5838770791191585E-5
0.8351354347929345,5.7983677874813225E-5
0.8358862862252742,5.926422422600344E-5
0.836636971033405,5.9492962352612075E-5
0.8373877498954991,5.8484135777917295E-5
0.8381385097901531,5.59627997151751E-5
0.8388892145114895,5.1740154233968095E-5
0.8396400493500181,4.550930168898884E-5
0.8403906808571793,3.7089491416020076E-5
0.8411415891637765,2.6267033174877912E-5
0.8418921496905504,1.2930598118351129E-5
0.8426431284965296,-2.863916326573087E-6
0.8433936213376958,-2.1005874013989603E-5
0.8441446663869466,-4.100852434480261E-5
0.8448950967281113,-6.23711483214307E-5
0.8456462009857737,-8.407768775507024E-5
0.8463965757823992,-1.047874242386918E-4
0.8471477330561366,-1.2179830497658092E-4
0.8478980593958841,-1.3127702572296405E-4
0.8486492582763604,-1.2987870988153316E-4
0.849399547640682,-1.1844540720556816E-4
0.8501507791468873,-1.0417651852054138E-4
0.8509010403555269,-9.344015790726124E-5
0.8516522904571876,-8.478832797733198E-5
0.8524025383863021,-7.512025059268419E-5
0.853153794343198,-6.330833228456519E-5
0.8539040417513237,-4.980399212177441E-5
0.8546552879276519,-3.5228111487196125E-5
0.8554055495319279,-2.0540445188923334E-5
0.8561567738790471,-6.33006138065444E-6
0.856907062370843,6.64379255843484E-6
0.8576582524553873,1.8037496112953057E-5
0.8584085805892251,2.7473862494971994E-5
0.8591597253651834,3.48771929793301E-5
0.8599101033435109,4.0244274308306677E-5
0.8606611941133855,4.371095679341333E-5
0.8614116298394957,4.5499023355481604E-5
0.8621626598403532,4.5832487105642223E-5
0.8629131599411384,4.492716269880326E-5
0.8636641232653735,4.302062607349906E-5
0.8644146939617503,4.026578860552083E-5
0.8651655854676905,3.693963599549918E-5
0.8659162310655113,3.31321584868169E-5
0.866667047479888,2.9077920808423776E-5
0.8674177704116844,2.4806241053577936E-5
0.8681685101871777,2.045999059947539E-5
0.868919311182828,1.6094233157758016E-5
0.8696699743694769,1.175114434845369E-5
0.8704208525196674,7.534003795485774E-6
0.8711714407251758,3.4007696804289746E-6
0.8719223935241366,-5.056931899729759E-7
0.8726729098812578,-4.265664250111739E-6
0.8734239332875616,-7.766366704521115E-6
0.8741743824043766,-1.1084153103176209E-5
0.8749254708386813,-1.4165459808852147E-5
0.8756758587997892,-1.7036069350043924E-5
0.8764270051167696,-1.9667626290781392E-5
0.8771773395044679,-2.204153521898228E-5
0.8779285349488569,-2.4149049980778148E-5
0.8786788248773431,-2.6036822858188637E-5
0.8794300590026898,-2.7674399152567565E-5
0.8801803151895706,-2.9158264438682283E-5
0.880931575643907,-3.0360793110523593E-5
0.8816818106175988,-3.14348770683867E-5
0.8824330832524623,-3.2215905415603795E-5
0.883183311241674,-3.289079776185319E-5
0.8839345812324823,-3.3302982529121194E-5
0.8846848170523384,-3.3602873180757796E-5
0.8854360701938575,-3.36866731305202E-5
0.886186327967556,-3.363848882220237E-5
0.8869375514508834,-3.3419354094159626E-5
0.8876878438716119,-3.306008326715433E-5
0.8884390262962059,-3.255205813854746E-5
0.8891893646350252,-3.1920345174388915E-5
0.8899404959673011,-3.1134280818841065E-5
0.890690890129835,-3.0260178635763152E-5
0.8914419616136676,-2.921360700354253E-5
0.8921924203167917,-2.8112781918348372E-5
0.8929434244498387,-2.6832999674878372E-5
0.8936939540874589,-2.5509343583889156E-5
0.8944448858181514,-2.4027480347015695E-5
0.8951954905195244,-2.2482676400776873E-5
0.8959463465726195,-2.0824484807285306E-5
0.896697029401709,-1.906973190630156E-5
0.8974478075190121,-1.7250564863158986E-5
0.8981985709235649,-1.531196335171236E-5
0.8989492695357996,-1.3340344052108968E-5
0.8997001138659407,-1.1255680786049948E-5
0.9004507335083412,-9.144013834087231E-6
0.9012016558641952,-6.955602301113996E-6
0.901952200029675,-4.734892079202417E-6
0.9027031975376163,-2.486268237387302E-6
0.9034536698839079,-2.1559248469529499E-7
0.9042047386385117,2.042152729274734E-6
0.9049551434524216,4.274214021644227E-6
0.9057062750915403,6.467363701741085E-6
0.9064566211319425,8.54485598563894E-6
0.9072078084713922,1.0556301193048648E-5
0.9079581038215581,1.233241341522026E-5
0.9087093367328332,1.3983066091208952E-5
0.9094595910539511,1.5265805056157304E-5
0.9102108567311278,1.6302350251810262E-5
0.9109610837264318,1.683057067595319E-5
0.9117123702365582,1.6919983711540494E-5
0.9124625817283243,1.633900862648978E-5
0.9132138728155684,1.5072261204770457E-5
0.9139640848957488,1.2936317232054981E-5
0.9147153655709221,9.860085450950639E-6
0.9154655939480034,5.698991122392205E-6
0.9162168500210633,4.1677051966375394E-7
0.9169671077298556,-6.093715277850878E-6
0.917718326510147,-1.371617927851151E-5
0.9184686272657709,-2.2473191648523345E-5
0.9192197977383876,-3.2000872525165554E-5
0.9199701512168604,-4.2147389719839734E-5
0.9207212637603259,-5.2358686314764835E-5
0.9214716798899267,-6.263043296090446E-5
0.9222227269204474,-7.216602823670994E-5
0.9229732130518687,-7.431418238270374E-5
0.923724187447121,-5.987906090672948E-5
0.9244747487947057,-3.4020108372504536E-5
0.9252256470540814,-2.2131450242216668E-10
0.9259762885625161,-2.3382122359733836E-10
0.9267271062699112,-2.3345034762553903E-10
0.9274778307914483,-2.330074521086554E-10
0.9282285663915134,-2.3243928668766007E-10
0.9289793731039795,-2.3180961962354634E-10
0.9297300280761454,-2.3110679837448215E-10
0.9304809172857091,-2.3042686142270412E-10
0.9312314920988449,-2.2975021112142487E-10
0.9319824617550073,-2.2914999943627864E-10
0.9327329592062471,-2.2862561699787597E-10
0.9334840041594028,-2.2818808775166937E-10
0.9342344298424806,-2.2787400157216413E-10
0.9349855431968049,-2.2763247200366958E-10
0.9357359046377253,-2.2752223807957557E-10
0.9364870797147667,-2.274571635236924E-10
0.9372373841905628,-2.2749568783547784E-10
0.9379886118240393,-2.275704897909726E-10
0.9387388687892796,-2.2770712088820092E-10
0.9394901375192809,-2.2787968902771511E-10
0.9402403586054937,-2.280764582134953E-10
0.9409916545881697,-2.283046989053399E-10
0.9417418537379567,-2.2853856900820836E-10
0.942493162208796,-2.2878319830649043E-10
0.9432433542631877,-2.2904182779997807E-10
0.9439946594214161,-2.2928118361576798E-10
0.9447448604654242,-2.2954874993426927E-10
0.9454961474987104,-2.2976979002767624E-10
0.9462463723112464,-2.300315571412141E-10
0.9469976269382913,-2.3023710316237823E-10
0.9477478896154307,-2.3047468728907629E-10
0.9484990995456852,-2.306692804711241E-10
0.9492494121187687,-2.3087112012320354E-10
0.9500005667703906,-2.3105524341050492E-10
0.9507509394863529,-2.3122184713633644E-10
0.9515020299186636,-2.3139096877884807E-10
0.9522524713049988,-2.3152949538204125E-10
0.953003490210522,-2.316711679716514E-10
0.9537540070816329,-2.3179228775767218E-10
0.9545049487842906,-2.3189967972163684E-10
0.9552555462448475,-2.320086705914818E-10
0.956006406698651,-2.3208354740401794E-10
0.956757088151999,-2.3217817108804674E-10
0.9575078649346014,-2.322297759178515E-10
0.9582586321039974,-2.3230193482570976E-10
0.9590093243996556,-2.3234299984172405E-10
0.9597601773701743,-2.3238385201315285E-10
0.9605107859365514,-2.3241862331707867E-10
0.9612617231977229,-2.324300255856295E-10
0.9620122503250896,-2.324608118568455E-10
0.9627632681273111,-2.3245276154593005E-10
0.9635137182025444,-2.3246963624158282E-10
0.9642648107087483,-2.3245294286827798E-10
0.9650151900915581,-2.3244605847196082E-10
0.9657663497641844,-2.3242486582806662E-10
0.9665166664650126,-2.3239333856527464E-10
0.9672678842686716,-2.3236685399780895E-10
0.9680181477972897,-2.3231846496765576E-10
0.9687694134573503,-2.322797031605228E-10
0.9695196346309136,-2.3222692219206901E-10
0.9702709363446337,-2.321692898961761E-10
0.9710211270909396,-2.3212259740559854E-10
0.9717724492587001,-2.3204018878911796E-10
0.9725226248963555,-2.3199362613616732E-10
0.9732739514925117,-2.3189392900043044E-10
0.9740241283946741,-2.318403084867842E-10
0.974775443381622,-2.3173765337460598E-10
0.9755256382337705,-2.316670624711357E-10
0.9762769256992055,-2.3157465472850178E-10
0.9770271534673972,-2.3148749989340653E-10
0.9777784008818813,-2.313994511672234E-10
0.9785286736482857,-2.3129909694897646E-10
0.9792798696969314,-2.3121224231687763E-10
0.9800301998577717,-2.311163428287717E-10
0.9807813331822873,-2.3103124633254818E-10
0.9815317305223111,-2.30954328399047E-10
0.9822827937084645,-2.308646841691194E-10
0.9830332649543083,-2.3080733270504697E-10
0.9837842515453106,-2.307261556490124E-10
0.9845348046608885,-2.307026104979715E-10
0.9852857083039621,-2.3066213687716688E-10
0.9860363456234308,-2.3066530563991968E-10
0.9867871649830984,-2.306789106830466E-10
0.9875378914240607,-2.3072579816979405E-10
0.9882886223200869,-2.308240384681603E-10
0.9890394352859234,-2.309415787398869E-10
0.9897900818178413,-2.3113276417137892E-10
0.99054098600322,-2.313512561315367E-10
0.9912915425826102,-2.316542895762848E-10
0.9920425245829266,-2.3200133098636532E-10
0.9927930103606352,-2.3240435579947524E-10
0.9935440850518718,-2.328673415331446E-10
0.9942944718916696,-2.333596455791666E-10
0.9950455975886225,-2.3389362279748223E-10
0.9957959641341037,-2.3440428284343814E-10
0.9965471910511955,-2.3493565266755493E-10
0.9972973906837852,-2.356458105043585E-10
0.9980486394296109,-2.362011150166586E-10
0.9987990477329795,-2.2935414907071474E-10
0.9995500069376213,1.4156712137190627E-9
NaN,NaN
NaN,NaN
NaN,NaN
NaN,NaN
NaN,NaN
NaN,NaN
NaN,NaN
NaN,NaN
NaN,NaN
NaN,NaN
NaN,NaN
NaN,NaN
NaN,NaN
NaN,NaN
NaN,NaN
NaN,NaN
NaN,NaN
NaN,NaN
NaN,NaN
NaN,NaN
NaN,NaN
NaN,NaN
NaN,NaN
NaN,NaN
NaN,NaN
NaN,NaN
NaN,NaN
NaN,NaN
NaN,NaN
NaN,NaN
NaN,NaN
NaN,NaN
NaN,NaN
NaN,NaN
NaN,NaN
NaN,NaN
NaN,NaN
NaN,NaN
NaN,NaN
NaN,NaN
NaN,NaN
NaN,NaN
NaN,NaN
NaN,NaN
NaN,NaN
NaN,NaN
NaN,NaN
NaN,NaN
NaN,NaN
NaN,NaN
NaN,NaN
NaN,NaN
NaN,NaN
NaN,NaN
NaN,NaN
NaN,NaN
NaN,NaN
NaN,NaN
NaN,NaN
NaN,NaN
NaN,NaN
NaN,NaN
NaN,NaN
NaN,NaN
NaN,NaN
NaN,NaN
NaN,NaN
NaN,NaN
NaN,NaN
NaN,NaN
NaN,NaN
NaN,NaN
NaN,NaN
NaN,NaN
NaN,NaN
NaN,NaN
NaN,NaN
NaN,NaN
NaN,NaN
NaN,NaN
NaN,NaN
NaN,NaN
NaN,NaN
NaN,NaN
NaN,NaN
NaN,NaN
NaN,NaN
NaN,NaN
NaN,NaN
NaN,NaN
NaN,NaN
NaN,NaN
NaN,NaN
NaN,NaN
NaN,NaN
NaN,NaN
NaN,NaN
NaN,NaN
NaN,NaN
NaN,NaN
