0.18999999999999992,0.0069157120012499
0.19085068395179677,0.0018455540498479518
0.19170195028570008,-5.15199512243923E-4
0.19255226777577245,-0.0021981464082361634
0.1934035792967675,-0.0033661330645496862
0.19425417789512947,-0.004146740859829347
0.19510501145799164,-0.0046354270775858675
0.1959560833910742,-0.004904943474984329
0.19680656523433043,-0.005004168852613734
0.19765797020434564,-0.0049721264999467085
0.19850815296393334,-0.0048384967358422026
0.19935977212076628,-0.004627864284333387
0.20020984750046747,-0.00436130139989283
0.20106140573699152,-0.0040553900275651185
0.20191163563748718,-0.003725712552890969
0.20276292616043207,-0.0033834636589866697
0.20361350612997908,-0.0030399286286549986
0.20446441118186573,-0.0027023921155868384
0.20531542156315136,-0.0023785639031782967
0.20616592258663022,-0.002072839344006527
0.20701732773824846,-0.0017900219229322696
0.20786750575488114,-0.0015323491401043063
0.2087191459893759,-0.0013024393765558226
0.20956918522327267,-0.0011008617894143426
0.2104207974241489,-9.288049614841693E-4
0.2112709671173019,-7.854617695175689E-4
0.21212231806810997,-6.71308715576433E-4
0.21297283680996235,-5.843439271495301E-4
0.21382379343026078,-5.249033304620286E-4
0.21467475963218396,-4.899491220864109E-4
0.21552529058399156,-4.8002578983900835E-4
0.2163766794328503,-4.9125686001842E-4
0.21722685793048424,-5.244856237184756E-4
0.21807851882994952,-5.752598131672128E-4
0.21892852420465292,-6.445609709490393E-4
0.2197801883474582,-7.27675584390994E-4
0.22063029790764946,-8.253691913872809E-4
0.22148171160189456,-9.329711331208868E-4
0.22233216632693212,-0.0010505912273138418
0.22318317828351994,-0.001173797841775029
0.22403409572372598,-0.0013016355830461996
0.22488466087169903,-0.0014299184844354703
0.22573602882549254,-0.0015563299092882232
0.22658621237373897,-0.0016767066269070476
0.22743788849621985,-0.0017872253557825952
0.22828786459795683,-0.001883300834806073
0.22913957866663456,-0.0019595892805442452
0.2299896290673263,-0.002010464355374029
0.23084110651600098,-0.0020290816886662285
0.2316914947813988,-0.002008041899720676
0.23254256569534393,-0.0019388271545651703
0.23339342896803492,-0.0018113226054148153
0.2342440339953997,-0.0016144233992972095
0.2350953755093341,-0.0013333390311347111
0.23594556904010497,-9.507574651666489E-4
0.2367972547079183,-4.397308167490005E-4
0.23764720630877562,2.4179129612992797E-4
0.23849896798227363,0.001175770661513603
0.2393489603743795,0.0024281758004331354
0.2402005026373239,0.003381748472143977
0.24105082252826412,0.003015248596875472
0.2419019554882384,0.0019464178227971386
0.24275276029739634,8.403250927111625E-4
0.2436034098436601,-9.426763511561742E-5
0.2444547187588371,-8.171319228650201E-4
0.24530492808534773,-0.0013438931740182227
0.24615661839125977,-0.0017004543222458508
0.24700654959307275,-0.0019169308891418802
0.24785835567224648,-0.002017006130676567
0.24870829227316812,-0.0020252374090274665
0.24955989976951404,-0.0019595578016192126
0.25041014924026145,-0.00183890468747262
0.2512613476220802,-0.0016767770188044209
0.25211209008918306,-0.001487262616617895
0.2529627885442144,-0.0012803979677292556
0.253814059362204,-0.001066114153535167
0.25466428952386394,-8.516374902722911E-4
0.2555159788074333,-6.434852443191427E-4
0.25636589470293175,-4.465510486110837E-4
0.2572177414289773,-2.6472977327316594E-4
0.25806762467260447,-1.0096037862487993E-4
0.2589192975681115,4.27157372052011E-5
0.25976947513947146,1.6498030482395594E-4
0.2606207420055304,2.6498719716233014E-4
0.2614714175551574,3.427092274387984E-4
0.26232216999006247,3.9800627502324307E-4
0.2631733978471312,4.318061687240659E-4
0.26402365366813735,4.443700303003971E-4
0.2648753355397489,4.3725103391317917E-4
0.26572524151562704,4.109743567455198E-4
0.266577124751836,3.674206444434372E-4
0.2674269575981539,3.0737387434438465E-4
0.2682786957741611,2.3280801522794842E-4
0.26912880059614364,1.4484469670001234E-4
0.2699801384865289,4.541522234357637E-5
0.27083074340129343,-6.390670868583259E-5
0.2716815542677362,-1.8124560555880844E-4
0.27253273272195916,-3.044582512037264E-4
0.27338302073904214,-4.316122227827238E-4
0.2742346887768942,-5.598876199937068E-4
0.27508459061621887,-6.87071661471839E-4
0.2759365051957705,-8.095707355419516E-4
0.2767862917047643,-9.24585573781667E-4
0.2776380941191023,-0.0010276508404400459
0.27848812592106603,-0.0011150308328042
0.2793395369231701,-0.001181266856637911
0.2801900678512358,-0.001221334714919721
0.2810409413188414,-0.0012286017287386941
0.28189206552825996,-0.0011964109922488377
0.2827423904230928,-0.0011166504503198672
0.28359403914657966,-9.806034695828913E-4
0.2844439418754644,-7.780420069450397E-4
0.28529588226967284,-4.97294289702479E-4
0.2861456269316144,-1.244212362980064E-4
0.28699749218644044,3.569019537898228E-4
0.2878474508957968,9.608872940316528E-4
0.28869893710708133,0.001666357626643954
0.2895493907539599,0.002316668283926138
0.2904003311583809,0.002585246410775774
0.291251395086957,0.002302830255940352
0.2921017630342578,0.0016581498037386358
0.2929533866223361,9.16630857018082E-4
0.293803295480661,2.3323159229984787E-4
0.2946552556712385,-3.303399079764524E-4
0.2955049635939767,-7.611885575732933E-4
0.29635688961164114,-0.001065895847301121
0.2972067763129763,-0.0012595461208829341
0.29805833895212214,-0.0013584772040749564
0.29890871217355425,-0.0013795858616774404
0.2997597237365982,-0.0013381575353891466
0.3006107227059169,-0.0012484120736969966
0.3014611387278069,-0.0011228375719449012
0.3023127297349901,-9.723609974900064E-4
0.30316265141787746,-8.065481599118512E-4
0.3040146257353852,-6.332584535691937E-4
0.30486430200923503,-4.593958279361999E-4
0.3057162861500973,-2.9023207379857757E-4
0.3065661018416297,-1.3039122603425063E-4
0.3074177421035827,1.6898197390252445E-5
0.3082680326775734,1.48869608688822E-4
0.3091191189397299,2.6382378917872844E-4
0.30997004803903255,3.6043007090110353E-4
0.3108205173427971,4.38080927315861E-4
0.3116720701263575,4.964902655301976E-4
0.31252201027085286,5.357995609864161E-4
0.31337399092604207,5.564279118557285E-4
0.31422364209009507,5.59020366052915E-4
0.3150756811464728,5.444292113594586E-4
0.315925427961392,5.136470505730993E-4
0.31677714648385935,4.677658126571125E-4
0.31762735286455335,4.0804463871133966E-4
0.31847851672385025,3.3570731339472795E-4
0.3193293713918934,2.522580782865685E-4
0.32017989897841614,1.590314121641676E-4
0.3210314075827823,5.780273737053063E-5
0.32188137164816344,-4.992310484415468E-5
0.322733353709136,-1.6203472640316193E-4
0.3235829837849705,-2.7672677462807884E-4
0.3244350741621375,-3.914551639430075E-4
0.32528475471283236,-5.039280202128011E-4
0.32613655170221384,-6.110438239248588E-4
0.326986671821827,-7.098035834211728E-4
0.3278379169520025,-7.963972610191262E-4
0.32868869224695063,-8.668901425100034E-4
0.3295392837607853,-9.165913238801837E-4
0.33039074111357064,-9.404235057198532E-4
0.33124073612481,-9.326386814316389E-4
0.33209271151060155,-8.868687321966463E-4
0.33294232786731226,-7.961754880566872E-4
0.33379446485587005,-6.528962998277455E-4
0.3346440823393285,-4.490027067282017E-4
0.33549595749589145,-1.7616545345091377E-4
0.33634599050413644,1.728016225341435E-4
0.3371973195387382,6.000613032839295E-4
0.3380480118595592,0.0010896040337017444
0.3388986715608622,0.0015780837376887606
0.33975007199893736,0.0019309193131814859
0.34060010353830694,0.0019989463902316796
0.3414520662015209,0.001746959935468367
0.3423016743293092,0.001278557752620182
0.34315385286931394,7.343741220197529E-4
0.3440034109758878,2.1520311186816205E-4
0.3448553634825375,-2.2720661792031524E-4
0.34570530913178926,-5.740982205853737E-4
0.34655672436020807,-8.245559990859917E-4
0.3474073288923503,-9.86223929442533E-4
0.3482580624928752,-0.001070488699902479
0.349109400160875,-0.001089704434736849
0.3499594739002026,-0.0010563210049872437
0.350811416492085,-9.81738388338411E-4
0.351661022924599,-8.766170167510525E-4
0.3525132370916446,-7.500744012050018E-4
0.3533627414303712,-6.103655162400711E-4
0.35421476955608805,-4.6421953820292226E-4
0.3550646271470493,-3.175617259956083E-4
0.3559161311274216,-1.7501096056789957E-4
0.35676664496806687,-4.048357545788508E-5
0.3576174564444455,8.312541960298463E-5
0.3584687253309965,1.935116479992036E-4
0.35931884756024773,2.891136415943722E-4
0.36017076293188943,3.688444831965737E-4
0.3610203742929631,4.3212614609603475E-4
0.3618726175765599,4.7873865019760364E-4
0.3627220728943327,5.087960388450176E-4
0.36357417491620586,5.226601231620729E-4
0.3644239455020503,5.209115595857032E-4
0.3652755397968239,5.042830193079926E-4
0.36612595949103394,4.736638935094658E-4
0.3669768534044558,4.300214880675428E-4
0.3678280472052489,3.744617823725706E-4
0.368678224550012,3.0812133444296585E-4
0.36953010498608135,2.3229153535383272E-4
0.3703797285757116,1.4827801724328547E-4
0.3712319933570309,5.758013628671119E-5
0.3720814066256204,-3.826863234836339E-5
0.37293357986482245,-1.37493382760036E-4
0.3737832646582968,-2.3822289221788964E-4
0.37463495012782216,-3.3830231087570795E-4
0.375485273026849,-4.353735921688224E-4
0.37633625331465526,-5.267677763558567E-4
0.3771873671503437,-6.094690676246253E-4
0.3780376047079797,-6.801399101188937E-4
0.37888944420698184,-7.349380170107955E-4
0.3797390854442114,-7.697032950604687E-4
0.3805913652432457,-7.796401804170467E-4
0.3814407417704336,-7.59665231941165E-4
0.38229298325986844,-7.040364486306758E-4
0.3831425841282069,-6.068586546921763E-4
0.38399436186899233,-4.6187687533169743E-4
0.38484458556938517,-2.6332707431888855E-4
0.3856956560893191,-6.662689527657734E-6
0.3865466843911085,3.0862742898832556E-4
0.3873969882748164,6.732628742831054E-4
0.3882487785113121,0.0010563751735703946
0.3890984455814328,0.0013924878858853481
0.3899507319293311,0.0015886106052362928
0.3908000792746167,0.0015723097798568896
0.39165238508450945,0.0013445304779254176
0.3925019039180078,9.750707346110437E-4
0.39335377459899007,5.52350806068761E-4
0.3942038977513148,1.4501847052887315E-4
0.39505506165223336,-2.0701124721031976E-4
0.3959059986639606,-4.862827813631733E-4
0.39675637524039464,-6.894240408155626E-4
0.39760811040982386,-8.207008849834618E-4
0.3984578087387234,-8.883069792074582E-4
0.39931009374502535,-9.018324945169263E-4
0.4001594191572333,-8.713206526117693E-4
0.4010117846647942,-8.062418216271548E-4
0.4018612255093025,-7.15465384563338E-4
0.4027131883423906,-6.067857641224398E-4
0.40356320842740767,-4.8711675187383197E-4
0.4044144698018948,-3.6230022801947567E-4
0.40526531180562236,-2.3728646559021768E-4
0.40611576555613343,-1.1612216695103799E-4
0.40696743817778414,-2.0593212535735496E-6
0.40781717527648176,1.0235372263273299E-4
0.40866945083594003,1.9521874596380108E-4
0.4095187614190592,2.751617736288739E-4
0.4103711815118159,3.413008490759015E-4
0.41122054790661355,3.931322506306624E-4
0.4120726026207151,4.304986420502487E-4
0.41292251981575356,4.535058064302737E-4
0.41377388060893394,4.624901385076695E-4
0.4146246227061512,4.579628792164517E-4
0.4154751592880465,4.4058626394847785E-4
0.41632676247591577,4.1113575459199916E-4
0.4171765450969634,3.7049213116237804E-4
0.41802880425285077,3.196164116512508E-4
0.4188781061678039,2.5955776171076705E-4
0.4197305747492094,1.9144147166934557E-4
0.42057987144367187,1.1648872726740659E-4
0.4214320167688992,3.601691375755939E-5
0.4222818301161204,-4.852726605021412E-5
0.423133293537073,-1.3556629225740314E-4
0.42398393131530604,-2.233315924163154E-4
0.42483455638440415,-3.0988466737796676E-4
0.42568608339121333,-3.930075410570595E-4
0.4265359184349692,-4.702745222082073E-4
0.4273881518359259,-5.388764710275756E-4
0.4282374540764296,-5.957620622284013E-4
0.42908996472858657,-6.374020407100696E-4
0.42993919720148405,-6.599994373275441E-4
0.4307914312357156,-6.592435488235017E-4
0.43164114122185016,-6.305773082059656E-4
0.4324927087195753,-5.690580412527519E-4
0.4333432386388153,-4.69731481769132E-4
0.43419395681163986,-3.278666399642832E-4
0.4350454011380246,-1.3982698674806483E-4
0.43589529533579524,9.541444076382783E-5
0.4367474952236217,3.7310596078196943E-4
0.43759680471412815,6.770917149487007E-4
0.43844934973869804,9.724412231305477E-4
0.4392985244868958,0.0012033271384145252
0.4401508449664496,0.0013079585095986297
0.4410004523389677,0.0012508262828749904
0.4418521258718819,0.0010448870839553568
0.4427025453145001,7.417920333637593E-4
0.4435533605198027,4.0271845123398484E-4
0.44440471514429863,7.665189351558304E-5
0.44525467583463674,-2.0604751222254455E-4
0.4461068351273195,-4.3089878208710404E-4
0.44695615856441756,-5.942351647038563E-4
0.4478087296150692,-6.988050680285066E-4
0.44865785395144375,-7.508273459479354E-4
0.4495102574548798,-7.5802954319365E-4
0.4503597640681145,-7.285961895497014E-4
0.45121154471853764,-6.704711480232132E-4
0.45206184976995123,-5.91024685116789E-4
0.4529127674450901,-4.968929983108178E-4
0.4537640277407135,-3.9385287632212184E-4
0.4546140599943377,-2.869001599100532E-4
0.45546616905054627,-1.8017571392219076E-4
0.45631551582688706,-7.713184298508846E-5
0.45716810444302,1.950978933223146E-5
0.45801718550700227,1.0759458989425431E-4
0.4588696686396327,1.8553400613050783E-4
0.4597190766926175,2.521878311338968E-4
0.46057096506617157,3.068229527834542E-4
0.46142115372043596,3.490436031314984E-4
0.46227217742220905,3.7873341399336625E-4
0.46312333620654444,3.9601165583221036E-4
0.4639734478845715,4.0118811518261965E-4
0.4648254993059263,3.947223526013463E-4
0.4656748764039188,3.772094587796285E-4
0.46652747342143575,3.493335631136847E-4
0.4673765197536793,3.118836755109357E-4
0.46822907816151693,2.657090997248845E-4
0.46907839073383173,2.1175051904923946E-4
0.46993038678721544,1.5101199784427278E-4
0.4707804576514504,8.459232002037288E-5
0.47163159057296045,1.3680066477080437E-5
0.4724826435774801,-6.041665587554235E-5
0.4733328394634417,-1.3626130360340152E-4
0.4741848259573874,-2.122488353132801E-4
0.4750342405190319,-2.866026152237619E-4
0.4758868369468351,-3.573091283496439E-4
0.4767358564690294,-4.221376287508636E-4
0.47758848477333393,-4.785486542206145E-4
0.47843770529926544,-5.237367645825366E-4
0.47928980895516865,-5.54542191695233E-4
0.48013975999982933,-5.675014444742959E-4
0.4809910063981521,-5.588270207337217E-4
0.4818419478695418,-5.244721010390914E-4
0.4826922348030651,-4.602923020105762E-4
0.48354414827866465,-3.62251184592846E-4
0.4843936083093755,-2.2703698429635825E-4
0.48524619496764804,-5.293537205998023E-5
0.48609519604760787,1.582360936091437E-4
0.486947888636624,3.981139745456488E-4
0.4877970219200734,6.473914568463352E-4
0.4886492321898495,8.72448300838181E-4
0.4894990627838817,0.0010288729410522007
0.49035042494717285,0.0010763619327831897
0.49120125026607186,9.990147631356789E-4
0.4920516338561663,8.137716580489418E-4
0.4929034658976402,5.606192957288499E-4
0.49375297980924526,2.842290281690711E-4
0.49460554852632826,2.0656681148991242E-5
0.4954545388047685,-2.070685556344201E-4
0.4963072894414433,-3.8751206434732495E-4
0.4971563399387473,-5.175706808997595E-4
0.49800865501264274,-5.993139648507124E-4
0.49885836547988593,-6.377323865299706E-4
0.49970984624207015,-6.391710171902924E-4
0.5005605507353013,-6.10396159573704E-4
0.501411036635131,-5.580488229102131E-4
0.5022627811723808,-4.882800179391644E-4
0.5031123552874777,-4.0666425775712857E-4
0.5039648946702283,-3.1803831148576267E-4
0.5048138847133751,-2.2659036782736192E-4
0.5056666852706551,-1.3579043386378604E-4
0.5065156598142937,-4.8514569313821675E-5
0.5073680779288688,3.2960065453868545E-5
0.5082176685821491,1.0685535918963387E-4
0.5090692697669916,1.7185308419507593E-4
0.5099198494907508,2.270244344485709E-4
0.5107704430595134,2.7178110469724205E-4
0.5116220922250793,3.0581084594139343E-4
0.5124717345993225,3.290543063095751E-4
0.5133242375097584,3.416241136864984E-4
0.514173233823062,3.4382558966392036E-4
0.5150260765858694,3.360557705717927E-4
0.5158749820549032,3.188611195376366E-4
0.5167275001967027,2.92834218283586E-4
0.5175769718941847,2.586832789756809E-4
0.5184286951962033,2.171530628679341E-4
0.519279146448644,1.6908092196247175E-4
0.5201298529690305,1.1535811210704918E-4
0.520981399071283,5.696350048112286E-5
0.5218311180232518,-5.038167323376903E-6
0.5226835732396443,-6.947552867063148E-5
0.5235325867847151,-1.3505373950019388E-4
0.5243854627171142,-2.0032919339258709E-4
0.5252343067330449,-2.6369373653898465E-4
0.5260869214430766,-3.233357713489473E-4
0.5269362761880781,-3.7723130937260355E-4
0.5277881228403594,-4.2310509979715205E-4
0.5286384432421525,-4.58417052029513E-4
0.5294892665871872,-4.803603601393006E-4
0.5303407041472065,-4.85834488880444E-4
0.5311905054134907,-4.715368036523675E-4
0.5320429050489066,-4.3396109928901225E-4
0.5328919433133369,-3.6968316999875644E-4
0.5337448423411991,-2.7557033944655197E-4
0.5345936339445194,-1.495318888701248E-4
0.5354463411874384,8.499403580074797E-6
0.5362955817209474,1.9462900711884052E-4
0.5371475519903798,3.9835569009762957E-4
0.5379977381132234,5.996718630623333E-4
0.538848683398572,7.685591653644802E-4
0.5397000057124586,8.709100688672549E-4
0.5405498969149466,8.814392156223008E-4
0.5414022315031982,7.954014014536848E-4
0.542251303507802,6.303924570115813E-4
0.5431042158950109,4.1789089104989503E-4
0.5439529641835444,1.914880924164119E-4
0.5448057591404823,-2.1859408788201364E-5
0.5456548878218402,-2.0474463831780525E-4
0.5465069820346032,-3.484448848042705E-4
0.5473570330211355,-4.50667422842818E-4
0.5482081037235362,-5.131948502188148E-4
0.5490593043726024,-5.40187056537035E-4
0.5499092925143602,-5.369091611610596E-4
0.5507615534603302,-5.08989428018464E-4
0.5516106678787425,-4.619452595358461E-4
0.552463582235821,-4.0089982695400394E-4
0.5533122969773997,-3.304763756261474E-4
0.5541651737456996,-2.5470243458660985E-4
0.5550141959884947,-1.7703533163536433E-4
0.5558664137044694,-1.0035829763847546E-4
0.5567163275352339,-2.7030654909886877E-5
0.5575675270147216,4.1068240116277414E-5
0.558418600367833,1.0248901007505638E-4
0.5592686922162355,1.5616325316877207E-4
0.5601208708721659,2.0133969254525802E-4
0.5609700361893044,2.3756682961094617E-4
0.5618229419658012,2.645996678771929E-4
0.5626716335208763,2.8242950021005844E-4
0.5635245861850324,2.9116458170225473E-4
0.5643735059317019,2.9109511078283983E-4
0.5652258456670959,2.825730061662545E-4
0.5660756216296381,2.660816352244629E-4
0.5669269533391376,2.421463246889066E-4
0.5677778946388761,2.1138132149681996E-4
0.5686280960409854,1.7444870631828395E-4
0.5694801847011579,1.3207464753771045E-4
0.5703294085927383,8.505163956591764E-5
0.5711822969048105,3.4237220228099596E-5
0.5720309729016743,-1.9423079702838845E-5
0.5728839938359717,-7.48907819404274E-5
0.5737328173023304,-1.310162552926351E-4
0.5745852776808207,-1.865105936827192E-4
0.5754349158111162,-2.3994347773766229E-4
0.5762863824375348,-2.896963864682526E-4
0.5771371862980416,-3.3396729200698165E-4
0.577987503842647,-3.7073133906495885E-4
0.578839492639915,-3.97734818134424E-4
0.5796887854295205,-4.125008339988271E-4
0.580541643449051,-4.123145987216612E-4
0.5813903162644227,-3.943187237031562E-4
0.5822433974828695,-3.555572375637816E-4
0.5830921311368774,-2.932484590128713E-4
0.5839447096384237,-2.051050682191678E-4
0.5847942103970721,-9.005423000550171E-5
0.5856458140205868,5.066624314267779E-5
0.5864964761123351,2.1178266383546456E-4
0.5873469156928465,3.8184465944756E-4
0.5881987981281157,5.416017536195327E-4
0.5890481664743304,6.653458770016143E-4
0.5899009848559533,7.276709348758016E-4
0.5907496632470265,7.142482161770117E-4
0.5916027960878091,6.269083206993472E-4
0.5924514478445108,4.82051895668564E-4
0.5933041411204938,3.0448591855215725E-4
0.5941535050363033,1.1975854086753448E-4
0.5950052477784059,-5.188254621078937E-5
0.5958557653382731,-1.9740858878224149E-4
0.5967063315483718,-3.103928024509566E-4
0.5975580983353157,-3.8932610531646844E-4
0.598407552003224,-4.3588670950784665E-4
0.5992603206668765,-4.535811995377365E-4
0.600109014103042,-4.468140081897001E-4
0.6009621889742807,-4.202266983179337E-4
0.6018107666769673,-3.783848338914861E-4
0.6026635713563943,-3.2549468231697404E-4
0.6035128017391909,-2.653561927659764E-4
0.6043646840025,-2.0126775006151616E-4
0.6052150523449936,-1.3605182489316342E-4
0.6060657510564483,-7.205917145217464E-5
0.606917395649716,-1.120274788089715E-5
0.6077669419347718,4.499886214440308E-5
0.6086196504803105,9.538087724555681E-5
0.6094683691274463,1.3909479056837648E-4
0.6103215755263011,1.755490815767961E-4
0.6111700885838421,2.0439974763771887E-4
0.6120229997155902,2.2547448299585946E-4
0.6128720985015521,2.387844638555689E-4
0.6137241214828577,2.4445503445954126E-4
0.6145743385673381,2.4273271766814535E-4
0.6154251743760984,2.3395078171652164E-4
0.6162766898037964,2.1850883375700784E-4
0.6171263363506004,1.9688713296886704E-4
0.6179789741446906,1.695955213498709E-4
0.6188277284853638,1.372274374640491E-4
0.6196809544143114,1.0039622096004494E-4
0.6205294140735845,5.9801862349149105E-5
0.6213824268527254,1.6183562781883938E-5
0.6222313977344676,-2.963028442758933E-5
0.6230835610673906,-7.673197353304763E-5
0.6239336247481357,-1.2411477472756531E-4
0.6247846013577432,-1.706469333169047E-4
0.6256359808876241,-2.150718722785278E-4
0.6264857352643916,-2.5597047665489573E-4
0.6273382929627366,-2.9175747496099785E-4
0.6281870919554957,-3.20664972906457E-4
0.6290403265615319,-3.407199916585758E-4
0.6298887422244736,-3.4977654247383614E-4
0.6307418503464377,-3.454958498227058E-4
0.6315906980498899,-3.2545242267722157E-4
0.6324430014193296,-2.8720857462703015E-4
0.6332929102283027,-2.2857531582163868E-4
0.6341440317324687,-1.4799769309344903E-4
0.634995269109662,-4.523961432292283E-5
0.635845138694208,7.752975301838918E-5
0.6366976070528493,2.1425767374548424E-4
0.6375464599963234,3.5343027680523114E-4
0.638399689805895,4.7737114165178414E-4
0.6392480744437804,5.645537899160608E-4
0.640101270770309,5.969361450015093E-4
0.6409500004937105,5.687520126099096E-4
0.6418024424169552,4.853927468791174E-4
0.6426521948723218,3.607807369414172E-4
0.6435034653956382,2.1434484627030637E-4
0.644354555739619,6.546351842276219E-5
0.6452045465955509,-7.07349060381948E-5
0.6460569143787723,-1.8468290942841076E-4
0.6469058326731674,-2.718356183821886E-4
0.6477590473993425,-3.3134099394277147E-4
0.6486074101158588,-3.6482345279516157E-4
0.6494606878701209,-3.7522247873467834E-4
0.6503093051493413,-3.6621148054859486E-4
0.6511618839379589,-3.4156152040147223E-4
0.6520114807765395,-3.0500291338231305E-4
0.652862902047509,-2.5992893039562364E-4
0.6537138383849982,-2.0941199164506937E-4
0.6545639588818035,-1.5610095637464403E-4
0.655416218813248,-1.0225943936126747E-4
0.6562652098949282,-4.9763950535591885E-5
0.6571183970437022,-1.3618998071098605E-7
0.6579667499530497,4.5423337784468475E-5
0.6588201001335391,8.599949273085707E-5
0.659668612172404,1.2093161161401693E-4
0.6605213253012095,1.497707098020472E-4
0.6613707667373395,1.7225630185805477E-4
0.6622223418183173,1.8828338575047515E-4
0.6630731208121597,1.9786925363077384E-4
0.6639233756924314,2.0115379890507445E-4
0.664775518265061,1.9833882220371396E-4
0.665624591955642,1.8973303085248914E-4
0.6664777394086047,1.756630358595041E-4
0.6673260938182385,1.565532188330696E-4
0.6681795066460926,1.3282752382571877E-4
0.6690279217304305,1.0499711646058092E-4
0.6698807655416512,7.358230278448535E-5
0.6707300526970481,3.9179307054198676E-5
0.671581783569321,2.422495874283663E-6
0.6724323998762011,-3.5980546551274485E-5
0.6732827965879813,-7.52502989278833E-5
0.6741348125186026,-1.1451815063257921E-4
0.6749839788295882,-1.5281662649711597E-4
0.6758370749782279,-1.8905258212733992E-4
0.6766854420028292,-2.2201826908947815E-4
0.6775389078580573,-2.503334900781472E-4
0.6783872347975752,-2.7249762623189107E-4
0.6792402057823168,-2.8680738384077154E-4
0.6800893408043612,-2.9145033065869195E-4
0.680941228255014,-2.8444755641385006E-4
0.6817916786531111,-2.637938476600903E-4
0.6826422217506429,-2.2752726015179222E-4
0.683494103201965,-1.7399875501996468E-4
0.6843433705550415,-1.0226136018542798E-4
0.6851964038057798,-1.2726098113782642E-5
0.686044794808166,9.185747378824449E-5
0.6868983021843538,2.0517929503083434E-4
0.6877465507069506,3.162925267981007E-4
0.6885996434419316,4.094729633495172E-4
0.6894486294683826,4.667753196704412E-4
0.6903006746502582,4.767661948352512E-4
0.6911509558328066,4.4102937632673335E-4
0.692001651138124,3.6564641048775096E-4
0.6928533912534899,2.614128368448648E-4
0.6937027671652131,1.433536296538947E-4
0.694555725264775,2.5967043659216098E-5
0.6954041520461219,-7.96537963096037E-5
0.6962576883043012,-1.6668589891113777E-4
0.6971058701564287,-2.320777618872446E-4
0.6979590801502249,-2.7549626552048865E-4
0.6988079201243146,-2.984580323786396E-4
0.6996601225277563,-3.0341524602471657E-4
0.7005102325500867,-2.933462934801086E-4
0.7013610842551351,-2.7127922998994747E-4
0.7022126744863008,-2.4016511101035076E-4
0.7030621687195113,-2.027003791363996E-4
0.7039150428268932,-1.6128742997661435E-4
0.7047635141196762,-1.1801523963997533E-4
0.7056170663695103,-7.464178952363007E-5
0.7064651935109089,-3.263122946175985E-5
0.707318513425959,6.840206087682044E-6
0.7081672123000745,4.285048289994031E-5
0.7090195718921308,7.469840390447867E-5
0.709869508865757,1.0188833332115115E-4
0.7107205212648473,1.2408666654490887E-4
0.7115719546048073,1.4110899411820855E-4
0.7124215750760133,1.5289400597635796E-4
0.7132743521137345,1.5947197478111016E-4
0.7141228811234474,1.609739316760324E-4
0.7149764360038586,1.5757513756701545E-4
0.7158245205432754,1.4953579749292658E-4
0.7166779434807554,1.3713437018525698E-4
0.7175265069004301,1.2071657279760874E-4
0.7183790223939314,1.0064555679870236E-4
0.7192287856168961,7.733312018853142E-5
0.72007996211254,5.1224768064351346E-5
0.7209312333975377,2.2804850285402052E-5
0.7217809864834859,-7.388570953949E-6
0.7226336578957233,-3.876967683356007E-5
0.7234822529496799,-7.068523748534475E-5
0.7243357978039326,-1.0240374716003821E-4
0.725183851653801,-1.331209301257599E-4
0.7260373696749871,-1.619099462671217E-4
0.726885803776113,-1.8776775558585412E-4
0.7277384731074087,-2.0952957764032318E-4
0.7285880613826045,-2.2594645891782581E-4
0.7294394057906374,-2.3559914111985467E-4
0.7302905077507597,-2.3698504829559332E-4
0.7311404025649086,-2.284906989265718E-4
0.7319929572748924,-2.0849497901864525E-4
0.7328416299658572,-1.7548463984724106E-4
0.7336951508375864,-1.282740508055024E-4
0.7345431871471146,-6.640965204881815E-5
0.7353967911395504,9.254606682227611E-6
0.7362451031146388,9.570752443411167E-5
0.7370979235946292,1.8682616276494482E-4
0.7379473383374825,2.72679805603187E-4
0.7387988532541405,3.3953614072636956E-4
0.7396497811593432,3.7204083808314577E-4
0.7404998235143329,3.6576810926380535E-4
0.7413522517498914,3.286580766412037E-4
0.7422010121983187,2.6427511694919676E-4
0.743054495062017,1.8049508617377214E-4
0.7439025268839239,8.865199223377842E-5
0.7447562064447883,-6.95215472974613E-7
0.7456044059247605,-7.970486816910974E-5
0.7464573745330961,-1.4372410495869174E-4
0.7473066155629927,-1.9083764121403558E-4
0.7481583028446975,-2.2109427270092816E-4
0.749009052326433,-2.3581393093723832E-4
0.7498592492232645,-2.3701238901019806E-4
0.7507115412021501,-2.2699074749467146E-4
0.7515603996094615,-2.081288661638091E-4
0.7524138322829916,-1.8265442197808627E-4
0.7532618717849583,-1.5265210672231553E-4
0.7541156170760803,-1.1992123372548808E-4
0.7549637115673156,-8.605387507166205E-5
0.7558168234765363,-5.236440757005666E-5
0.756665893926972,-1.995052666803685E-5
0.7575177554402399,1.0309951948808192E-5
0.7583683221296231,3.773848880329436E-5
0.7592186794357018,6.181745565421368E-5
0.7600708259826807,8.219065153446064E-5
0.7609197923315976,9.862179127124135E-5
0.7617731629212066,1.109864750978325E-4
0.7626212210921064,1.1925628008862616E-4
0.7634750193678235,1.2346761302571677E-4
0.7643230207921876,1.2373516060843137E-4
0.7651762714154647,1.2020829510136663E-4
0.766025174016218,1.1309358337020266E-4
0.7668772102684718,1.0262481636936143E-4
0.7677275903492912,8.906907833588933E-5
0.7685781139499576,7.272916595224164E-5
0.7694301060118773,5.392364276487913E-5
0.7702791903425367,3.301953815586401E-5
0.7711324839166362,1.0397989504173683E-5
0.7719805758153823,-1.3503465784602158E-5
0.7728344150055705,-3.8215299190036264E-5
0.7736823341267705,-6.321013753279373E-5
0.7745357177271018,-8.789691886149462E-5
0.7753844557437344,-1.1162465708235287E-4
0.7762366669749636,-1.3364763589854408E-4
0.7770868577199751,-1.5314783740921986E-4
0.7779375530422378,-1.6919787947226848E-4
0.7787893836283224,-1.807758080998847E-4
0.7796385937600265,-1.867652098252288E-4
0.7804918002978181,-1.8594713593213314E-4
0.7813399354106481,-1.7707574582727695E-4
0.7821938015784918,-1.5887971906014225E-4
0.7830416512537158,-1.302577767253373E-4
0.7838951610806645,-9.041330839861272E-5
0.784743739345952,-3.9260515233124544E-5
0.785596125405312,2.2100420051674747E-5
0.7864461254160173,9.069561703139397E-5
0.7872969963832853,1.6096191260695931E-4
0.7881486564912079,2.2430845304802062E-4
0.7889980023993397,2.687671707495524E-4
0.7898511088288427,2.79892423788867E-4
0.790699300451286,2.6338216827392517E-4
0.791553178522535,2.3018245886510943E-4
0.7924009721866904,1.7902505045428558E-4
0.7932546008380671,1.1565010833819549E-4
0.7941030258699885,4.820691786119855E-5
0.7949555851250639,-1.6008076618069338E-5
0.7958053914070898,-7.177900820441799E-5
0.7966564431920408,-1.1614997095461809E-4
0.7975079271663768,-1.4803561363145866E-4
0.7983574165081987,-1.67707406813789E-4
0.7992104106526955,-1.762311808428264E-4
0.8000586708565949,-1.751747927862801E-4
0.8009125458342006,-1.6621858601124342E-4
0.8017602981325933,-1.511242603612125E-4
0.8026140368943794,-1.314892701800509E-4
0.8034623139485767,-1.088223711415759E-4
0.8043150450154258,-8.440874949214975E-5
0.8051646588546997,-5.9381457525674694E-5
0.8060158944068112,-3.4675845594978074E-5
0.806867194772111,-1.1064676338484087E-5
0.8077168357593227,1.0836548668159604E-5
0.808569706498978,3.055020199551368E-5
0.8094180467456733,4.772830139300401E-5
0.8102719038717706,6.211552697619506E-5
0.8111196286418975,7.357199492269788E-5
0.811973469029663,8.200349545135092E-5
0.8128216060231,8.741842417132457E-5
0.8136745058705187,8.983994809368054E-5
0.8145239263505291,8.937220396641202E-5
0.8153753486622806,8.612603234686414E-5
0.8162264594536092,8.02638354661513E-5
0.8170762602550199,7.196339912183614E-5
0.8179289973712544,6.142644285933204E-5
0.8187774282238619,4.888404179505965E-5
0.8196312543212273,3.4575903271366504E-5
0.8204789636283378,1.8780511317971287E-5
0.821332894135024,1.7876972858020742E-6
0.8221809002033867,-1.6072005023556408E-5
0.8230339655628562,-3.443932822058781E-5
0.8238831938333069,-5.291340854933469E-5
0.8247348060881227,-7.104473698022635E-5
0.8255857221193073,-8.833180641939508E-5
0.8264356899134638,-1.0421433995336533E-4
0.8272882822275429,-1.1805594503727006E-4
0.8281368154135614,-1.2916700299794365E-4
0.8289905935656356,-1.3675349423660247E-4
0.8298383041723059,-1.3999098725242585E-4
0.8306923148555677,-1.3794805379612125E-4
0.8315401986519823,-1.2971595807513705E-4
0.8323934249172762,-1.1436593075663444E-4
0.8332424629553679,-9.1143942362124E-5
0.8340942665734411,-5.95813223452979E-5
0.8349449830701614,-1.9822650887440914E-5
0.8357951244963349,2.6979990266149744E-5
0.8366475611345487,7.816038222810463E-5
0.8374962083169207,1.290504540186544E-4
0.838349926086207,1.7261975350644704E-4
0.839197649494305,1.982087116961336E-4
0.84005172749151,1.8919641710002426E-4
0.8408995003380239,1.7006885489521668E-4
0.8417528832717526,1.4471106833371044E-4
0.8426017343463796,1.0839085167680612E-4
0.8434537295742771,6.523100118922496E-5
0.8443042415141107,2.0554152075483056E-5
0.8451545639180075,-2.1095044580457504E-5
0.8460068372079482,-5.6597530215257984E-5
0.8468556069896872,-8.429011052734839E-5
0.8477092481672878,-1.0366088769855069E-4
0.848557000638208,-1.1503690268318432E-4
0.849411132010203,-1.191978447304813E-4
0.8502588063162864,-1.1722563106111858E-4
0.8511123392408685,-1.1024647945771812E-4
0.8519610065062527,-9.941775739028795E-5
0.852813195159244,-8.579294769617145E-5
0.8536635008402375,-7.034213835133721E-5
0.854514008158268,-5.3905136931037696E-5
0.8553661067110875,-3.720480793235007E-5
0.8562150113841389,-2.084109124862206E-5
0.8570685638826343,-5.310971984025674E-6
0.8579163570811217,9.006411246992784E-6
0.8587705281663786,2.1795297899446302E-5
0.8596181165974128,3.2858516248216E-5
0.8604717928786243,4.201945625877185E-5
0.8613202806554204,4.921532811366165E-5
0.8621726616637776,5.4377217291921914E-5
0.8630227576657213,5.7530609154892035E-5
0.863873456775808,5.869082399267592E-5
0.8647253735734133,5.793565200348609E-5
0.8655744215984945,5.534528710469587E-5
0.8664278720311501,5.102832818581798E-5
0.8672757192991998,4.5113021834378245E-5
0.8681299146723983,3.773200222347021E-5
0.8689774316918165,2.9048141338280476E-5
0.8698312440245002,1.9222834241259965E-5
0.8706795583177702,8.447197042096192E-6
0.8715321308182712,-3.078475564038121E-6
0.8723820157206645,-1.5129562174778055E-5
0.8732329102484121,-2.7456481225872894E-5
0.8740846371214407,-3.978442975162958E-5
0.8749338375948175,-5.180396803286197E-5
0.8757871725973341,-6.3166871951098E-5
0.8766350873462677,-7.349134814211346E-5
0.877489289877364,-8.233377681263284E-5
0.8783367510981086,-8.922595629656795E-5
0.8791906900273069,-9.361981167389102E-5
0.8800388374917749,-9.495504604007043E-5
0.8808915998490251,-9.260393020215412E-5
0.8817412727126798,-8.595577171679939E-5
0.8825923674964109,-7.441484263232237E-5
0.8834438969706633,-5.7514066556139376E-5
0.8842932592371725,-3.503456865099687E-5
0.8851464661151232,-7.225097391590306E-6
0.8859944612669316,2.4916035703530603E-5
0.8868486563839137,5.927358553776682E-5
0.8876960754611334,9.237479928344875E-5
0.8885501326572478,1.1895515720722103E-4
0.8893981207573141,1.2897629860029815E-4
0.8902510700933187,9.900038128084997E-5
0.8911005307617887,8.665024762662086E-5
0.8919518283644167,7.169619806281018E-5
0.8928031529935868,5.138038484497656E-5
0.8936526866791469,2.8111006016406868E-5
0.89450575478831,4.644523508928639E-6
0.8953538412699049,-1.678102101689197E-5
0.8962080100846199,-3.469639806261502E-5
0.8970554052711444,-4.837749199448885E-5
0.897909568402955,-5.7659832547255574E-5
0.8987574067182842,-6.278713424462622E-5
0.8996105404614125,-6.421041537879616E-5
0.9004597891676426,-6.25139811046746E-5
0.9013112932246817,-5.8303248601651364E-5
0.9021624073822005,-5.217555965907103E-5
0.9030121193650588,-4.46873102968759E-5
0.9038650348608199,-3.633093042149635E-5
0.9047132273619087,-2.7543275587338344E-5
0.9055673565335979,-1.869116844032754E-5
0.9064147402858601,-1.0078934570728458E-5
0.9072689988868305,-1.961618803018775E-6
0.9081166967547245,5.475092305488505E-6
0.9089700099310454,1.20687143012635E-5
0.9098190485792168,1.7724934642059973E-5
0.9106707614288043,2.2358246392490786E-5
0.9115216606570397,2.5935789534450776E-5
0.912371557939189,2.84357741419613E-5
0.9132243111607652,2.9862145839235802E-5
0.9140726196407295,3.0243433007436495E-5
0.9149266916914037,2.9605157503607262E-5
0.9157740811227362,2.8011553556734844E-5
0.9166284224325654,2.550478868192116E-5
0.9174759905781379,2.2169872639311E-5
0.9183294778124614,1.8068368969635624E-5
0.9191783090981076,1.3295492580595887E-5
0.9200302318461545,7.936664268723823E-6
0.92088091024248,2.0957454065593863E-6
0.9217310013362832,-4.1154878935882956E-6
0.9225835799265365,-1.057727793223417E-5
0.923432018099346,-1.7149907669496402E-5
0.9242860167397138,-2.368492323244294E-5
0.9251334276823241,-3.0011599391660638E-5
0.9259878376915255,-3.5938980583785923E-5
0.9268352885750532,-4.125848911456904E-5
0.9276889444022179,-4.5727086123952673E-5
0.9285375719876502,-4.908830174781028E-5
0.92938970575192,-5.104684002389735E-5
0.9302401603653203,-5.129483225748239E-5
0.9310904504550864,-4.9502690405387775E-5
0.9319428454688261,-4.534054714334504E-5
0.9327914227825189,-3.8511386299267074E-5
0.9336453337870498,-2.8788384793199036E-5
0.9344927801298278,-1.6110056093551116E-5
0.9353472442763782,-6.976670881794839E-7
0.9361945914944613,1.6794260913599132E-5
0.9370484094497594,3.506087777178922E-5
0.9378968372213287,5.206254190968086E-5
0.9387491809980217,6.462093554138006E-5
0.9395994079150307,6.311428590200599E-5
0.9404499040326204,1.539567798791265E-5
0.9413021056762085,1.3476142639965675E-5
0.9421508338098927,1.081983608631874E-5
0.9430046435507646,7.362676937191688E-6
0.9438521388248994,3.5383405593699234E-6
0.9447066418096718,-2.279673814529347E-7
0.9455538987731925,-3.596794503681716E-6
0.9464078698393701,-6.358184400000434E-6
0.9472561048256004,-8.421865291365904E-6
0.9481086591131541,-9.772969891009073E-6
0.9489586560572837,-1.0464443506352735E-5
0.9498093625497609,-1.0574182801062338E-5
0.950661361945621,-1.0196346896087246E-5
0.9515102509080078,-9.434955628506198E-6
0.9523639440140297,-8.377921996532798E-6
0.9532115035300472,-7.12253281096729E-6
0.9540660274788689,-5.738215030389194E-6
0.954913211642404,-4.300715469132279E-6
0.9557673283737437,-2.8624117038641427E-6
0.9566153754440145,-1.4739054707706028E-6
0.95746813765249,-1.7308204535288628E-7
0.9583179034376613,1.0103175626114695E-6
0.9591688257242215,2.0527474143343075E-6
0.9600206143900836,2.937588898367689E-6
0.9608696741150496,3.6561741021785233E-6
0.9617232353813916,4.197971553663016E-6
0.9625708748234147,4.5681979914250316E-6
0.9634254017411977,4.758777443804955E-6
0.9642725294760318,4.784930836567921E-6
0.965126780956877,4.641697428381283E-6
0.965974648877025,4.347989785069933E-6
0.9668276171801601,3.9051077848331335E-6
0.9676771515460063,3.3307110147009364E-6
0.9685282933626155,2.6340090196541524E-6
0.9693798648813353,1.830229546737918E-6
0.9702291036123245,9.355843575168553E-7
0.9710825217849258,-3.485949373927574E-8
0.9719302526049367,-1.0603093366471971E-6
0.9727847659130117,-2.1217407152043077E-6
0.9736318522536708,-3.195972075324749E-6
0.9744862281190583,-4.256256230624345E-6
0.9753339263089964,-5.276920832805464E-6
0.9761870972412081,-6.222264917621108E-6
0.9770364008809528,-7.060496563460164E-6
0.9778877649562903,-7.748908225456267E-6
0.9787391077606166,-8.24448311725876E-6
0.979588540639664,-8.500797918296387E-6
0.9804418085743586,-8.46157149823368E-6
0.9812896273897407,-8.080553873486364E-6
0.9821440950167126,-7.295735412861791E-6
0.9829912143905879,-6.0702548681778146E-6
0.9838457083761846,-4.364518621728732E-6
0.9846931154102075,-2.1836136876219055E-6
0.9855465348441957,4.2421625110240594E-7
0.9863958709111177,3.3290086291005548E-6
0.9872471928899346,6.290298708003634E-6
0.9880979145293681,8.940802082992101E-6
0.9889486644859414,1.0678122523686316E-5
0.9898005378502771,7.000817146724511E-6
NaN,NaN
NaN,NaN
NaN,NaN
NaN,NaN
NaN,NaN
NaN,NaN
NaN,NaN
NaN,NaN
NaN,NaN
NaN,NaN
NaN,NaN
NaN,NaN
NaN,NaN
NaN,NaN
NaN,NaN
NaN,NaN
NaN,NaN
NaN,NaN
NaN,NaN
NaN,NaN
NaN,NaN
NaN,NaN
NaN,NaN
NaN,NaN
NaN,NaN
NaN,NaN
NaN,NaN
NaN,NaN
NaN,NaN
NaN,NaN
NaN,NaN
NaN,NaN
NaN,NaN
NaN,NaN
NaN,NaN
NaN,NaN
NaN,NaN
NaN,NaN
NaN,NaN
NaN,NaN
NaN,NaN
NaN,NaN
NaN,NaN
NaN,NaN
NaN,NaN
NaN,NaN
NaN,NaN
NaN,NaN
NaN,NaN
NaN,NaN
NaN,NaN
NaN,NaN
NaN,NaN
NaN,NaN
NaN,NaN
NaN,NaN
NaN,NaN
NaN,NaN
NaN,NaN
