0,-9.059072839709745E-5
0,-5.981290179322496E-4
0.03466376776142212,-0.0012689856620667855
0.06939045667392219,-0.0015946984343950218
0.10418006683221233,-0.0017353064964684456
0.13903259833049159,-0.0018008656353522548
0.1739480512624499,-0.0018402281743245576
0.20892642572127135,-0.0018723528209671954
0.24396772179963835,-0.001904610172510477
0.2790719395897347,-0.001938288149609892
0.31423907918324956,-0.0019716439788271625
0.3494691406713806,-0.00200433732957092
0.38476212414483785,-0.002037321480116324
0.42011802969384704,-0.0020702485041682447
0.4555368574081533,-0.002101312708057467
0.49101860737702363,-0.002130713028090044
0.5265632796892515,-0.0021598145173816344
0.5621708744331595,-0.002188450317396407
0.597841391696603,-0.002214957567586963
0.633574831566973,-0.0022397743947338454
0.6693711941311996,-0.002264392682138148
0.7052304794757558,-0.0022885483084894073
0.7411526876866595,-0.0023105490981365703
0.7771378188494777,-0.002330986032381074
0.8131858730493297,-0.002351514421314638
0.8492968503708889,-0.0023716904944383276
0.8854707508983879,-0.002389631486487069
0.9217075747156199,-0.0024062552204382704
0.9580073219059423,-0.002423297919544311
0.9943699925522801,-0.002439904630888785
1.0307955867371283,-0.0024543925307986044
1.0672841045425552,-0.0024678407311616492
1.1038355460502052,-0.002481920395224458
1.1404499113413018,-0.0024955133232401495
1.1771272004966509,-0.002507102610609324
1.2138674135966423,-0.002517930664764693
1.2506705507212539,-0.0025295842591357286
1.287536611950055,-0.0025406824943382087
1.3244655973622061,-0.0025498521785095977
1.3614575070364658,-0.002558515527205903
1.3985123410511904,-0.00256825648701465
1.4356300994843378,-0.0025773253026301953
1.47281078241347,-0.002584402081434034
1.5100543899157568,-0.0025913481372562084
1.5473609220679758,-0.002599438507371829
1.5847303789465184,-0.0026066831712519174
1.6221627606273896,-0.0026122121049201395
1.6596580671862131,-0.0026178313858089696
1.6972162986982304,-0.002624664488091903
1.7348374552383075,-0.0026305314860796012
1.7725215368809348,-0.0026345955166993365
1.810268543700229,-0.0026391347410236205
1.8480784757699387,-0.0026448478701553923
1.8859513331634432,-0.0026493886563943602
1.9238871159537576,-0.002652462093006987
1.9618858242135335,-0.002656193068919535
1.9999474580150636,-0.0026609891957029637
2.0380720174302804,-0.002664511990102437
2.0762595025307635,-0.0026666937573817115
2.114509913387737,-0.0026697933926667886
2.152823250072075,-0.0026739713568160474
2.191199512654303,-0.0026764939872051365
2.2296387012046006,-0.0026778839890519088
2.268140815792801,-0.0026804814076768057
2.306705856488399,-0.0026838357787734328
2.345333823360547,-0.00268568386071462
2.384024716478061,-0.0026865751014220497
2.422778535909423,-0.002688837481842318
2.4615952817227797,-0.002691722463418175
2.5004749539859485,-0.002692798643772117
2.539417552766418,-0.0026932013901762347
2.578423078131347,-0.0026951484771828775
2.6174915301475763,-0.002697442149552961
2.6566229088816185,-0.002698119904820481
2.6958172143996673,-0.002698184641804863
2.7350744467675994,-0.002699969294875914
2.7743946060509748,-0.002701787154002061
2.8137776923150373,-0.0027019816188090418
2.8532237056247216,-0.002701961830208591
2.8927326460446494,-0.0027037167189811638
2.9323045136391355,-0.00270540855695492
2.9719393084721886,-0.0027052250131291205
3.0116370306075115,-0.0027052229270012134
3.051397680108506,-0.002707062219150746
3.0912212570382738,-0.002708600433072278
3.1311077614596163,-0.002708695215065106
3.1710571934350376,-0.002709140564147946
3.2110695530267503,-0.0027115229555787434
3.251144840296671,-0.0027134481719067517
3.291283055306425,-0.00271425053156808
3.33148419811735,-0.002716049046428722
3.371748268790495,-0.002720133580151056
3.4120752673866237,-0.0027241420356686414
3.452465193966215,-0.0027285602606511197
3.4929180485894658,-0.0027371493864208687
3.533433831316294,-0.0027540061278972885
3.574012542206337,-0.0027834478465770963
3.614654181318954,-0.00283907847464168
3.655358748713233,-0.0029362529646336693
3.696126244447985,-0.0029809598374677
3.7369566685817492,-0.0028586462645603106
3.7778500211727963,-0.002934753214002818
3.818806302279128,-0.002963789749961683
3.8598255119584772,-0.0029104012390556047
3.9009076502683144,-0.002853304631221164
3.9420527172658435,-0.0028098739836394278
3.9832607130080078,-0.002781300888568106
4.024531637551491,-0.002764196501934335
4.065865490952717,-0.0027545092442044904
4.1072622732678505,-0.002750043080655017
4.148721984552804,-0.002749787233624807
4.190244624863233,-0.002752078199744987
4.231830194254542,-0.002755439976740621
4.273478692781883,-0.002759664449064196
4.315190120500161,-0.0027650573243496387
4.356964477464029,-0.0027709321871721686
4.398801763727896,-0.0027766543238882772
4.440701979345925,-0.0027824338750839896
4.482665124372036,-0.0027887336410471627
4.524691198859907,-0.0027949972425665615
4.566780202862973,-0.0028008284148295544
4.608932136434432,-0.002806507664499919
4.651146999627244,-0.002812478333566097
4.693424792494131,-0.0028181743941559628
4.7357655150875795,-0.0028233959693888247
4.778169167459846,-0.0028284655369418005
4.8206357496629515,-0.0028336819562665653
4.863165261748686,-0.0028385599974886894
4.905757703768612,-0.0028429876144798623
4.948413075774061,-0.0028472757362932796
4.991131377816142,-0.002851639977706274
5.033912609945733,-0.0028556420462074335
5.076756772213492,-0.0028592461582285277
5.119663864669852,-0.0028627549462064326
5.1626338873650255,-0.002866313085033164
5.205666840349003,-0.002869509464771155
5.24876272367156,-0.002872361694887916
5.2919215373822475,-0.0028751675767191764
5.335143281530406,-0.002877988124640545
5.378427956165161,-0.0028804561414316246
5.4217755613354175,-0.0028826555985532287
5.465186097089875,-0.002884860049224561
5.508659563477021,-0.0028870541025225686
5.552195960545125,-0.0028889444343747437
5.595795288342258,-0.0028906193585384364
5.639457546916276,-0.0028923348245362144
5.683182736314829,-0.0028940287774781325
5.726970856585366,-0.002895413942322391
5.770821907775127,-0.0028966193750931428
5.814735889931149,-0.0028979013034606286
5.858712803100272,-0.002899124244019059
5.902752647329131,-0.002900104801220186
5.946855422664161,-0.002900956838634789
5.991021129151601,-0.002901891510325666
6.035249766837492,-0.0029027462693241813
6.079541335767677,-0.002903381263491405
6.1238958359878035,-0.002903913633424066
6.16831326754333,-0.0029045470426296654
6.212793630479517,-0.002905050657787421
6.257336924841434,-0.0029053616174161173
6.301943150673962,-0.002905609856406816
6.34661230802179,-0.0029059514755476277
6.3913443969294175,-0.0029061708823252715
6.4361394174411615,-0.0029062247579288098
6.480997369601147,-0.0029062344685080585
6.525918253453316,-0.002906346178233777
6.570902069041428,-0.0029062792837497866
6.615948816409052,-0.002906067478846544
6.661058495599582,-0.002905843724197946
6.706231106656232,-0.002905698207030082
6.751466649622025,-0.0029054105959706884
6.7967651245398155,-0.0029050050930283992
6.842126531452277,-0.002904601780274248
6.8875508704019,-0.002904249427151244
6.933038141431005,-0.0029037513518262014
6.978588344581736,-0.0029031732370581103
7.024201479896059,-0.0029026431610841927
7.069877547415771,-0.0029021883943523073
7.115616547182495,-0.0029016132959379017
7.161418479237679,-0.002900969999623925
7.207283343622607,-0.0029004394237769795
7.253211140378387,-0.0029000061109147627
7.299201869545964,-0.0028995320624512692
7.345255531166109,-0.002899118151869974
7.39137212527943,-0.0028989090741109603
7.437551651926371,-0.0028988527858954966
7.483794111147201,-0.002898902637727974
7.530099502982037,-0.0028992066742599505
7.57646782747083,-0.002899963268995014
7.622899084653359,-0.002901156278845608
7.669393274569253,-0.0029028166359765665
7.715950397257977,-0.002905361030987843
7.762570452758831,-0.0029093552303205176
7.809253441110961,-0.002915474961918418
7.855999362353358,-0.002924931917875702
7.902808216524845,-0.0029399174047714475
7.949680003664102,-0.0029627266036556066
7.9966147238096426,-0.0029930324949902954
8.04361237699983,-0.0030226900842988246
8.090672963272874,-0.003040089720008798
8.13779648266683,-0.0030460391495216984
8.184982935219603,-0.003046887787898879
8.232232320968945,-0.0030371316151539033
8.279544639952457,-0.0030142675817358263
8.32691989220759,-0.00298608387281173
8.374358077771646,-0.002960035027409671
8.421859196681783,-0.0029393858612133845
8.469423248975007,-0.002924457033156162
8.517050234688174,-0.0029144230935423147
8.564740153858004,-0.0029081266802865567
8.612493006521063,-0.002904664878576799
8.660308792713776,-0.0029032279126250944
8.708187512472426,-0.0029032596163916036
8.75612916583315,-0.0029043266683364357
8.804133752831941,-0.002906207477986601
8.85220127350466,-0.0029086243431535215
8.900331727887014,-0.002911419262540031
8.948525116014583,-0.0029144619653603647
8.996781437922802,-0.0029177214544364696
9.045100693646964,-0.002921066042161667
9.093482883222228,-0.0029244384543093316
9.141928006683619,-0.0029278007269704347
9.190436064066018,-0.0029311441235698233
9.23900705540418,-0.0029343984769883242
9.287640980732716,-0.0029375370659678796
9.336337840086108,-0.002940562248468115
9.385097633498704,-0.002943472062797622
9.433920361004718,-0.002946231181006235
9.482806022638231,-0.0029488237655794034
9.531754618433196,-0.002951278189049496
9.580766148423432,-0.002953589713466682
9.629840612642628,-0.0029557440136552832
9.678978011124347,-0.002957722590534819
9.728178343902018,-0.0029595731132022463
9.777441611008946,-0.0029612797395160307
9.826767812478305,-0.002962845889908982
9.876156948343148,-0.002964257871496504
9.925609018636395,-0.0029655643008785764
9.975124023390844,-0.0029667441902043144
10.02470196263917,-0.002967806610193436
10.07434283641392,-0.0029687388988823313
10.124046644747516,-0.0029695899559344483
10.173813387672263,-0.0029703322513678623
10.22364306522034,-0.0029709821311423284
10.273535677423803,-0.0029715149245958423
10.323491224314592,-0.0029719862134276647
10.373509705924517,-0.0029723637745766225
10.423591122285277,-0.0029726668010339997
10.473735473428452,-0.002972882953865675
10.523942759385493,-0.0029730541918343103
10.574212980187744,-0.002973148175619835
10.62454613586643,-0.002973179748345661
10.674942226452648,-0.0029731380728533203
10.725401251977393,-0.0029730625763365144
10.775923212471538,-0.0029729102855981953
10.826508107965836,-0.002972705066558606
10.877155938490937,-0.0029724418174601566
10.92786670407736,-0.002972147844075905
10.97864040475553,-0.0029717956094134418
11.029477040555747,-0.0029713946641550327
11.0803766115082,-0.002970946687426525
11.131339117642964,-0.0029704692723425095
11.182364558990015,-0.002969940138324888
11.233452935579198,-0.002969356960377716
11.284604247440267,-0.002968733245253489
11.335818494602856,-0.0029680791738389053
11.387095677096491,-0.002967380330603258
11.438435794950593,-0.0029666377482092813
11.48983884819447,-0.0029658669993986196
11.541304836857323,-0.002965067361981805
11.592833760968254,-0.00296422829413951
11.644425620556254,-0.0029633433403220538
11.696080415650195,-0.002962445774402911
11.747798146278866,-0.002961526982672818
11.799578812470935,-0.0029605910081824077
11.851422414254971,-0.0029596346867415374
11.903328951659443,-0.0029586909223985893
11.955298424712712,-0.0029577386226974124
12.00733083344303,-0.0029568066322620463
12.05942617787856,-0.0029558971953023458
12.111584458047354,-0.0029550552562409545
12.163805673977361,-0.002954277846577707
12.216089825696441,-0.002953595338671884
12.268436913232339,-0.002953014600229483
12.320846936612705,-0.0029526157344497836
12.373319895865096,-0.0029524153339542405
12.425855791016964,-0.0029524818036854206
12.478454622095661,-0.0029528689719525904
12.531116389128446,-0.0029536662400073896
12.583841092142475,-0.0029549908941611885
12.636628731164807,-0.002957031718605979
12.689479306222413,-0.002960037497825041
12.74239281734216,-0.0029644030823086733
12.795369264550821,-0.0029706448904346138
12.848408647875072,-0.0029795749740269373
12.901510967341496,-0.0029919466610589802
12.954676222976579,-0.003007976934641951
13.00790441480672,-0.0030260470359466346
13.061195542858222,-0.0030432336062751197
13.114549607157281,-0.0030557978136351647
13.167966607730024,-0.003061349468798931
13.22144654460247,-0.0030594694250130525
13.274989417800546,-0.0030500759470958086
13.328595227350098,-0.003034748212238301
13.382263973276876,-0.003016679365800312
13.43599565560653,-0.0029990469773421083
13.489790274364635,-0.00298382424132043
13.543647829576669,-0.0029717285804991703
13.597568321268016,-0.00296268007490204
13.651551749463987,-0.002956276733663345
13.705598114189787,-0.0029520288054053745
13.759707415470539,-0.002949489737698713
13.813879653331286,-0.00294827128913501
13.868114827796974,-0.002948082718623772
13.922412938892464,-0.0029486788957877683
13.97677398664254,-0.002949880467173658
14.031197971071885,-0.002951526686979113
14.085684892205103,-0.0029535118073096647
14.140234750066721,-0.0029557292407035025
14.19484754468117,-0.0029581098478220873
14.249523276072802,-0.0029605759997182444
14.304261944265882,-0.002963091143061534
14.359063549284594,-0.0029656001520341002
14.413928091153036,-0.002968081273333882
14.46885556989523,-0.002970491216214763
14.523845985535106,-0.002972828194561515
14.578899338096518,-0.0029750574895663464
14.634015627603237,-0.002977183845783285
14.689194854078952,-0.002979181840913199
14.744437017547268,-0.0029810644233405374
14.79974211803172,-0.002982813285457053
14.855110155555755,-0.0029844389202502
14.910541130142732,-0.00298592913090145
14.96603504181595,-0.0029872994253062842
15.02159189059861,-0.0029885411043309054
15.077211676513846,-0.0029896657834360815
15.132894399584714,-0.0029906686561530487
15.18864005983418,-0.002991564478140511
15.24444865728514,-0.002992349227425091
15.30032019196042,-0.0029930336430101616
15.356254663882758,-0.0029936159418240856
15.412252073074816,-0.0029941066829061416
15.468312419559192,-0.0029945064313093434
15.524435703358389,-0.0029948226824433035
15.580621924494844,-0.002995058245458323
15.636871082990924,-0.002995220560851045
15.693183178868914,-0.002995311691749551
15.749558212151026,-0.002995334460044928
15.805996182859397,-0.00299529444594339
15.862497091016092,-0.0029951943366979066
15.919060936643097,-0.002995035634479647
15.975687719762336,-0.002994818293895834
16.032377440395646,-0.0029945519483813225
16.08913009856481,-0.002994234425787237
16.145945694291512,-0.002993872045075077
16.202824227597386,-0.0029934604586436568
16.259765698503983,-0.002993008897515497
16.31677010703279,-0.0029925125694074267
16.373837453205226,-0.0029919792682033385
16.430967737042618,-0.0029914011672759243
16.488160958566247,-0.0029907884617782605
16.545417117797314,-0.002990132553092219
16.60273621475695,-0.0029894450278897945
16.660118249466215,-0.0029887170592738533
16.717563221946104,-0.002987960191594934
16.77507113221754,-0.0029871663240073395
16.83264198030138,-0.0029863448116104634
16.8902757662184,-0.002985486927642066
16.947972489989333,-0.0029846040299059354
17.005732151634824,-0.002983688372063407
17.063554751175452,-0.0029827524303944605
17.121440288631742,-0.0029817903578695276
17.17938876402414,-0.0029808155579680294
17.237400177373022,-0.0029798237742601117
17.295474528698715,-0.002978827686257836
17.35361181802147,-0.0029778229810748244
17.41181204536146,-0.0029768308261107707
17.47007521073882,-0.0029758537354531668
17.528401314173596,-0.0029749097793469502
17.586790355685775,-0.0029740093005696778
17.645242335295293,-0.002973176402277063
17.703757253022,-0.002972422903436777
17.762335108885694,-0.0029717842414766354
17.820975902906113,-0.002971290685285363
17.879679635102924,-0.002970985401908057
17.93844630549573,-0.002970913788069574
17.997275914104087,-0.002971121329571328
18.05616846094746,-0.0029716881854279327
18.115123946045273,-0.0029727083488111125
18.174142369416888,-0.00297430006630375
18.233223731081594,-0.002976619162008202
18.292368031058626,-0.002979843088108432
18.351575269367153,-0.002984278986746653
18.410845446026286,-0.00299028000917265
18.47017856105507,-0.002998201122183281
18.529574614472505,-0.0030082053393259466
18.589033606297516,-0.0030199932199523488
18.648555536548965,-0.003032583799052551
18.70814040524567,-0.0030441225701503738
18.767788212406373,-0.0030524469870737148
18.827498958049766,-0.003056077285374265
18.887272642194485,-0.003054111652480826
18.9471092648591,-0.0030469266181794284
19.00700882606212,-0.003035871625089361
19.066971325822003,-0.0030228796271749916
19.12699676415715,-0.003009814714284366
19.18708514108589,-0.002997972808915197
19.24723645662652,-0.002988017284630755
19.307450710797255,-0.0029801093604999427
19.36772790361626,-0.0029741422810586615
19.428068035101653,-0.002969871218263916
19.488471105271486,-0.002967033758440508
19.548937114143754,-0.002965367052007784
19.60946606173641,-0.0029646524724322057
19.670057948067324,-0.00296469172780879
19.73071277315433,-0.002965329821648685
19.79143053701521,-0.0029664266904035896
19.852211239667675,-0.0029678767722482926
19.913054881129394,-0.0029695823416261433
19.973961461417975,-0.00297147141846071
20.03493098055097,-0.0029734757572524506
20.095963438545883,-0.0029755475652794897
20.157058835420163,-0.002977640370818298
20.2182171711912,-0.0029797231716699275
20.279438445876334,-0.002981766180393701
20.34072265949285,-0.002983749160291426
20.40206981205798,-0.0029856540855667008
20.463479903588905,-0.002987468284074971
20.52495293410275,-0.002989182429806478
20.586488903616594,-0.002990789796379756
20.64808781214745,-0.0029922872092071084
20.709749659712294,-0.0029936709510416243
20.771474446328046,-0.002994942421083775
20.833262172011565,-0.0029961003371850306
20.895112836779674,-0.0029971491889988606
20.957026440649134,-0.0029980881686408768
21.019002983636646,-0.002998924278706572
21.081042465758888,-0.002999656773669798
21.14314488703246,-0.0030002942861248995
21.205310247473925,-0.003000836171322632
21.2675385470998,-0.0030012913844172724
21.329829785926535,-0.003001660025988471
21.392183963970542,-0.00300195044743244
21.454601081248185,-0.0030021624927658148
21.517081137775776,-0.003002304604106293
21.579624133569574,-0.0030023763116606736
21.64223006864579,-0.0030023859583230257
21.70489894302059,-0.0030023311868117514
21.76763075671009,-0.003002220373429229
21.830425509730357,-0.0030020525222453397
21.89328320209741,-0.003001834823082818
21.95620383382722,-0.0030015657036015363
22.019187404935707,-0.0030012514316846224
22.082233915438746,-0.003000890660958853
22.14534336535216,-0.0030004886888920137
22.208515754691742,-0.0030000438147682793
22.271751083473223,-0.0029995613037809205
22.335049351712275,-0.002999038339594585
22.39841055942455,-0.0029984795384141033
22.461834706625638,-0.0029978839138114174
22.52532179333108,-0.002997255007966509
22.588871819556385,-0.002996591872138587
22.652484785317007,-0.0029958969499133356
22.716160690628342,-0.0029951698830086174
22.779899535505766,-0.00299441291166378
22.84370131996459,-0.0029936260623377696
22.907566044020086,-0.0029928100439203555
22.97149370768749,-0.002991967390782917
23.03548431098197,-0.002991099749226352
23.09953785391867,-0.0029902095086079593
23.163654336512682,-0.002989298422351519
23.227833758779056,-0.002988370693363241
23.29207612073279,-0.0029874287060265357
23.356381422388857,-0.002986478331897505
23.42074966376216,-0.0029855239992559505
23.48518084486757,-0.0029845752815419514
23.54967496571993,-0.0029836387840229185
23.614232026334015,-0.0029827278051323914
23.67885202672457,-0.0029818521633313824
23.743534966906292,-0.0029810291937963506
23.80828084689384,-0.0029802761196994713
23.873089666701823,-0.002979619613736135
23.937961426344817,-0.002979083930258989
24.00289612583735,-0.002978706701371232
24.067893765193908,-0.002978519818140996
24.132954344428935,-0.002978575944541655
24.198077863556833,-0.002978931790154901
24.26326432259196,-0.002979662941351246
24.328513721548646,-0.0029808529870635307
24.393826060441164,-0.0029826020070815125
24.45920133928374,-0.0029850381588723204
24.524639558090584,-0.0029883343251430865
24.590140716875844,-0.0029926739754541796
24.655704815653632,-0.002998248963078161
24.72133185443803,-0.00300514028186934
24.787021833243063,-0.0030133530650988108
24.85277475208272,-0.003022548650171464
24.918590610970963,-0.0030319463791692288
24.9844694099217,-0.003040314914840441
25.050411148948804,-0.0030462719241167
25.116415828066113,-0.0030486488932197227
25.18248344728741,-0.003046936020710577
25.24861400662645,-0.0030413503785685623
25.314807506096958,-0.003032832600468373
25.381063945712604,-0.0030227380098258537
25.447383325487024,-0.0030123675550069113
25.513765645433818,-0.0030026845822661093
25.580210905566542,-0.0029942525602388395
25.646719105898715,-0.002987306131802373
25.713290246443826,-0.002981858840567382
25.779924327215316,-0.0029778015471231636
25.846621348226595,-0.002974967797633652
25.91338130949102,-0.002973177535900398
25.980204211021928,-0.002972254596434469
26.047090052832623,-0.002972041508395212
26.11403883493634,-0.002972396470323277
26.181050557346317,-0.002973200161602257
26.248125220075718,-0.002974347192903718
26.315262823137694,-0.002975755650158625
26.38246336654536,-0.002977349332481042
26.449726850311766,-0.002979070446060226
26.51705327444996,-0.0029808657194830834
26.58444263897294,-0.0029826966274065767
26.651894943893666,-0.002984526681334456
26.71941018922505,-0.0029863314755854517
26.78698837497999,-0.0029880868300139487
26.854629501171345,-0.0029897785842332163
26.922333567811915,-0.0029913912365123825
26.990100574914486,-0.002992917931980071
27.057930522491816,-0.0029943493790179987
27.125823410556603,-0.002995683810517004
27.193779239121515,-0.0029969160742850504
27.261798008199204,-0.002998047910018937
27.329879717802264,-0.0029990773599555608
27.39802436794327,-0.0030000076899757
27.466231958634758,-0.0030008390698420097
27.534502489889217,-0.0030015758971659815
27.60283596171912,-0.0030022199294709863
27.671232374136906,-0.0030027758503858044
27.739691727154955,-0.003003246308132063
27.808214020785638,-0.0030036359843050356
27.876799255041295,-0.003003948036581542
27.94544742993419,-0.003004186861842685
28.014158545476604,-0.0030043557180797803
28.082932601680767,-0.00300445848742527
28.151769598558857,-0.0030044984538171978
28.220669536123044,-0.0030044790642268678
28.28963241438546,-0.0030044036640001917
28.35865823335818,-0.0030042750239411505
28.42774699305328,-0.0030040962888525737
28.49689869348279,-0.003003869544622263
28.56611333465869,-0.003003597762051593
28.63539091659296,-0.003003282401720727
28.704731439297518,-0.0030029263723815288
28.774134902784255,-0.003002530005788002
28.84360130706504,-0.0030020964536926994
28.913130652151718,-0.0030016260272155656
28.98272293805607,-0.0030011213466205463
29.052378164789875,-0.0030005823466850282
29.122096332364876,-0.0030000114137423853
29.19187744079276,-0.0029994082198668065
29.261721490085208,-0.0029987752186020292
29.331628480253872,-0.0029981116254636344
29.401598411310353,-0.002997419977114775
29.47163128326622,-0.0029966995600783546
29.541727096133037,-0.0029959534622295506
29.61188584992231,-0.0029951811176340075
29.682107544645525,-0.002994385689565529
29.752392180314146,-0.0029935671917220483
29.822739756939583,-0.0029927295757705766
29.893150274533237,-0.0029918733235504294
29.96362373310648,-0.0029910036058402203
30.034160132670625,-0.0029901225480988935
30.104759473236992,-0.002989236817343829
30.175421754816846,-0.0029883505761646926
30.246146977421418,-0.0029874727948280976
30.31693514106193,-0.0029866105651515608
30.387786245749567,-0.00298577589258045
30.458700291495468,-0.0029849803347060584
30.529677278310764,-0.002984241419034586
30.600717206206557,-0.0029835769081472652
30.671820075193892,-0.002983011162700235
30.742985885283815,-0.0029825696183943106
30.814214636487335,-0.002982285133762089
30.88550632881542,-0.0029821982326132097
30.95686096227901,-0.002982357453196343
31.028278536889037,-0.0029828196031636955
31.099759052656374,-0.0029836511687048534
31.17130250959189,-0.0029849269655580863
31.242908907706422,-0.0029867485891072586
31.31457824701076,-0.002989226572432656
31.386310527515686,-0.0029924810025663507
31.45810574923195,-0.0029966161602661637
31.52996391217026,-0.0030017090465400452
31.60188501634131,-0.003007770693912385
31.673869061755777,-0.0030146568809786838
31.745916048424267,-0.0030220399696356337
31.818025976357397,-0.0030294363214512653
31.890198845565756,-0.003036036703683594
31.962434656059877,-0.0030406390525058533
32.03473340785029,-0.003042434299587148
32.107095100947504,-0.0030410517212255714
32.179519735361964,-0.003036415401779322
32.25200731110412,-0.003029331398304981
32.3245578281844,-0.0030209345263898075
32.39717128661317,-0.0030122305504274496
32.46984768640081,-0.0030039690329578756
32.54258702755764,-0.0029966271896951775
32.61538931009395,-0.002990448358535946
32.68825453402005,-0.002985494676945479
32.76118269934617,-0.0029817231844798
32.834173806082546,-0.0029790240724928913
32.90722785423937,-0.0029772624546846394
32.980344843826835,-0.002976293148644743
33.05352477485506,-0.0029759820397413355
33.12676764733419,-0.0029762030911809874
33.200073461274314,-0.0029768490466223242
33.273442216685496,-0.002977823594264462
33.346873913577774,-0.002979047767571858
33.420368551961175,-0.002980452008385719
33.49392613184568,-0.002981980585530186
33.567546653241266,-0.0029835850476355444
33.64123011615787,-0.002985227315445552
33.7149765206054,-0.0029868747837244595
33.78878586659375,-0.00298850237424356
33.86265815413279,-0.0029900891460803505
33.93659338323235,-0.002991619423294592
34.010591553902245,-0.002993080676601984
34.08465266615229,-0.00299446399893698
34.1587767199922,-0.002995762862469855
34.23296371543174,-0.0029969725465400685
34.307213652480634,-0.0029980908752895797
34.38152653114855,-0.0029991163465289154
34.45590235144517,-0.003000049519431743
34.53034111338013,-0.0030008909835348933
34.60484281696304,-0.003001643045676348
34.6794074622035,-0.003002307573995215
34.75403504911108,-0.003002887941324881
34.82872557769531,-0.0030033866845660456
34.903479047965725,-0.00300380775436806
34.978295459931815,-0.003004153927631263
35.053174813603036,-0.0030044294037782503
35.128117108988846,-0.0030046369123544123
35.20312234609868,-0.0030047805191090603
35.27819052494192,-0.0030048629991265437
35.35332164552795,-0.003004888075391855
35.428515707866126,-0.0030048583542285397
35.503772711965766,-0.0030047771785459607
35.579092657836185,-0.0030046468586844926
35.65447554548667,-0.0030044703903030602
35.72992137492648,-0.0030042496697531003
35.80543014616483,-0.00300398714609938
35.88100185921096,-0.003003684599931529
35.95663651407404,-0.0030033442442398747
36.032334110763244,-0.0030029674106725494
36.10809464928773,-0.0030025559160753792
36.1839181296566,-0.003002110854140591
36.25980455187895,-0.003001633716171136
36.33575391596388,-0.0030011253730809822
36.411766221920416,-0.0030005871016289074
36.487841469757605,-0.003000019525728475
36.563979659484474,-0.0029994237670943006
36.64018079110997,-0.002998800662224738
36.71644486464307,-0.0029981512572628466
36.79277188009274,-0.0029974764027013
36.869161837467864,-0.002996777236082169
36.945614736777365,-0.0029960549292115664
37.02213057803012,-0.0029953109179730666
37.09870936123497,-0.0029945469316783567
37.175351086400745,-0.0029937649618843507
37.252055753536276,-0.0029929677876030436
37.32882336265033,-0.0029921583536794928
37.405653913751685,-0.002991340761609245
37.482547406849086,-0.0029905194565151227
37.55950384195125,-0.0029897006667873663
37.63652321906688,-0.0029888908899931
37.713605538204675,-0.0029880994018442407
37.79075079937327,-0.0029873361838398506
37.86795900258132,-0.0029866147013015163
37.94523014783745,-0.0029859497281166706
38.022564235150234,-0.0029853607534491193
38.09996126452826,-0.0029848680833030323
38.177421235980106,-0.0029845006410779366
38.254944149514266,-0.0029842897664994683
38.33253000513927,-0.0029842753163800144
38.41017880286362,-0.002984502499296461
38.48789054269577,-0.00298502305630552
38.565665224644185,-0.002985903180240868
38.6435028487173,-0.0029872195327679237
38.72140341492351,-0.0029890564245856027
38.79936692327121,-0.002991506084577095
38.87739337376878,-0.0029946450484376053
38.95548276642456,-0.0029985521091612
39.03363510124689,-0.003003242633072985
39.111850378244064,-0.0030086343583969064
39.190128597424376,-0.0030144982240809365
39.2684697587961,-0.0030205271840719893
39.346873862367495,-0.003026514484773167
39.425340908146765,-0.0030323011132570962
39.50387089614214,-0.0030361542618767704
39.58246382636181,-0.0030379295796194054
39.661119698813934,-0.00303689597802911
39.73983851350667,-0.003032536992260149
39.81862027044814,-0.0030261528673011457
39.897464969646485,-0.00301875008998614
39.97637261110976,-0.003011097680870963
40.05534319484606,-0.0030037904561411727
40.13437672086342,-0.0029972376016197608
40.213473189169896,-0.0029916674249678807
40.2926325997735,-0.002987161857987093
40.37185495268221,-0.002983700181568719
40.45114024790402,-0.0029812001222454575
40.53048848544689,-0.002979548279795738
40.60989966531876,-0.002978621758566817
40.68937378752753,-0.0029782994970651076
40.768910852081135,-0.0029784704591314572
40.848510858987424,-0.002979034610046328
40.92817380825427,-0.002979905971692891
41.00789969988953,-0.002981009478218695
41.08768853390103,-0.002982282998475114
41.167540310296566,-0.0029836727870938785
41.24745502908394,-0.002985135832987715
41.327432690270925,-0.0029866347192679427
41.40747329386526,-0.002988141079046612
41.48757683987469,-0.002989629998537216
41.56774332830694,-0.0029910831638641907
41.6479727591697,-0.002992484868786482
41.72826513247064,-0.0029938241520565587
41.80862044821744,-0.002995091931773268
41.88903870641773,-0.002996282414398909
41.969519907079146,-0.0029973911810819913
42.0500640502093,-0.0029984159775838307
42.130671135815774,-0.0029993555904048227
42.21134116390614,-0.003000210107103463
42.29207413448797,-0.003000980444480451
42.372870047568775,-0.003001668155059139
42.45372890315609,-0.0030022755073097584
42.53465070125744,-0.0030028048801272298
42.61563544188027,-0.0030032593671127246
42.69668312503207,-0.003003641675962063
42.777793750720285,-0.003003955255317624
42.858967318952345,-0.0030042030071157693
42.940203829735665,-0.003004388422389115
43.02150328307766,-0.0030045143478334953
43.10286567898569,-0.00300458414728313
43.184291017467125,-0.0030046004621007314
43.265779298529324,-0.0030045664347421023
43.347330522179604,-0.0030044844074649667
43.42894468842529,-0.0030043571136825964
43.51062179727367,-0.003004186684366438
43.59236184873201,-0.003003975607580952
43.67416484280759,-0.003003725636760155
43.75603077950766,-0.0030034388656125463
43.83795965883943,-0.003003116772490902
43.91995148081013,-0.0030027611116154145
44.002006245426955,-0.003002373078076539
44.08412395269707,-0.0030019541581535435
44.16630460262765,-0.0030015052434388856
44.248548195225844,-0.003001027546972666
44.33085473049878,-0.0030005219372235656
44.413224208453556,-0.0029999895233539316
44.49565662909729,-0.002999430981897218
44.57815199243704,-0.0029988473607788636
44.66071029847989,-0.002998239341626627
44.74333154723289,-0.0029976080836841886
44.82601573870306,-0.0029969543912485384
44.90876287289743,-0.002996279594499306
44.991572949822995,-0.002995584972297691
45.07444596948673,-0.0029948725028053976
45.157381931895614,-0.00299414395172623
45.24038083705661,-0.002993402117999617
45.323442684976634,-0.002992649760473627
45.40656747566261,-0.002991891026065934
45.48975520912146,-0.0029911300139050206
45.573005885360054,-0.002990372880920562
45.65631950438528,-0.0029896261826689997
45.739696066204,-0.0029888987255772804
45.82313557082304,-0.002988200361039313
45.90663801824924,-0.002987543900526556
45.99020340848942,-0.0029869433282662724
46.073831741550364,-0.0029864174315285324
46.15752301743885,-0.0029859875736484797
46.24127723616166,-0.0029856801237676937
46.32509439772552,-0.0029855259726692643
46.40897450213719,-0.002985561498416696
46.492917549403394,-0.0029858307036304864
46.57692353953082,-0.0029863866140040912
46.66099247252616,-0.0029872901175156223
46.745124348396104,-0.00298861109123262
46.8293191671473,-0.0029904224919401826
46.91357692878639,-0.002992803190217345
46.99789763332004,-0.0029958239039592906
47.082281280754806,-0.0029995242482544673
47.16672787109733,-0.0030038820518132284
47.25123740435419,-0.003008758450484967
47.335809880531954,-0.0030138828850904895
47.42044529963718,-0.003018827956275088
47.50514366167642,-0.0030233830574412078
47.58990496665619,-0.0030293181968103007
47.67472921458301,-0.0030316290021002233
47.75961640546338,-0.0030360156882868897
47.84456653930378,-0.0030342553359780687
47.92957961611068,-0.003029543914551593
48.01465563589054,-0.0030234522215983007
48.09979459864979,-0.0030166044742014173
48.18499650439486,-0.0030095799557111435
48.27026135313218,-0.003002882007607041
48.35558914486813,-0.002996871462112988
48.440979879609095,-0.00299175557746375
48.526433557361464,-0.002987612061545547
48.61195017813157,-0.0029844252271057515
48.69752974192577,-0.002982122793227482
48.78317224875039,-0.0029806024022846897
48.86887769861174,-0.002979752278012138
48.95464609151612,-0.002979461510252041
49.040477427469824,-0.002979627751230737
49.12637170647911,-0.002980158969356486
49.21232892855025,-0.0029809747503216537
49.298349093689495,-0.0029820065002328306
49.38443220190306,-0.0029831959176567432
49.47057825319717,-0.0029844940888737325
49.556787247578036,-0.002985859955366208
49.64305918505183,-0.002987259965434595
49.729394065624746,-0.0029886663371683567
49.81579188930296,-0.0029900569304983546
49.902252656092585,-0.0029914137492500475
49.988776365999776,-0.0029927229328506437
50.07536301903067,-0.0029939735744365084
50.16201261519135,-0.0029951577085823794
50.248725154487936,-0.002996269488311726
50.33550063692651,-0.002997305034983494
50.422339062513124,-0.0029982620447790353
50.50924043125385,-0.0029991393799423415
50.596204743154736,-0.002999937081768876
50.68323199822179,-0.0030006558831823793
50.77032219646106,-0.0030012974697580506
50.85747533787853,-0.0030018635500934747
50.9446914224802,-0.003002356746478998
51.031970450272034,-0.00300277940186086
51.11931242126002,-0.003003134610446041
51.206717335450094,-0.0030034249940415376
51.294185192848204,-0.0030036538259570317
51.38171599346028,-0.0030038237471856884
51.46930973729223,-0.0030039380290898775
51.55696642434995,-0.0030039991458441304
51.64468605463935,-0.003004010201547899
51.732468628166295,-0.0030039735001108347
51.82031414493663,-0.0030038918389657617
51.90822260495624,-0.003003767319860571
51.99619400823093,-0.003003602361667708
52.084228354766545,-0.0030033988387326333
52.1723256445689,-0.0030031588026823335
52.26048587764379,-0.0030028838752611153
52.348709053997,-0.003002575779941888
52.43699517363432,-0.003002235867120719
52.5253442365615,-0.0030018654707095623
52.6137562427843,-0.0030014658619439594
52.70223119230847,-0.0030010381554720217
52.7907690851397,-0.0030005833950258916
52.87936992128373,-0.003000102498769085
52.968033700746275,-0.002999596416630882
53.056760423533,-0.002999065959946059
53.145550089649596,-0.0029985120659957983
53.234402699101736,-0.0029979354280634607
53.32331825189505,-0.002997337090285371
53.4122967480352,-0.002996718166575039
53.50133818752783,-0.0029960799333673613
53.59044257037853,-0.002995423798099189
53.67960989659292,-0.0029947514912881186
53.7688401661766,-0.0029940650973767843
53.85813337913514,-0.0029933670639585193
53.94748953547411,-0.002992660126512584
54.03690863519909,-0.002991948341759727
54.1263906783156,-0.002991236423174526
54.215935664829196,-0.0029905298011660385
54.3055435947454,-0.0029898354775232104
54.39521446806972,-0.0029891614744798965
54.48494828480765,-0.002988517407718002
54.57474504496471,-0.002987915332146504
54.66460474854633,-0.0029873703712211853
54.75452739555801,-0.002986899680793651
54.8445129860052,-0.0029865246020621666
54.93456151989333,-0.002986269360169813
55.024672997227846,-0.0029861638877358666
55.11484741801417,-0.002986244481196671
55.2050847822577,-0.002986553937385124
55.29538508996384,-0.002987141886788408
55.38574834113798,-0.0029880658031719576
55.47617453578549,-0.0029893896352536347
55.56666367391174,-0.002991185772906547
55.65721575552208,-0.0029935240600764534
55.74783078062185,-0.002996462093597276
55.83850874921637,-0.0030000215863266563
55.92924966131099,-0.0030041620686421092
56.02005351691099,-0.0030087374404990184
56.11092031602168,-0.003013424330876347
56.20185005864835,-0.0030175771354627634
56.29284274479626,-0.0030197258343394864
56.38389837447069,-0.0030171364438087095
56.4750169476769,-0.0030211974823740116
