0,0.005924923615496819
0,0.18134993803746088
0.034632338682089446,0.18728781587000976
0.06932759846775488,0.17246007810137934
0.10408577945196605,0.16365103851371324
0.13890688172917778,0.15851221652062858
0.17379090539333392,0.15484504604133353
0.20873785053787064,0.15175171555557712
0.24374771725572067,0.14886714661507133
0.2788205056393162,0.14600312788021763
0.31395621578059324,0.14302390171271195
0.34915484777099437,0.13990295933746544
0.38441640170147284,0.13664455498788003
0.41974087766249574,0.13325793664769245
0.455128275744048,0.1297511076655439
0.4905785960356348,0.1261546807375073
0.5260918386262861,0.12251045947313093
0.5616680036045588,0.11884168108961404
0.5973070910585416,0.11516043534617731
0.6330091010758568,0.11149247777158562
0.6687740337436645,0.10786688410582507
0.7046018891486655,0.10429463838552955
0.7404926673771046,0.10077836523242795
0.7764463685147737,0.09733356983247783
0.8124629926470154,0.09397741134236563
0.8485425398587251,0.09070082678236381
0.8846850102343558,0.0875115146685259
0.9208904038579193,0.08441719170697519
0.9571587208129905,0.08142714683450211
0.9934899611827099,0.0785380786330472
1.029884125049787,0.07574417732149794
1.0663412124965028,0.07305047269935921
1.1028612236047133,0.07046114421599117
1.1394441584558517,0.06797027779192859
1.176090017130932,0.06557097277931223
1.2127987997105516,0.06326559440038873
1.2495705062748939,0.06105536883489368
1.2864051369037321,0.058933424391131826
1.3233026916764299,0.0568927989839554
1.3602631706719468,0.054934485090550204
1.3972865739688396,0.053058381304524616
1.4343729016452649,0.051255151791244596
1.4715221537789818,0.049515279091619485
1.5087343304473564,0.047844996862919986
1.546009431727361,0.04624358864575655
1.5833474576955804,0.044704726549363596
1.6207484084282116,0.04322284603248391
1.6582122840010691,0.04179811261516992
1.6957390844895843,0.040429883571974336
1.733328809968811,0.03911183772153331
1.7709814605134266,0.03783226177867123
1.8086970361977341,0.03660007557039663
1.846475537095666,0.035412769442032734
1.8843169632807852,0.03426535730601075
1.922221314826289,0.033153600661348204
1.9601885918050097,0.032077779444036766
1.9982187942894198,0.03103778577751113
2.0363119223516306,0.030029179158543008
2.0744679760633984,0.02904813178814588
2.1126869554961236,0.028095117748943767
2.1509688607208557,0.02716948042324764
2.1893136918082936,0.026265300539386305
2.2277214488287895,0.025381334486681492
2.2661921318523492,0.024519228076729255
2.304725740948637,0.02367970134251681
2.3433222761869748,0.022859132368564083
2.3819817376363477,0.022054660617678717
2.420704125365404,0.021267811838339215
2.4594894394424562,0.020498497298729743
2.4983376799354877,0.01974258484433236
2.5372488469121497,0.01900116176367441
2.5762229404397656,0.01827705826089521
2.6152599605853366,0.01757299822220802
2.654359907415537,0.016887283292289702
2.69352278099672,0.01621850136753864
2.7327485813949206,0.01557047857013532
2.772037308675857,0.014950914364559777
2.81138896290493,0.01435998822125822
2.8508035441472295,0.01380053986214129
2.890281052467532,0.013281046711418498
2.929821487930306,0.0128092059837139
2.969424850599713,0.012388335607284272
3.0090911405396077,0.012026562192045934
3.048820357813543,0.011737523638519445
3.0886125024847697,0.011533538268962246
3.1284675746162387,0.011422630502554399
3.1683855742706024,0.01141582029448334
3.2083665015102203,0.011530131859325835
3.2484103563971547,0.01177925358551728
3.2885171389931767,0.012168769940467866
3.3286868493597677,0.012703159060087291
3.3689194875581205,0.013382337375936063
3.4092150536491417,0.01418787086682874
3.4495735476934515,0.015077820976781129
3.4899949697513866,0.015985139168865136
3.530479319883006,0.016804738953340913
3.5710265981480855,0.01735833634822283
3.6116368046061234,0.017426666604909855
3.652309939316344,0.016699127859113178
3.693046002337695,0.014754196710448992
3.733844993728852,0.01132724635602455
3.7747069135482194,0.007346641792765703
3.8156317618539335,0.004048888071280892
3.85661953870386,0.0017565515174512228
3.8976702441556017,3.9870636970036643E-4
3.938783878266494,-1.588595931603157E-4
3.9799604410936116,-6.850002390327908E-5
4.021199932693768,5.053193602426514E-4
4.062502353123514,0.0013940419532339713
4.103867702439144,0.0024442987209560736
4.1452959806967,0.003534959084293513
4.186787187951963,0.004577728352515181
4.228341324260462,0.005510166064349567
4.269958389677477,0.006294934135044182
4.311638384258035,0.006919217867760613
4.353381308056913,0.0073860931260347415
4.395187161128645,0.007704426128586914
4.437055943527515,0.007888414127497053
4.478987655307564,0.007958412663968233
4.520982296522591,0.007935612657689875
4.563039867226152,0.007836493413567775
4.605160367471564,0.0076755617974768025
4.647343797311905,0.00746854986683081
4.689590156800016,0.007230952967045243
4.7318994459885,0.006971412179280837
4.7742716649297305,0.0066974688933279436
4.816706813675844,0.006418244036093184
4.859204892278746,0.006140442922163679
4.901765900790113,0.005866765320023887
4.944389839261391,0.00559990082136644
4.9870767077438005,0.005344500322769846
5.029826506288333,0.005103285552314747
5.072639234945759,0.004875735490149135
5.1155148937666235,0.004662092619556301
5.158453482801247,0.004464692630342678
5.20145500209973,0.004283976745791672
5.24451945171196,0.0041178715318507374
5.287646831687594,0.003965345379107113
5.330837142076081,0.0038276137530960774
5.3740903829266555,0.0037042165533593507
5.417406554288328,0.003592535505102063
5.460785656209904,0.0034915904731851882
5.5042276887399755,0.0034020788026313687
5.547732651926919,0.003322738613285359
5.591300545818907,0.00325096588838936
5.634931370463901,0.003185930955230976
5.6786251259096545,0.0031281605956982833
5.722381812203718,0.003075900395979327
5.766201429393434,0.003026861286062928
5.810083977525942,0.0029807768809424896
5.854029456648179,0.0029380626984381827
5.898037866806884,0.0028972181790637656
5.942109208048588,0.002856179010684086
5.986243480419633,0.002814736976929495
6.030440683966155,0.0027732462416595063
6.074700818734097,0.002730258941737778
6.119023884769204,0.0026840724995952263
6.16340988211703,0.002634575899615552
6.207858810822931,0.002582096893998705
6.252370670932073,0.0025253948455184598
6.296945462489433,0.0024631528835761343
6.341583185539795,0.0023956723810307067
6.386283840127752,0.0023231997473967584
6.431047426297713,0.002244557672328362
6.475873944093898,0.0021588612405970754
6.5207633935603395,0.002066707969923894
6.565715774740891,0.001968276854028767
6.610731087679213,0.001863042011844419
6.655809332418789,0.0017508289312617865
6.700950509002923,0.001632786216933884
6.746154617474731,0.001509828262578605
6.791421657877153,0.0013820494962861933
6.836751630252954,0.0012503740563667817
6.882144534644713,0.0011171409402595056
6.927600371094838,9.845000504880995E-4
6.9731191396455605,8.54188511132945E-4
7.018700840338933,7.291338491068816E-4
7.06434547321684,6.135692707069533E-4
7.11005303832099,5.119742152894816E-4
7.1558235356929165,4.2935001395681726E-4
7.201656965373989,3.713841298468542E-4
7.247553327405399,3.454500155735346E-4
7.293512621828176,3.592851336884505E-4
7.339534848683177,4.2089271641531376E-4
7.38562000801109,5.398891499283735E-4
7.431768099852444,7.260710619181156E-4
7.47797912424759,9.869150693789693E-4
7.524253081236727,0.0013282615969362303
7.570589970859887,0.0017528368768900766
7.616989793156931,0.002257889193902646
7.663452548167566,0.002829849798446988
7.70997823593134,0.0034438337299921664
7.7565668564876304,0.004061500325789283
7.803218409875665,0.004629337912879891
7.849932896134512,0.005070956925019664
7.896710315303074,0.005307981956675913
7.943550667420106,0.005265226812249662
7.990453952524202,0.004882496323693731
8.037420170653801,0.0041255120109732835
8.084449321847192,0.0030290028894655414
8.131541406142505,0.0016934332797108112
8.178696423577719,2.631681662031511E-4
8.225914374190666,-0.0010979614402969844
8.273195258019019,-0.0022453802782557734
8.320539075100305,-0.0030787382303359505
8.3679458254719,-0.003553572369303009
8.415415509171035,-0.0036769073022274975
8.46294812623479,-0.003493710334676271
8.510543676700097,-0.003071506449639787
8.558202160603745,-0.002486707019141246
8.605923577982374,-0.0018137543976489785
8.65370792887248,-0.0011172740477452476
8.701555213310419,-4.4844490834840007E-4
8.749465431332398,1.5650389612487407E-4
8.797438582974483,6.750180766109718E-4
8.845474668272603,0.0010965378865069077
8.893573687262538,0.001419388172685497
8.941735639979933,0.0016481614565417738
8.989960526460298,0.0017929121016595064
9.03824834673899,0.0018653274553218824
9.086599100851242,0.0018777439906578009
9.135012788832144,0.001842280950262846
9.183489410716646,0.0017701031223463749
9.23202896653957,0.0016711275518413535
9.280631456335595,0.0015538573658777232
9.32929688013927,0.0014253798266521355
9.378025237985009,0.0012914831716861915
9.426816529907091,0.001156861095443573
9.475670755939666,0.001025175600852023
9.52458791611675,8.99203514221056E-4
9.57356801047223,7.810303720413916E-4
9.622611039039855,6.721046443695195E-4
9.671717001853256,5.733206858527008E-4
9.720885898945928,4.8525888566215047E-4
9.770117730351238,4.0824644322133867E-4
9.819412496102423,3.422305831373716E-4
9.8687701962326,2.869514421966698E-4
9.918190830774751,2.4198160222389418E-4
9.967674399761737,2.067648223839919E-4
10.017220903226296,1.8064862904156623E-4
10.066830341201035,1.6289216724802005E-4
10.116502713718441,1.5273151997908493E-4
10.16623802081088,1.4934773074327744E-4
10.21603626251059,1.5193350804115248E-4
10.265897438849688,1.596290132920175E-4
10.315821549860175,1.7166281444568157E-4
10.36580859557392,1.8719732636583882E-4
10.415858576022684,2.0546623774955828E-4
10.465971491238104,2.256711126598871E-4
10.516147341251694,2.4710180363406663E-4
10.566386126094853,2.6901809831262973E-4
10.616687845798866,2.907635331715452E-4
10.66705250039489,3.116483179135711E-4
10.717480089913977,3.310758925385575E-4
10.767970614387055,3.484395410753797E-4
10.818524073844937,3.6317673742968583E-4
10.86914046831833,3.7471545790364194E-4
10.919819797837812,3.825699257136722E-4
10.970562062433862,3.862350699616061E-4
11.021367262136835,3.852761959126696E-4
11.072235396976978,3.792563134943554E-4
11.123166466984424,3.6781498761292194E-4
11.174160472189202,3.5060443907205825E-4
11.22521741262121,3.2739211785525076E-4
11.276337288310263,2.9795120282239974E-4
11.327520099286044,2.6211865242460754E-4
11.378765845578137,2.1983035231350475E-4
11.430074527216014,1.7112869899605255E-4
11.481446144229041,1.161789410714687E-4
11.53288069664647,5.529918000594854E-5
11.584378184497458,-1.0926511615067772E-5
11.635938607811045,-8.167897598906893E-5
11.687561966616162,-1.5612643093536734E-4
11.739248260941645,-2.3299416826706213E-4
11.790997490816219,-3.106661098736917E-4
11.842809656268502,-3.8709739533903124E-4
11.894684757327015,-4.5968633654783057E-4
11.946622794020174,-5.249186815312682E-4
11.998623766376276,-5.795463816884504E-4
12.050687674423541,-6.192145055540312E-4
12.102814518190069,-6.389604137336564E-4
12.15500429770386,-6.331098801176187E-4
12.207257012992825,-5.952483904989518E-4
12.259572664084759,-5.185201064917669E-4
12.311951251007361,-3.9743339168408836E-4
12.36439277378824,-2.265700503142887E-4
12.416897232454893,-2.344565540615467E-6
12.469464627034725,2.762458659740126E-4
12.522094957555042,6.054334257952899E-4
12.57478822404305,9.75385902992404E-4
12.627544426525857,0.00136998698962113
12.680363565030481,0.0017658096276104384
12.733245639583837,0.0021308798251994414
12.786190650212744,0.0024258626806833213
12.839198596943929,0.002614626740095863
12.89226947980402,0.002661466568024064
12.945403298819551,0.0025393261451573147
12.998600054016968,0.002227723541032579
13.05185974542262,0.0017431488614006647
13.105182373062751,0.001115099811355609
13.158567936963532,3.9246628907554655E-4
13.212016437151028,-3.6111798350776817E-4
13.265527873651214,-0.0010753973342009656
13.319102246489981,-0.001687190112687813
13.372739555693123,-0.00214778179430124
13.426439801286335,-0.002428787777914907
13.48020298329524,-0.002523515238011386
13.534029101745356,-0.0024449001595349467
13.587918156662116,-0.0022202701393321616
13.641870148070874,-0.001887123684915917
13.695885075996877,-0.0014861452853157325
13.749962940465293,-0.0010558903651742423
13.80410374150121,-6.297230879749004E-4
13.858307479129618,-2.3375361707856116E-4
13.912574153375417,1.1379483852816787E-4
13.966903764263439,4.0219770602715945E-4
14.021296311818407,6.272511088287549E-4
14.075751796064969,7.897966948302276E-4
14.130270217027693,8.943959265594424E-4
14.184851574731054,9.47837479202744E-4
14.239495869199445,9.581719679367543E-4
14.294203100457173,9.336700531343658E-4
14.348973268528464,8.823798046132355E-4
14.403806373437456,8.115668646187012E-4
14.458702415208215,7.276662900409821E-4
14.513661393864712,6.360293671436295E-4
14.568683309430842,5.409081892778798E-4
14.623768161930414,4.460781565909941E-4
14.67891595138716,3.543648650032782E-4
14.734126677824724,2.678303537538303E-4
14.789400341266683,1.8798400896397614E-4
14.844736941736523,1.1584775494255676E-4
14.900136479257641,5.2058830736938904E-5
14.955598953853377,-3.052073680540995E-6
15.011124365546975,-4.9417906505747614E-5
15.066712714361602,-8.714915634548746E-5
15.122364000320358,-1.1653804957457379E-4
15.178078223446246,-1.3796563461783998E-4
15.2338553837622,-1.519395730516933E-4
15.289695481291087,-1.589963150676173E-4
15.34559851605568,-1.597612603030878E-4
15.401564488078684,-1.548476791512823E-4
15.45759339738273,-1.4490732065582096E-4
15.513685243990363,-1.305949471058646E-4
15.569840027924055,-1.1259316262279275E-4
15.626057749206213,-9.15417382056161E-5
15.682338407859158,-6.809830527645133E-5
15.738682003905138,-4.2876950578055656E-5
15.79508853736633,-1.649486474227721E-5
15.851558008264835,1.046999074363314E-5
15.908090416622674,3.7481079618179267E-5
15.964685762461809,6.398549857715137E-5
16.021344045804113,8.945145789920143E-5
16.078065266671402,1.1337981060754403E-4
16.134849425085402,1.3530012374578958E-4
16.191696521067783,1.547530620316992E-4
16.248606554640126,1.7131557672329882E-4
16.305579525823962,1.8456904921310838E-4
16.362615434640734,1.9413806161460416E-4
16.419714281111812,1.9964893298544985E-4
16.476876065258516,2.008150000769414E-4
16.53410078710207,1.9732607554611152E-4
16.59138844666365,1.8889174347475613E-4
16.648739043964348,1.7527323818304183E-4
16.70615257902519,1.5629612885671926E-4
16.763629051867138,1.3182915601789956E-4
16.82116846251108,1.0181600984949573E-4
16.878770810977826,6.62798247703411E-5
16.936436097288144,2.5464852793719104E-5
16.99416432146272,-2.041426105341601E-5
17.051955483522153,-7.10356278049035E-5
17.10980958348701,-1.25821047221822E-4
17.167726621377767,-1.840275310109896E-4
17.225706597214838,-2.4461488402054295E-4
17.28374951101858,-3.062636721703074E-4
17.341855362809277,-3.6694829467254464E-4
17.400024152607138,-4.2497803605546873E-4
17.458255880432322,-4.778142597713517E-4
17.516550546304913,-5.225354261434809E-4
17.574908150244934,-5.556187092048389E-4
17.633328692272347,-5.730131517765742E-4
17.691812172407037,-5.698805905515469E-4
17.75035859066883,-5.422120563771696E-4
17.808967947077505,-4.8544218433955967E-4
17.867640241652754,-3.95564821565774E-4
17.92637547441421,-2.6952301577842005E-4
17.985173645381465,-1.0578339698825079E-4
18.044034754574014,9.349980184206706E-5
18.102958802011308,3.2328610108658864E-4
18.161945787712742,5.744417352659807E-4
18.22099571169764,8.333568287694736E-4
18.280108573985263,0.0010797282916814132
18.339284374594815,0.0012933406759260183
18.398523113545433,0.001452014826318163
18.4578247908562,0.0015349231220718568
18.517189406546137,0.0015233781286318302
18.576616960634205,0.0014079387476430218
18.63610745313929,0.0011923687956569271
18.69566088408024,8.8781052831158E-4
18.755277253475835,5.142121645137724E-4
18.81495656134479,1.0049636169294E-4
18.874698807705773,-3.1873365311078385E-4
18.934503992577383,-7.098417072233582E-4
18.994372115978155,-0.0010418694021359408
19.05430317792658,-0.0012907320368408697
19.114297178441088,-0.0014412700357134514
19.174354117540037,-0.0014887378064627975
19.23447399524175,-0.0014382298751715776
19.294656811564472,-0.0013032714617077464
19.3549025665264,-0.0011032365834147515
19.41521126014567,-8.604450003713337E-4
19.475582892440375,-5.974933186983272E-4
19.53601746342853,-3.347974247617895E-4
19.596514973128112,-8.927662079754261E-5
19.657075421557032,1.267387643048817E-4
19.717698808733143,3.0532422227538543E-4
19.778385134674256,4.429109402301109E-4
19.839134399398112,5.392632334799717E-4
19.899946602922405,5.969424971374033E-4
19.96082174526477,6.201612393018099E-4
20.02175982644279,6.142755857703127E-4
20.082760846473988,5.850214898184015E-4
20.14382480537585,5.373229487525793E-4
20.204951703165786,4.77108919761472E-4
20.266141539861167,4.089015327486095E-4
20.3273943154793,3.366002024703347E-4
20.388710030037448,2.634138307517852E-4
20.45008868355281,1.9185911103991433E-4
20.51153027604255,1.2389655080655496E-4
20.573034807523765,6.0970174432167936E-5
20.634602278013496,4.088883449322445E-6
20.69623268752875,-4.608999975428639E-5
20.75792603608646,-8.920443115593125E-5
20.81968232370352,-1.2511666233243473E-4
20.88150155039678,-1.5387560723337967E-4
20.943383716183025,-1.7566967727982298E-4
21.005328821078983,-1.9079488770796978E-4
21.06733686510135,-1.996698456988363E-4
21.12940784826676,-2.026714920046554E-4
21.191541770591794,-2.0029913535219378E-4
21.253738632092997,-1.930570432546606E-4
21.315998432786845,-1.814956630585904E-4
21.378321172689773,-1.6613978707870157E-4
21.440706851818174,-1.475543323455977E-4
21.50315547018838,-1.2625500892078607E-4
21.565667027816676,-1.0279736711328876E-4
21.6282415247193,-7.767025299220716E-5
21.690878960912443,-5.1393772667045174E-5
21.753579336412237,-2.4401980094794967E-5
21.81634265123478,2.777274134627925E-6
21.879168905396114,2.972496501364717E-5
21.94205809891223,5.5978600553583404E-5
22.00501023179908,8.11571825813443E-5
22.06802530407256,1.0483434140265003E-4
22.131103315748515,1.266595709575284E-4
22.19424426684276,1.4624265367935285E-4
22.257448157371048,1.6326384345988893E-4
22.32071498734908,1.7739871989622214E-4
22.38404475679253,1.8835695135913514E-4
22.44743746571701,1.958041155242478E-4
22.510893114138085,1.994837013272623E-4
22.574411702071284,1.9913309286709958E-4
22.63799322953209,1.9453765016169678E-4
22.701637696535915,1.8549596365799556E-4
22.765345103098163,1.7185335848603006E-4
22.829115449234166,1.535101546590926E-4
22.892948734959216,1.304961283667099E-4
22.956844960288574,1.0272433228485037E-4
23.020804125237433,7.026883708150592E-5
23.08482622982095,3.330300392233949E-5
23.148911274054253,-7.895567203132205E-6
23.213059257952406,-5.290645845183175E-5
23.27727018153043,-1.0110785002450507E-4
23.341544044803317,-1.5151357556557316E-4
23.405880847785998,-2.0330671184219903E-4
23.470280590493363,-2.552071143355941E-4
23.534743272940272,-3.056067067343205E-4
23.599268895141527,-3.5257865284039533E-4
23.663857457111895,-3.9373956917504715E-4
23.728508958866094,-4.26024344201849E-4
23.793223400418803,-4.467879721958469E-4
23.858000781784654,-4.528171982415373E-4
23.922841102978243,-4.4071770947290043E-4
23.98774436401412,-4.073357800087827E-4
24.05271056490679,-3.4960489192514604E-4
24.11773970567072,-2.661282948619309E-4
24.18283178632033,-1.5669782933166565E-4
24.247986806870006,-2.307173288607989E-5
24.31320476733409,1.3058015710575802E-4
24.378485667726878,2.964199846658885E-4
24.44382950806262,4.6359916533682835E-4
24.50923628835554,6.19285764581385E-4
24.574706008619817,7.486364505658898E-4
24.64023866886957,8.369092645456897E-4
24.705834269118913,8.685586798014547E-4
24.771492809381886,8.394492347118338E-4
24.8372142896725,7.498261462460348E-4
24.902998710004734,6.07010106172753E-4
24.96884607039252,4.222068323404467E-4
25.034756370849745,2.1254625082989194E-4
25.10072961139027,-5.7394877747339275E-6
25.166765792027903,-2.1802430139607518E-4
25.232864912776414,-4.1073605474509635E-4
25.299026973649543,-5.711719683231833E-4
25.365251974660985,-6.88513232922667E-4
25.431539915824395,-7.548995399808935E-4
25.49789079715339,-7.669706515963305E-4
25.56430461866155,-7.264685495208512E-4
25.630781380362407,-6.400160185840169E-4
25.697321082269475,-5.180123929812018E-4
25.76392372439621,-3.730009440716188E-4
25.830589306756043,-2.1804681072647364E-4
25.89731782936235,-6.523880568632084E-5
25.964109292228486,7.531823146214676E-5
26.03096369536777,1.9610600381719323E-4
26.097881038793464,2.923834162200385E-4
26.164861322518817,3.6199411060348474E-4
26.231904546557015,4.047357054109753E-4
26.299010710921227,4.2256135787113844E-4
26.366179815624587,4.1851164587672037E-4
26.433411860680167,3.9621126223225825E-4
26.500706846101025,3.5963623455789647E-4
26.568064771900186,3.1260316831796124E-4
26.63548563809062,2.587345698934742E-4
26.702969444685266,2.01141237079761E-4
26.77051619169703,1.4252192822282458E-4
26.838125879138794,8.501095430802499E-5
26.905798507023377,3.034047282928065E-5
26.973534075363585,-2.02385609394414E-5
27.041332584172185,-6.579671313207424E-5
27.1091940334619,-1.0575088548570036E-4
27.177118423245414,-1.3974627675996713E-4
27.245105753535398,-1.676759582133551E-4
27.313156024344458,-1.8957423949453661E-4
27.38126923568519,-2.0551676380239266E-4
27.449445387570147,-2.1575694747957928E-4
27.51768448001184,-2.2059906284525621E-4
27.585986513022753,-2.204268092250493E-4
27.654351486615344,-2.1562953745286824E-4
27.72277940080201,-2.0665622879583514E-4
27.79127025559514,-1.9393348019348207E-4
27.85982405100709,-1.779335354612248E-4
27.928440787050146,-1.5909012970224414E-4
27.997120463736596,-1.3787206312912382E-4
28.065863081078692,-1.146988448870549E-4
28.13466863908863,-8.999989760091274E-5
28.203537137778593,-6.419374353151298E-5
28.272468577160733,-3.769891448929797E-5
28.341462957247145,-1.0895999976153013E-5
28.410520278049912,1.583183769749345E-5
28.479640539581087,4.21303189655812E-5
28.548823741852665,6.765259602877944E-5
28.61806988487664,9.206769712519666E-5
28.687378968664948,1.1506076227766764E-4
28.756750993229495,1.36351317243805E-4
28.826185958582172,1.5564166081991478E-4
28.895683864734835,1.726337189610116E-4
28.96524471169928,1.870719069000201E-4
29.034868499487306,1.9869248252535394E-4
29.104555228110666,2.072670998998074E-4
29.17430489758107,2.1255905804572428E-4
29.24411750791021,2.143702926806712E-4
29.313993059109755,2.124992742179191E-4
29.38393155119132,2.0685117302480897E-4
29.453932984166496,1.9724344121881587E-4
29.523997358046856,1.8355297519710587E-4
29.59412467284392,1.6570618704551574E-4
29.664314928569194,1.4367576771075782E-4
29.73456812523416,1.1749840545772582E-4
29.804884262850237,8.72646626829793E-5
29.875263341428845,5.323728504884125E-5
29.945705360981368,1.5764062201212395E-5
30.01621032151914,-2.482031847424293E-5
30.08677822305349,-6.797593996570722E-5
30.157409065595697,-1.129215475318196E-4
30.228102849157015,-1.5874047136901672E-4
30.298859573748672,-2.0419743736375002E-4
30.369679239381878,-2.4753919949729354E-4
30.44056184606778,-2.8727171483149784E-4
30.511507393817528,-3.214539838305554E-4
30.582515882642234,-3.4779419768174E-4
30.65358731255296,-3.6393197828663975E-4
30.724721683560766,-3.6719344685021236E-4
30.795918995676672,-3.553460753430445E-4
30.86717924891167,-3.2665296647832725E-4
30.938502443276704,-2.799189618027374E-4
31.009888578782725,-2.148752812842625E-4
31.081337655440624,-1.3269237321739027E-4
31.15284967326128,-3.6698917129121826E-5
31.224424632255545,6.842561312008703E-5
31.296062532434224,1.756795864836331E-4
31.36776337380811,2.7583641577346574E-4
31.439527156387975,3.56720501334356E-4
31.511353880184533,4.0618627887533564E-4
31.583243545208497,4.1554709900979846E-4
31.655196151470555,3.810281691588096E-4
31.727211698981325,3.0802872368216705E-4
31.799290187751442,2.10286739242879E-4
31.871431617791508,1.0970125941304841E-4
31.94363598911207,2.0652470702544072E-5
32.015903301723675,-5.3105013794513695E-5
32.08823355563683,-1.1558431023548564E-4
32.160626750862015,-1.706337915636124E-4
32.23308288740969,-2.1736066316220917E-4
32.30560196529028,-2.503790776421231E-4
32.37818398451418,-2.6369139945895683E-4
32.45082894509177,-2.5337667448560445E-4
32.5235368470334,-2.1919727873614562E-4
32.59630769034937,-1.6420489662959052E-4
32.66914147504998,-9.369884682532194E-5
32.74203820114552,-1.4767488063121442E-5
32.814997868646195,6.543662997378949E-5
32.888020477562236,1.4043091671340558E-4
32.96110602790383,2.050478839111735E-4
33.03425451968113,2.555125128597766E-4
33.10746595290426,2.897886982875079E-4
33.180740327583365,3.0718111335960156E-4
33.25407764372849,3.0840244372381067E-4
33.3274779013497,2.9497668890069253E-4
33.40094110045704,2.6920407357318736E-4
33.474467241060495,2.3360238653057455E-4
33.54805632317005,1.9089289893568656E-4
33.62170834679567,1.4360042860562394E-4
33.69542331194726,9.40982403282618E-5
33.769201218634734,4.438157664819598E-5
33.84304206686798,-3.862943652994996E-6
33.91694585665683,-4.9317579384684356E-5
33.99091258801112,-9.09960058677779E-5
34.06494226094066,-1.28206128280508E-4
34.1390348754552,-1.6038758513160632E-4
34.21319043156451,-1.8727937834043994E-4
34.28740892927833,-2.0879187971432488E-4
34.36169036860633,-2.2496552249082907E-4
34.43603474955821,-2.359494778815147E-4
34.51044207214362,-2.419682485404924E-4
34.58491233637218,-2.4330637717964455E-4
34.65944554225349,-2.402921407179279E-4
34.73404168979716,-2.33276917410327E-4
34.80870077901271,-2.2264106815859057E-4
34.88342280990969,-2.087593303958721E-4
34.9582077824976,-1.920317809922661E-4
35.03305569678592,-1.728372766672888E-4
35.10796655278411,-1.5155241036793798E-4
35.182940350501624,-1.2853653500804324E-4
35.25797708994785,-1.041776338610189E-4
35.333076771132184,-7.880408553891856E-5
35.408239394064,-5.278256485510504E-5
35.48346495875262,-2.6412499978624763E-5
35.558753465207374,-3.67377758156846E-8
35.63410491343756,2.6074166087072916E-5
35.709519303452446,5.160197071980769E-5
35.784996635261265,7.63338901423845E-5
35.860536908873264,9.994693023970208E-5
35.93614012429762,1.2221713411923567E-4
36.011806281543535,1.4287364347908286E-4
36.08753538062016,1.6170827038274816E-4
36.163327421536614,1.7847324888805682E-4
36.239182404302014,1.9297406695458386E-4
36.31510032892546,2.0498498425545003E-4
36.391081195416,2.143249361973027E-4
36.46712500378268,2.2082046548749535E-4
36.54323175403454,2.243128209846629E-4
36.61940144618054,2.2460271100101294E-4
36.695634080229674,2.2154705972245517E-4
36.771929656190906,2.1501134894155055E-4
36.84828817407315,2.0488672313838168E-4
36.92470963388532,1.9109033591944562E-4
37.00119403563632,1.7356854828950926E-4
37.07774137933498,1.5239841390429925E-4
37.15435166499017,1.2759204826399235E-4
37.23102489261071,9.921558394589459E-5
37.3077610622054,6.74433251644419E-5
37.384560173783,3.254558403089981E-5
37.46142222735229,-5.097007626741573E-6
37.53834722292198,-4.497592260120753E-5
37.61533516050079,-8.621451186079614E-5
37.69238604009744,-1.2812552463637594E-4
37.76949986172056,-1.6969515087760417E-4
37.84667662537883,-2.097047650536467E-4
37.92391633108087,-2.466819417609778E-4
38.001218978835276,-2.7896430289863655E-4
38.07858456865065,-3.046187949547484E-4
38.15601310053556,-3.2212751082895754E-4
38.233504574498525,-3.2972169300478577E-4
38.31105899054809,-3.2595705249432116E-4
38.38867634869276,-3.0968818858416295E-4
38.466356648941,-2.80644449925791E-4
38.544099891301286,-2.3930699417689592E-4
38.621906075782064,-1.870584357127282E-4
38.699775202391734,-1.2632693584257207E-4
38.77770727113871,-6.0941541896599104E-5
38.85570228203138,2.572384654667969E-6
38.93376023507809,5.7532574368424517E-5
39.01188113028719,9.360563309105877E-5
39.090064967667,9.834521105352568E-5
39.16831174722579,6.055762643620004E-5
39.246621468971874,-1.652614079360225E-5
39.3249941329135,-1.0375328409094868E-4
39.40342973905891,-1.5252943952850847E-4
39.481928287416316,-1.3192367449211528E-4
39.56048977799393,-6.68143323556873E-5
39.63911421079992,-4.7939633112814985E-6
39.717801585842444,3.614587140873956E-5
39.796551903129654,6.087575296907636E-5
39.87536516266969,7.951348656478133E-5
39.95424136447061,9.932008393592805E-5
40.03318050854053,1.2359283244130437E-4
40.11218259488749,1.5250333132249539E-4
40.19124762351955,1.8437283114707142E-4
40.270375594444744,2.165803302432828E-4
40.34956650767105,2.461990071185304E-4
40.42882036320647,2.7047436317953607E-4
40.508137161058976,2.871189438412799E-4
40.58751690123652,2.945298405275527E-4
40.666959583747015,2.918861819262451E-4
40.7464652085984,2.7911048941683025E-4
40.82603377579853,2.56843588143421E-4
40.9056652853553,2.2621253127657888E-4
40.98535973727655,1.8878797023484477E-4
41.06511713157015,1.4626819321445156E-4
41.14493746824388,1.0050164575390485E-4
41.22482074730556,5.3174831114470014E-5
41.30476696876297,5.8925448774376475E-6
41.38477613262386,-4.012464363284747E-5
41.46484823889599,-8.35370395228919E-5
41.54498328758708,-1.2348289151033724E-4
41.62518127870484,-1.5926476607696873E-4
41.70544221225694,-1.9046852545520648E-4
41.78576608825109,-2.1679119684710164E-4
41.8661529066949,-2.3814219079123453E-4
41.94660266759603,-2.545105490288833E-4
42.02711537096211,-2.660204514283071E-4
42.10769101680071,-2.728484257102987E-4
42.18832960511942,-2.7524298575829366E-4
42.26903113592583,-2.734891749814594E-4
42.34979560922745,-2.678968886530513E-4
42.43062302503183,-2.588058791033814E-4
42.51151338334649,-2.4656944472496343E-4
42.592466684178895,-2.3152011184862097E-4
42.67348292753654,-2.1397991607911168E-4
42.754562113426886,-1.943071008329823E-4
42.835704241857364,-1.7281860356460228E-4
42.9169093128354,-1.4985551719071222E-4
42.99817732636842,-1.257144375737164E-4
43.07950828246379,-1.00712121087083E-4
43.16090218112889,-7.512248863821968E-5
43.24235902237108,-4.923519248914879E-5
43.3238788061977,-2.330521246891748E-5
43.405461532616066,2.435903921022315E-6
43.487107201633485,2.7732825478457096E-5
43.56881581325724,5.234851974854077E-5
43.6505873674946,7.606774024581938E-5
43.73242186435284,9.867824076485518E-5
43.81431930383917,1.199772669490516E-4
43.89627968596082,1.3977173023666767E-4
43.978303010725014,1.5787008506771123E-4
44.06038927813891,1.740951333476216E-4
44.142538488209695,1.8827993024213844E-4
44.22475064094453,2.0027788095616447E-4
44.30702573635054,2.0989122157736206E-4
44.38936377443484,2.169678001027588E-4
44.47176475520456,2.2135010883023032E-4
44.55422867866676,2.2289721227836565E-4
44.63675554482853,2.2147003333441978E-4
44.71934535369694,2.169429305587715E-4
44.801998105279,2.0921295080967152E-4
44.884713799581746,1.982576163891111E-4
44.967492436612204,1.8393624106372293E-4
45.05033401637735,1.6618772637188456E-4
45.13323853888416,1.4501038647158178E-4
45.216206004139615,1.2040810990015751E-4
45.29923641215063,9.247826790422737E-5
45.382329762924144,6.132794728214425E-5
45.465486056467086,2.7363157024213004E-5
45.54870529278633,-9.281734069574083E-6
45.63198747188878,-4.816660288004055E-5
45.71533259378129,-8.88077033520347E-5
45.79874065847071,-1.3048809561848557E-4
45.88221166596389,-1.7243138427850758E-4
45.96574561626764,-2.1337797121674353E-4
46.049342509388765,-2.5249803839611624E-4
46.13300234533404,-2.8849788641591596E-4
46.21672512411027,-3.2009502934194777E-4
46.30051084572418,-3.4589332819111545E-4
46.384359510182534,-3.646135411110125E-4
46.468271117492066,-3.752902799175296E-4
46.55224566765946,-3.77160262617597E-4
46.63628316069144,-3.698195480153661E-4
46.720383596594694,-3.534021813633282E-4
46.804546975375864,-3.290313484481582E-4
46.88877329704162,-2.979885019303759E-4
46.97306256159862,-2.619210164073229E-4
47.05741476905344,-2.236992524734393E-4
47.141829919412714,-1.8883774189207107E-4
47.22630801268305,-1.7058787556322493E-4
47.310849048871,-1.9018423948688386E-4
47.39545302798314,-2.7826018534901176E-4
47.48011995002603,-4.436900817380038E-4
47.564849815006184,-5.814983017914672E-4
47.64964262293014,-3.1249091463839715E-4
47.7344983738044,-3.757422575037555E-5
47.81941706763545,6.776050306469704E-5
47.90439870442978,1.5407505022081914E-4
47.98944328419385,2.220163475581846E-4
48.074550806934084,2.7700426180719015E-4
48.15972127265694,3.218788462984822E-4
48.24495468136884,3.5703486652311715E-4
48.330251033076166,3.8210248070650297E-4
48.41561032778533,3.965995441105775E-4
48.50103256550271,4.0036678762083496E-4
48.58651774623466,3.935897296386754E-4
48.672065869987534,3.767576915566645E-4
48.75767693676767,3.5074676248045245E-4
48.84335094658139,3.166031581720067E-4
48.92908789943498,2.757193471431606E-4
49.014887795334765,2.2948587477299024E-4
49.100750634287,1.795254400659144E-4
49.18667641629796,1.272935994408741E-4
49.27266514137391,7.423767960561094E-5
49.35871680952107,2.168903527216147E-5
49.444831420745665,-2.9088854891535414E-5
49.53100897505392,-7.714931711241807E-5
49.61724947245202,-1.2162744728026932E-4
49.70355291294616,-1.6194636012914425E-4
49.789919296542514,-1.9763015420756178E-4
49.87634862324721,-2.2843001861807752E-4
49.962840893066414,-2.5418836786796767E-4
50.049396106006256,-2.7490302378957064E-4
50.13601426207284,-2.9064117765017025E-4
50.22269536127228,-3.0156523478742307E-4
50.309439403610675,-3.078852170434643E-4
50.39624638909408,-3.0986173805139824E-4
50.48311631772857,-3.077825612462353E-4
50.570049189520205,-3.0199995619065856E-4
50.657045004475,-2.927904388137789E-4
50.744103762599,-2.8046979647389475E-4
50.831225463898214,-2.653612736631185E-4
50.91841010837862,-2.4779220960430883E-4
51.00565769604622,-2.2806994959018336E-4
51.09296822690699,-2.065087381788907E-4
51.18034170096687,-1.833903695573334E-4
51.267778118231824,-1.5900986360005342E-4
51.35527747870779,-1.336192430912848E-4
51.44283978240067,-1.0749195210399862E-4
51.530465029316375,-8.08529886817405E-5
51.61815321946082,-5.393827888954553E-5
51.70590435283987,-2.694902328051055E-5
51.793718429459396,-1.1609297744813874E-7
51.88159544932527,2.63884397537964E-5
51.96953541244331,5.2354927958595246E-5
52.05753831881936,7.762972900845062E-5
52.14560416845926,1.0202180069871057E-4
52.23373296136879,1.2539138431122163E-4
52.32192469755375,1.475623301008041E-4
52.41017937701994,1.68412106331823E-4
52.4984969997731,1.8779184341673752E-4
52.586877565819016,2.0555769322386165E-4
52.67532107516344,2.215594786820858E-4
52.76382752781207,2.356730282166087E-4
52.85239692377064,2.47759165118522E-4
52.94102926304488,2.5769387622347255E-4
53.02972454564046,2.653478825365252E-4
53.11848277156308,2.7059812495502824E-4
53.20730394081841,2.7336302053156515E-4
53.2961880534121,2.735150206747758E-4
53.38513510934981,2.709311317945606E-4
53.47414510863718,2.655042514128254E-4
53.56321805127982,2.57150545631052E-4
53.65235393728335,2.457858095458965E-4
53.74155276665338,2.3135713289617994E-4
53.83081453939547,2.1383672923994565E-4
53.92013925551522,1.9330370339451435E-4
54.0095269150182,1.696984020877282E-4
54.098977517909944,1.430931112222776E-4
54.18849106419601,1.1362025390176623E-4
54.278067553881925,8.146261750109447E-5
54.3677069869732,4.690877176789001E-5
54.45740936347534,1.0434820806037317E-5
54.54717468339388,-2.7554206209102583E-5
54.637002946734235,-6.652764107615465E-5
54.72689415350192,-1.0572895744360088E-4
54.81684830370239,-1.4434273154922907E-4
54.90686539734109,-1.813076771813438E-4
54.99694543442346,-2.156667813752244E-4
55.087088414954934,-2.462323816076398E-4
55.17729433894091,-2.718467932093484E-4
55.267563206386804,-2.9125060938961397E-4
55.35789501729801,-3.0345783063226016E-4
55.448289771679896,-3.077598395409548E-4
55.53874746953785,-3.0323222043247047E-4
55.62926811087723,-2.893616789975408E-4
55.719851695703355,-2.6585955796975104E-4
55.81049822402158,-2.3297829047135243E-4
55.90120769583724,-1.9121320735875197E-4
55.991980111155634,-1.4458816432446616E-4
56.08281546998207,-1.0892131256197489E-4
56.173713772321854,-1.1936680005049708E-4
56.26467501818024,-2.140194037770187E-4
56.355699207562516,-3.215571029815863E-4
56.44678634047395,-1.5566265037838593E-4
