0.28750000000000003,2.6985399192177656E-4
0.28825075075075074,0.0025050928079949583
0.28900150150150156,0.002701135802575407
0.28975225225225215,0.0023355599102972526
0.29050300300300297,0.0018684674489655914
0.29125375375375373,0.001426367849692409
0.29200450450450455,0.0010205492959602513
0.2927552552552552,6.422737487951434E-4
0.29350600600600607,2.826026427722787E-4
0.2942567567567567,-6.0828535088339165E-5
0.2950075075075075,-3.9077036092480754E-4
0.2957582582582583,-7.0917731497123E-4
0.296509009009009,-0.001016803307121981
0.2972597597597596,-0.00131428655090935
0.2980105105105105,-0.001601592980166529
0.2987612612612613,-0.0018786246320151242
0.2995120120120119,-0.002146894532709303
0.30026276276276276,-0.002407065770205242
0.30101351351351346,-0.002658334618007416
0.30176426426426434,-0.002900935515012698
0.3025150150150151,-0.0031365695389594566
0.30326576576576586,-0.003365328046920366
0.3040165165165165,-0.0035859946255703463
0.30476726726726727,-0.003799515715809525
0.305518018018018,-0.004007384490160129
0.30626876876876874,-0.004209130766754881
0.30701951951951956,-0.004403481771024319
0.30777027027027026,-0.004592250667658205
0.30852102102102097,-0.004776273455757368
0.30927177177177173,-0.004954477086486278
0.3100225225225225,-0.005126585508612327
0.31077327327327314,-0.005293722739786741
0.31152402402402396,-0.005456675537604622
0.31227477477477483,-0.0056146516113369785
0.3130255255255254,-0.005767340332685319
0.3137762762762762,-0.005915799797650207
0.31452702702702695,-0.006060590636973785
0.3152777777777778,-0.006201167105713254
0.3160285285285285,-0.006336958709909848
0.3167792792792793,-0.006469071937418069
0.3175300300300301,-0.006598135132953692
0.31828078078078076,-0.006723382205489351
0.3190315315315314,-0.006844394914247945
0.3197822822822823,-0.006962008909369115
0.320533033033033,-0.007077182397941139
0.3212837837837837,-0.007188825113664753
0.32203453453453446,-0.007296483420179286
0.32278528528528533,-0.007401307009026284
0.323536036036036,-0.0075040791998005245
0.3242867867867867,-0.00760357904938763
0.3250375375375375,-0.007699360936040255
0.3257882882882882,-0.00779288204389619
0.32653903903903914,-0.007884539981835232
0.32728978978978984,-0.007972889943577217
0.32804054054054055,-0.008057832938707923
0.3287912912912913,-0.008140990794591732
0.329542042042042,-0.008222447427164966
0.3302927927927928,-0.008300490754950565
0.3310435435435436,-0.008375538823848689
0.3317942942942943,-0.008449075449051921
0.33254504504504506,-0.008520845051642337
0.33329579579579577,-0.008589305622541153
0.33404654654654653,-0.008654942178190055
0.3347972972972973,-0.00871926425598335
0.33554804804804816,-0.008781795100057398
0.33629879879879876,-0.008841162736593093
0.33704954954954947,-0.008897792413832968
0.3378003003003002,-0.00895328820587322
0.338551051051051,-0.009006777001559114
0.33930180180180186,-0.00905697625821988
0.3400525525525524,-0.009104630102662343
0.3408033033033032,-0.00915121247242098
0.34155405405405403,-0.009195770587966225
0.34230480480480474,-0.009236732123267753
0.3430555555555556,-0.00927532452807228
0.3438063063063062,-0.009312847291993852
0.34455705705705697,-0.009348031830601379
0.3453078078078078,-0.009379557409559976
0.3460585585585584,-0.009408558324159412
0.34680930930930925,-0.009436559653382862
0.3475600600600601,-0.009461753631533468
0.34831081081081083,-0.009483073692388825
0.34906156156156154,-0.009502039983983605
0.34981231231231225,-0.009519658215413805
0.350563063063063,-0.009533995966948726
0.3513138138138138,-0.00954411149418136
0.35206456456456453,-0.009551930737466005
0.3528153153153154,-0.00955787456538152
0.35356606606606605,-0.009559948079214469
0.3543168168168168,-0.009557608603196181
0.3550675675675675,-0.009552438738306917
0.3558183183183182,-0.009544609208019186
0.356569069069069,-0.009532400168760589
0.3573198198198199,-0.009515496113620797
0.3580705705705706,-0.009493985580460235
0.3588213213213213,-0.009468293488808656
0.3595720720720721,-0.009433210120578866
0.36032282282282274,-0.009367728867300293
0.3610735735735736,-0.009231916447681862
0.3618243243243244,-0.008960663954116578
0.36257507507507514,-0.008658199548516236
0.3633258258258258,-0.008620775349395126
0.3640765765765766,-0.008745659563985007
0.36482732732732726,-0.00886248254928137
0.36557807807807813,-0.008918306683345235
0.3663288288288288,-0.008919870360312864
0.36707957957957954,-0.008887350522552089
0.36783033033033036,-0.0088322397614629
0.3685810810810812,-0.00875987279825674
0.3693318318318318,-0.00867930034438937
0.3700825825825826,-0.008594714303211647
0.3708333333333333,-0.008506143713048786
0.371584084084084,-0.008413581906675535
0.37233483483483487,-0.008318591972946163
0.37308558558558563,-0.008222440193026719
0.3738363363363363,-0.008124520485706267
0.3745870870870871,-0.00802464129788719
0.3753378378378379,-0.007924039142445913
0.3760885885885886,-0.007823440052682627
0.37683933933933944,-0.007722263587754848
0.3775900900900901,-0.007620277768759789
0.37834084084084096,-0.007518467987598666
0.37909159159159156,-0.007417340346147096
0.37984234234234227,-0.007316318154670677
0.38059309309309297,-0.007215112027046211
0.38134384384384384,-0.0071147362683258416
0.38209459459459455,-0.007015465335582115
0.38284534534534526,-0.00691657339595159
0.38359609609609613,-0.006818140082709758
0.3843468468468468,-0.00672084003064648
0.38509759759759743,-0.006624865479530203
0.3858483483483482,-0.006529569405890749
0.38659909909909895,-0.006435058938840142
0.3873498498498498,-0.006341875743923104
0.3881006006006006,-0.006250210815471748
0.38885135135135135,-0.006159502866742907
0.3896021021021021,-0.006069674416551841
0.39035285285285276,-0.0059813907108255595
0.39110360360360347,-0.005894677817539645
0.3918543543543543,-0.0058089690372284215
0.39260510510510493,-0.0057242890756837375
0.3933558558558558,-0.0056413007566103145
0.39410660660660657,-0.00555992009987114
0.3948573573573572,-0.0054794996162960885
0.3956081081081082,-0.005400315235679421
0.39635885885885874,-0.005322781284802058
0.39710960960960956,-0.005246795115377912
0.3978603603603604,-0.005171811724392606
0.398611111111111,-0.005098078713721713
0.39936186186186184,-0.005026079531021905
0.40011261261261266,-0.0049554793916789545
0.40086336336336337,-0.004885853759557951
0.40161411411411396,-0.004817560523628353
0.4023648648648648,-0.004750970758250297
0.4031156156156155,-0.004685611778292814
0.4038663663663663,-0.004621210631055616
0.40461711711711706,-0.004558217437844667
0.40536786786786794,-0.004496771240388939
0.40611861861861864,-0.0044364713124481
0.4068693693693693,-0.0043771023592907386
0.40762012012012006,-0.004319091007984409
0.40837087087087093,-0.004262521044352431
0.4091216216216216,-0.004206956269465529
0.40987237237237245,-0.0041523327177538415
0.4106231231231232,-0.004098980948085067
0.411373873873874,-0.004046906919380509
0.4121246246246246,-0.003995808111425794
0.4128753753753752,-0.0039456028785339586
0.41362612612612615,-0.0038965742144118284
0.41437687687687697,-0.0038486923682772415
0.4151276276276276,-0.003801653877664088
0.41587837837837843,-0.0037554507464460487
0.416629129129129,-0.003710374255647024
0.41737987987987984,-0.003666261978168173
0.41813063063063083,-0.00362293813835292
0.41888138138138126,-0.0035803278177062707
0.4196321321321322,-0.003538727710521149
0.42038288288288284,-0.0034980667287543466
0.4211336336336336,-0.0034580205057166222
0.4218843843843844,-0.003418629022014324
0.4226351351351352,-0.0033800474804616394
0.42338588588588577,-0.003342323898000498
0.4241366366366367,-0.003305028640593433
0.42488738738738724,-0.0032682467599395516
0.4256381381381382,-0.003232225902576473
0.42638888888888893,-0.003196779038984166
0.4271396396396394,-0.003161496560744517
0.42789039039039034,-0.003126530032974548
0.428641141141141,-0.0030920447716972902
0.4293918918918918,-0.003057603566118782
0.43014264264264257,-0.003022936579785266
0.4308933933933934,-0.002988022132836936
0.43164414414414404,-0.002952720584890407
0.43239489489489474,-0.0029163854116957834
0.4331456456456456,-0.0028778668215520783
0.4338963963963964,-0.0028335720308785197
0.43464714714714703,-0.0027761565228688963
0.4353978978978979,-0.0026927364668079628
0.43614864864864855,-0.0025764006873948415
0.43689939939939937,-0.0024427657373759827
0.4376501501501501,-0.0023448098400360934
0.4384009009009009,-0.002314519259081363
0.43915165165165154,-0.002352071224714532
0.4399024024024024,-0.0024113394590710626
0.44065315315315307,-0.0024608631354177115
0.44140390390390394,-0.0024911879824925697
0.44215465465465464,-0.002500272541771814
0.4429054054054053,-0.0024940456319712955
0.44365615615615617,-0.0024799384274461944
0.4444069069069069,-0.002460233824831463
0.4451576576576574,-0.0024366164848859903
0.44590840840840834,-0.002410901483876572
0.44665915915915916,-0.0023839598521545966
0.4474099099099098,-0.0023557576527546437
0.4481606606606606,-0.0023267700176179693
0.44891141141141133,-0.0022975480529254335
0.44966216216216215,-0.0022682818411571748
0.45041291291291274,-0.0022388810682696775
0.45116366366366384,-0.0022094720865862886
0.45191441441441443,-0.0021802963196621743
0.4526651651651651,-0.00215149742167923
0.4534159159159159,-0.0021228765091848966
0.45416666666666655,-0.0020944467079120604
0.4549174174174175,-0.0020665308752159496
0.4556681681681683,-0.002039071060794915
0.4564189189189189,-0.002011837086508933
0.45716966966966965,-0.0019849130182390032
0.4579204204204203,-0.001958572585661907
0.4586711711711712,-0.0019326291759677258
0.45942192192192194,-0.0019069410302059346
0.4601726726726727,-0.0018816650959578008
0.46092342342342346,-0.0018569272097586497
0.4616741741741743,-0.0018325332606963635
0.462424924924925,-0.001808393189602958
0.4631756756756756,-0.0017846851904239325
0.4639264264264263,-0.0017614557043241627
0.4646771771771771,-0.0017385221746391635
0.4654279279279278,-0.001715895918847414
0.4661786786786787,-0.0016936558647757283
0.4669294294294294,-0.0016718369766876879
0.4676801801801802,-0.0016503203573803769
0.46843093093093086,-0.0016291099522868747
0.46918168168168173,-0.0016082423954225666
0.46993243243243227,-0.0015877600801044755
0.47068318318318303,-0.001567611764363738
0.4714339339339338,-0.0015477014041912988
0.4721846846846849,-0.0015281134413083698
0.4729354354354354,-0.0015089320539195025
0.47368618618618613,-0.0014900441964919254
0.474436936936937,-0.0014713676241331327
0.47518768768768793,-0.0014529886754248325
0.47593843843843847,-0.001435023938740406
0.4766891891891891,-0.0014173031909984735
0.47743993993994,-0.0013997772049846274
0.47819069069069065,-0.0013825562816013465
0.47894144144144163,-0.0013657365525097565
0.4796921921921923,-0.0013491018792312853
0.4804429429429427,-0.0013326419626605852
0.48119369369369375,-0.0013165447195821586
0.48194444444444434,-0.001300782596079311
0.482695195195195,-0.0012851572993119234
0.4834459459459458,-0.001269742964125682
0.4841966966966966,-0.0012546842046816812
0.4849474474474477,-0.001239895042962674
0.48569819819819804,-0.0012252304321167383
0.48644894894894886,-0.0012107942245904093
0.4871996996996997,-0.0011966800814565749
0.4879504504504505,-0.0011827805766824297
0.48870120120120125,-0.0011690340416790647
0.48945195195195185,-0.001155508933339695
0.4902027027027029,-0.0011422618836558237
0.49095345345345354,-0.0011291923334067484
0.4917042042042042,-0.0011162757371473164
0.49245495495495484,-0.001103565799305438
0.49320570570570565,-0.0010911011842154542
0.49395645645645647,-0.0010787801462491507
0.49470720720720723,-0.0010666044956106075
0.495457957957958,-0.001054568751819396
0.49620870870870887,-0.0010427469096018825
0.4969594594594594,-0.0010310751945391589
0.49771021021021,-0.0010194663635007878
0.49846096096096115,-0.0010079449050628194
0.49921171171171175,-9.965449795035983E-4
0.4999624624624624,-9.85222219984043E-4
0.5007132132132133,-9.738073097345705E-4
0.5014639639639641,-9.623306232100617E-4
0.5022147147147145,-9.50841711801412E-4
0.5029654654654656,-9.391256300962437E-4
0.5037162162162162,-9.269141634761128E-4
0.504466966966967,-9.142780242400989E-4
0.5052177177177178,-9.010870644689626E-4
0.5059684684684684,-8.868710257383533E-4
0.5067192192192191,-8.709004269804149E-4
0.50746996996997,-8.530245727886743E-4
0.5082207207207208,-8.314099517067814E-4
0.5089714714714713,-8.020388481621595E-4
0.5097222222222222,-7.616562692191941E-4
0.510472972972973,-7.065819894353541E-4
0.5112237237237237,-6.387217769825771E-4
0.5119744744744744,-5.736646100119626E-4
0.5127252252252252,-5.290355983397726E-4
0.5134759759759759,-5.22678348832058E-4
0.5142267267267265,-5.481473091478626E-4
0.5149774774774775,-5.89590687399663E-4
0.5157282282282283,-6.322986615268799E-4
0.516478978978979,-6.647077841324906E-4
0.5172297297297296,-6.85868494347377E-4
0.5179804804804804,-6.976052849171101E-4
0.5187312312312311,-7.014947911877713E-4
0.519481981981982,-6.999994544680183E-4
0.5202327327327326,-6.951037720585676E-4
0.5209834834834833,-6.874122173715641E-4
0.5217342342342343,-6.779027495709221E-4
0.522484984984985,-6.672054562021614E-4
0.5232357357357359,-6.556715702206926E-4
0.5239864864864866,-6.435183747014772E-4
0.5247372372372373,-6.309584314829857E-4
0.525487987987988,-6.181513946547111E-4
0.5262387387387386,-6.052535792453467E-4
0.5269894894894893,-5.923608897451948E-4
0.5277402402402401,-5.795104855765301E-4
0.5284909909909911,-5.667771715437202E-4
0.5292417417417414,-5.542239064283317E-4
0.5299924924924926,-5.418769110235099E-4
0.5307432432432433,-5.29733450705663E-4
0.531493993993994,-5.17829384719984E-4
0.5322447447447447,-5.06174842949608E-4
0.5329954954954955,-4.947703006538543E-4
0.5337462462462464,-4.8361864166432514E-4
0.5344969969969968,-4.7273129360695266E-4
0.5352477477477477,-4.6209231952949265E-4
0.5359984984984985,-4.517006734357313E-4
0.5367492492492493,-4.4158672709179416E-4
0.5375,-4.317122162996503E-4
0.5382507507507508,-4.220719246413914E-4
0.5390015015015015,-4.1270251689502356E-4
0.5397522522522522,-4.0358597846292633E-4
0.5405030030030031,-3.9467731034742963E-4
0.5412537537537537,-3.859795790238851E-4
0.5420045045045047,-3.7755016044640447E-4
0.5427552552552553,-3.693378628700123E-4
0.543506006006006,-3.61323799694371E-4
0.544256756756757,-3.535365668902626E-4
0.5450075075075076,-3.4597878782239346E-4
0.5457582582582582,-3.3859571727737505E-4
0.546509009009009,-3.31394686621427E-4
0.5472597597597597,-3.244258683495405E-4
0.5480105105105105,-3.176468525370722E-4
0.5487612612612615,-3.1102069782361585E-4
0.5495120120120118,-3.045872808729443E-4
0.5502627627627626,-2.9835767461900217E-4
0.5510135135135135,-2.922804059458257E-4
0.551764264264264,-2.863625187413855E-4
0.552515015015015,-2.8062241240347027E-4
0.5532657657657658,-2.7504672999588826E-4
0.5540165165165165,-2.696142094414285E-4
0.554767267267267,-2.643411951215573E-4
0.5555180180180181,-2.5921912595784185E-4
0.5562687687687686,-2.5423386625982237E-4
0.5570195195195196,-2.4938867357585933E-4
0.5577702702702704,-2.446973798131414E-4
0.5585210210210209,-2.4011892155332383E-4
0.5592717717717717,-2.3566535749576005E-4
0.5600225225225226,-2.313658755178096E-4
0.5607732732732732,-2.271864920095975E-4
0.561524024024024,-2.2309538165381877E-4
0.5622747747747747,-2.191296422102794E-4
0.5630255255255254,-2.1530223355470393E-4
0.5637762762762762,-2.115575621519004E-4
0.564527027027027,-2.0789088157869336E-4
0.5652777777777777,-2.0436365156530098E-4
0.5660285285285285,-2.0093859364195485E-4
0.5667792792792791,-1.9756242881278287E-4
0.56753003003003,-1.9426067292551563E-4
0.5682807807807808,-1.910829671346815E-4
0.5690315315315315,-1.8796641141976015E-4
0.5697822822822822,-1.84875811941843E-4
0.5705330330330327,-1.8185026545790512E-4
0.5712837837837837,-1.7889759377594304E-4
0.5720345345345343,-1.7593736438740505E-4
0.5727852852852853,-1.7297788885469446E-4
0.5735360360360359,-1.7003915402346757E-4
0.5742867867867867,-1.6706280732085282E-4
0.5750375375375375,-1.639801910028039E-4
0.5757882882882883,-1.6079165820573931E-4
0.576539039039039,-1.5743640298535955E-4
0.5772897897897896,-1.5378275774718662E-4
0.5780405405405405,-1.4977061577801693E-4
0.5787912912912911,-1.4531451385936127E-4
0.5795420420420421,-1.4009052389050462E-4
0.5802927927927928,-1.338524586412827E-4
0.5810435435435434,-1.264828731017608E-4
0.5817942942942943,-1.1737120297825057E-4
0.5825450450450449,-1.0492316452084208E-4
0.5832957957957957,-8.852217889936066E-5
0.5840465465465468,-6.636638345147369E-5
0.5847972972972972,-3.526780910566176E-5
0.5855480480480478,3.6707280806612156E-6
0.5862987987987988,4.6640672962149494E-5
0.5870495495495497,8.519295321950545E-5
0.5878003003003005,1.0743326937507784E-4
0.5885510510510508,1.0893518977630609E-4
0.5893018018018017,8.85067185482395E-5
0.5900525525525525,5.475454999327349E-5
0.5908033033033033,1.952621143785295E-5
0.5915540540540541,-1.12836146087492E-5
0.5923048048048047,-3.471512484371389E-5
0.5930555555555557,-5.055536129607097E-5
0.5938063063063063,-6.0338852929763897E-5
0.5945570570570571,-6.54351784599709E-5
0.5953078078078078,-6.698385013290504E-5
0.5960585585585584,-6.606046168490746E-5
0.5968093093093092,-6.343482454353565E-5
0.59756006006006,-5.9440926120788314E-5
0.5983108108108111,-5.442012794262284E-5
0.5990615615615617,-4.8742323227868945E-5
0.5998123123123124,-4.2615564667497335E-5
0.6005630630630632,-3.616186233742304E-5
0.6013138138138138,-2.9507749810263795E-5
0.6020645645645646,-2.279050261263948E-5
0.6028153153153154,-1.60632722221589E-5
0.6035660660660659,-9.34831074195E-6
0.6043168168168169,-2.725134600300858E-6
0.6050675675675676,3.7459954417054854E-6
0.6058183183183184,1.0097090396965744E-5
0.6065690690690687,1.632359064225811E-5
0.6073198198198196,2.235545585829365E-5
0.6080705705705705,2.8183951683430857E-5
0.6088213213213215,3.387124055908904E-5
0.6095720720720722,3.937769664614763E-5
0.6103228228228228,4.465286184898201E-5
0.6110735735735734,4.975454635856505E-5
0.611824324324324,5.470981095888144E-5
0.612575075075075,5.944840797358648E-5
0.6133258258258258,6.397685964038417E-5
0.6140765765765767,6.835978166536377E-5
0.6148273273273274,7.256600337831267E-5
0.6155780780780781,7.656651744134102E-5
0.6163288288288288,8.041756778346201E-5
0.6170795795795796,8.414851458490654E-5
0.6178303303303304,8.766441154557533E-5
0.618581081081081,9.09875216716867E-5
0.6193318318318317,9.419344193738878E-5
0.6200825825825828,9.727471215266944E-5
0.6208333333333331,1.0017668760714796E-4
0.621584084084084,1.029254113880706E-4
0.6223348348348349,1.0555150479015032E-4
0.6230855855855855,1.0804734440822255E-4
0.6238363363363362,1.1039234924266361E-4
0.6245870870870873,1.126137191828887E-4
0.6253378378378377,1.1471602655994355E-4
0.6260885885885883,1.1669004321548724E-4
0.6268393393393394,1.1853605671991939E-4
0.6275900900900903,1.2027908671337364E-4
0.6283408408408411,1.219089796243038E-4
0.6290915915915914,1.2341953767310826E-4
0.6298423423423422,1.2482306851128246E-4
0.630593093093093,1.2613568908085418E-4
0.6313438438438439,1.273413488329171E-4
0.6320945945945944,1.2843859978970188E-4
0.6328453453453453,1.2945179500976908E-4
0.6335960960960961,1.3038428022529985E-4
0.6343468468468468,1.312135590349547E-4
0.6350975975975977,1.319550842296541E-4
0.6358483483483484,1.3263030872320676E-4
0.6365990990990993,1.3322198499405354E-4
0.6373498498498498,1.337220191912562E-4
0.6381006006006006,1.341564504067896E-4
0.6388513513513513,1.3453728977211798E-4
0.6396021021021021,1.3484141873828246E-4
0.6403528528528525,1.350770088186868E-4
0.6411036036036036,1.3526488371304592E-4
0.6418543543543543,1.3540302702249704E-4
0.6426051051051053,1.3547998100658286E-4
0.6433558558558558,1.3552012132320507E-4
0.6441066066066066,1.3553675071287087E-4
0.6448573573573572,1.3551965174959284E-4
0.6456081081081081,1.3547286892592663E-4
0.6463588588588589,1.3543136588530102E-4
0.6471096096096096,1.3540085770848742E-4
0.6478603603603603,1.353877139143978E-4
0.6486111111111111,1.354293147922244E-4
0.6493618618618617,1.3554776773259898E-4
0.6501126126126127,1.3577517351124035E-4
0.6508633633633634,1.3617095939643902E-4
0.6516141141141142,1.3679971144134128E-4
0.6523648648648648,1.377318166868051E-4
0.6531156156156155,1.3910208173327637E-4
0.6538663663663664,1.41075079864092E-4
0.6546171171171171,1.4377283778255212E-4
0.6553678678678678,1.4752606842197426E-4
0.6561186186186185,1.5287318327879913E-4
0.656869369369369,1.6023162265285667E-4
0.65762012012012,1.701989812217166E-4
0.6583708708708711,1.8466329331441467E-4
0.6591216216216217,2.044535641773432E-4
0.6598723723723725,2.292957988459033E-4
0.6606231231231234,2.5827684520989203E-4
0.6613738738738739,2.8731446334368346E-4
0.6621246246246248,3.129421182909988E-4
0.6628753753753757,3.29418200235757E-4
0.663626126126126,3.28017858049796E-4
0.6643768768768771,3.097031354096553E-4
0.6651276276276274,2.8171673515566383E-4
0.6658783783783785,2.5127856927068605E-4
0.6666291291291291,2.2378131048516302E-4
0.6673798798798796,2.0191816071981722E-4
0.6681306306306304,1.8555383657265848E-4
0.6688813813813814,1.7434086628841575E-4
0.6696321321321321,1.6728121632394565E-4
0.6703828828828826,1.6324672487011418E-4
0.6711336336336334,1.6159170236059996E-4
0.6718843843843845,1.6175720979217482E-4
0.6726351351351354,1.6324528713066114E-4
0.6733858858858859,1.6566728607503875E-4
0.6741366366366367,1.687664182685604E-4
0.6748873873873874,1.7233737572180843E-4
0.675638138138138,1.7621175817327987E-4
0.6763888888888888,1.8026290678792412E-4
0.6771396396396396,1.8442319701565555E-4
0.6778903903903905,1.887076030024889E-4
0.6786411411411409,1.9304073012572245E-4
0.679391891891892,1.971659901444334E-4
0.6801426426426428,2.011260051175689E-4
0.6808933933933934,2.051979800865084E-4
0.681644144144144,2.091885054504393E-4
0.6823948948948949,2.1277954250829435E-4
0.6831456456456453,2.1627705895892372E-4
0.6838963963963965,2.198724048578634E-4
0.6846471471471474,2.231555283532721E-4
0.6853978978978978,2.2609096948981614E-4
0.6861486486486488,2.2912159368913867E-4
0.6868993993993996,2.320977030341407E-4
0.6876501501501505,2.3462605593323058E-4
0.6884009009009011,2.3701154360180482E-4
0.6891516516516515,2.395131964202536E-4
0.6899024024024023,2.4171583036855442E-4
0.6906531531531532,2.435859186159979E-4
0.6914039039039037,2.455893697010096E-4
0.6921546546546546,2.475764156871725E-4
0.6929054054054058,2.4910048076624147E-4
0.6936561561561562,2.5044029709307464E-4
0.6944069069069067,2.5190596408300345E-4
0.6951576576576578,2.532268260695172E-4
0.6959084084084083,2.542795841109124E-4
0.6966591591591591,2.552689898108122E-4
0.6974099099099101,2.562083900601481E-4
0.6981606606606607,2.569678795014556E-4
0.6989114114114116,2.57613089220641E-4
0.699662162162162,2.581945203888354E-4
0.7004129129129127,2.5865539087248075E-4
0.7011636636636633,2.5899024191853616E-4
0.7019144144144145,2.5925444618936973E-4
0.7026651651651652,2.5943321534071585E-4
0.703415915915916,2.5948955803016364E-4
0.7041666666666667,2.594614093352621E-4
0.7049174174174172,2.593746681535788E-4
0.705668168168168,2.591855712226027E-4
0.7064189189189187,2.5889614641773655E-4
0.7071696696696694,2.585522658602875E-4
0.7079204204204206,2.581423994331442E-4
0.7086711711711711,2.576259679444944E-4
0.709421921921922,2.570450221178764E-4
0.7101726726726726,2.56421637093409E-4
0.7109234234234233,2.5571567429359866E-4
0.711674174174174,2.5492941272306995E-4
0.7124249249249248,2.541048158945891E-4
0.7131756756756759,2.5323341712217264E-4
0.7139264264264263,2.522739885766899E-4
0.7146771771771772,2.5127031631382566E-4
0.7154279279279279,2.502446105681393E-4
0.7161786786786785,2.491597048135498E-4
0.7169294294294294,2.4801675121368104E-4
0.71768018018018,2.468608933390006E-4
0.7184309309309308,2.456843097110567E-4
0.7191816816816816,2.4445731774412984E-4
0.7199324324324324,2.432205682140603E-4
0.7206831831831834,2.420061323426392E-4
0.7214339339339338,2.407808904712981E-4
0.7221846846846846,2.395547095535384E-4
0.7229354354354354,2.3839270241855028E-4
0.7236861861861861,2.373046352783226E-4
0.7244369369369368,2.362759841299499E-4
0.7251876876876877,2.353833478212856E-4
0.7259384384384386,2.3470133171474994E-4
0.7266891891891891,2.342527169569569E-4
0.7274399399399397,2.3411300725395496E-4
0.7281906906906908,2.3444316823500406E-4
0.7289414414414415,2.354247071845386E-4
0.7296921921921922,2.3719060467572225E-4
0.730442942942943,2.4005414468827724E-4
0.7311936936936938,2.444659836577926E-4
0.7319444444444442,2.510839695425956E-4
0.7326951951951951,2.60498540380875E-4
0.7334459459459463,2.7355589851345735E-4
0.7341966966966966,2.911921384269345E-4
0.7349474474474473,3.1260562416278215E-4
0.7356981981981981,3.3504848230211476E-4
0.7364489489489489,3.552278672380426E-4
0.7371996996996998,3.738267301100329E-4
0.7379504504504504,3.887377074048719E-4
0.7387012012012011,3.872689526107518E-4
0.7394519519519519,3.6968962918999294E-4
0.7402027027027027,3.4430954909392625E-4
0.7409534534534536,3.174302512197792E-4
0.741704204204204,2.9289959268074736E-4
0.7424549549549554,2.7255107400652237E-4
0.7432057057057059,2.5686256895753626E-4
0.7439564564564562,2.4556498131473193E-4
0.7447072072072072,2.3794781031640587E-4
0.745457957957958,2.332222969456012E-4
0.7462087087087085,2.307180621825837E-4
0.7469594594594596,2.2986472185192966E-4
0.7477102102102101,2.3021568708276384E-4
0.7484609609609609,2.3143372780972792E-4
0.7492117117117116,2.3331672636866133E-4
0.7499624624624626,2.3567334961018742E-4
0.7507132132132135,2.383055655524258E-4
0.751463963963964,2.4113368266653353E-4
0.7522147147147148,2.4411485405553934E-4
0.7529654654654654,2.4716367041121884E-4
0.7537162162162163,2.501795977984107E-4
0.7544669669669671,2.5314170405528035E-4
0.7552177177177177,2.5604902823850366E-4
0.7559684684684684,2.5888926863428625E-4
0.7567192192192193,2.6161547630281596E-4
0.7574699699699698,2.641971674088215E-4
0.7582207207207209,2.6666960744084207E-4
0.7589714714714713,2.6903678548959964E-4
0.7597222222222221,2.71240503055881E-4
0.7604729729729728,2.7329542954609987E-4
0.7612237237237237,2.752451346570546E-4
0.7619744744744743,2.770616343468767E-4
0.7627252252252252,2.7870461000210645E-4
0.763475975975976,2.8022444018759756E-4
0.7642267267267266,2.81640984761128E-4
0.7649774774774775,2.829003300741159E-4
0.7657282282282284,2.840181924859852E-4
0.7664789789789791,2.8504782259553143E-4
0.7672297297297297,2.859632621175867E-4
0.7679804804804802,2.867182162254366E-4
0.7687312312312311,2.8735691443165963E-4
0.7694819819819819,2.879116517537767E-4
0.770232732732733,2.883504948979656E-4
0.7709834834834832,2.886691314539295E-4
0.7717342342342345,2.8889181477717194E-4
0.772484984984985,2.890191454496342E-4
0.7732357357357356,2.890367460883482E-4
0.7739864864864864,2.889620761351284E-4
0.7747372372372371,2.888019176632005E-4
0.7754879879879878,2.885443842759374E-4
0.7762387387387387,2.881944606874921E-4
0.7769894894894898,2.8776635463440627E-4
0.7777402402402402,2.872586975212719E-4
0.778490990990991,2.8665638354566413E-4
0.7792417417417415,2.859827688089277E-4
0.7799924924924923,2.852380687616499E-4
0.7807432432432432,2.844124220333032E-4
0.7814939939939941,2.8351094519842116E-4
0.7822447447447446,2.825464254843027E-4
0.7829954954954957,2.815155872755353E-4
0.7837462462462462,2.8040734905468705E-4
0.784496996996997,2.792407450823906E-4
0.7852477477477477,2.780150764717694E-4
0.7859984984984985,2.7672301677606745E-4
0.7867492492492493,2.753699922138654E-4
0.7874999999999999,2.739660987341194E-4
0.7882507507507509,2.7251193838663957E-4
0.7890015015015015,2.709942212558878E-4
0.7897522522522522,2.694339820615961E-4
0.7905030030030031,2.6782992506317924E-4
0.7912537537537538,2.661778125272273E-4
0.7920045045045044,2.6448355414080294E-4
0.7927552552552549,2.6276112644289833E-4
0.793506006006006,2.6101243407634277E-4
0.7942567567567567,2.592253946414209E-4
0.7950075075075073,2.5742827529273357E-4
0.7957582582582582,2.556308028145749E-4
0.796509009009009,2.538307323577006E-4
0.7972597597597598,2.520443800123472E-4
0.7980105105105104,2.503021262063275E-4
0.7987612612612612,2.4862146312631527E-4
0.799512012012012,2.4701880839658714E-4
0.8002627627627628,2.4554875661082125E-4
0.8010135135135136,2.4426205352957127E-4
0.8017642642642642,2.432227113748537E-4
0.8025150150150149,2.425126054223388E-4
0.8032657657657659,2.422597596303135E-4
0.8040165165165163,2.4261304207614343E-4
0.8047672672672672,2.4380916737242535E-4
0.8055180180180181,2.4614700801265255E-4
0.8062687687687687,2.500124342354655E-4
0.8070195195195197,2.5593425494735975E-4
0.8077702702702703,2.647282631735006E-4
0.808521021021021,2.7689372474822016E-4
0.8092717717717721,2.926792579645347E-4
0.8100225225225225,3.115066026310277E-4
0.8107732732732733,3.2987715138469375E-4
0.811524024024024,3.414750038702449E-4
0.8122747747747747,3.563604975436119E-4
0.8130255255255254,3.759158580008307E-4
0.813776276276276,3.71230977804542E-4
0.8145270270270268,3.522784221276749E-4
0.8152777777777779,3.2861646671055106E-4
0.8160285285285288,3.04092692008554E-4
0.8167792792792793,2.8148807296846725E-4
0.8175300300300302,2.6247033428670997E-4
0.8182807807807809,2.47590257635069E-4
0.8190315315315315,2.3668034397157414E-4
0.8197822822822821,2.2904583910882373E-4
0.820533033033033,2.2400974648481927E-4
0.821283783783784,2.2098949185497257E-4
0.8220345345345346,2.1949691854485293E-4
0.8227852852852854,2.191358319400317E-4
0.8235360360360364,2.1960248858900837E-4
0.824286786786787,2.2068748546650953E-4
0.8250375375375377,2.2220992348688374E-4
0.8257882882882885,2.2401297461694918E-4
0.8265390390390388,2.2601583485453412E-4
0.8272897897897896,2.2815250004775943E-4
0.8280405405405404,2.3035356880870617E-4
0.8287912912912914,2.3255238021517908E-4
0.8295420420420423,2.3471775172326004E-4
0.8302927927927926,2.3684053068624095E-4
0.8310435435435433,2.3889983982934793E-4
0.8317942942942942,2.408674104253644E-4
0.8325450450450448,2.427270572846417E-4
0.8332957957957957,2.4449189420930247E-4
0.8340465465465466,2.461533306386824E-4
0.8347972972972972,2.476900382651037E-4
0.8355480480480482,2.491108163869476E-4
0.8362987987987988,2.504289204988155E-4
0.8370495495495496,2.516346462389638E-4
0.8378003003003003,2.5270768123340234E-4
0.8385510510510513,2.5368237068495693E-4
0.8393018018018018,2.5455154515455826E-4
0.8400525525525526,2.5530639935561445E-4
0.8408033033033033,2.5595471249414183E-4
0.841554054054054,2.565190336554634E-4
0.8423048048048047,2.569873846003249E-4
0.8430555555555554,2.57338229746932E-4
0.8438063063063062,2.576024784679389E-4
0.8445570570570567,2.577865861652728E-4
0.8453078078078079,2.578851787716669E-4
0.8460585585585586,2.578962707831282E-4
0.8468093093093094,2.578293484039053E-4
0.8475600600600601,2.5768901157311017E-4
0.848310810810811,2.574682802129536E-4
0.8490615615615617,2.571792059759296E-4
0.8498123123123124,2.568226637385702E-4
0.8505630630630624,2.563958143293855E-4
0.8513138138138137,2.559053884690291E-4
0.8520645645645646,2.553536814070721E-4
0.8528153153153153,2.5474384317807005E-4
0.8535660660660661,2.540693432836552E-4
0.8543168168168167,2.5334456762193705E-4
0.8550675675675674,2.5256330804239533E-4
0.8558183183183186,2.517287745364642E-4
0.8565690690690688,2.508408612747497E-4
0.8573198198198196,2.499062064117472E-4
0.8580705705705703,2.489241959983593E-4
0.8588213213213214,2.4789013029691184E-4
0.8595720720720718,2.4681367438129486E-4
0.860322822822823,2.456937832671014E-4
0.8610735735735737,2.44529327301932E-4
0.8618243243243244,2.4331875035787755E-4
0.8625750750750751,2.42069611425527E-4
0.8633258258258257,2.4078229267690323E-4
0.8640765765765761,2.3944872237196388E-4
0.8648273273273275,2.3808221035884154E-4
0.865578078078078,2.366773206713182E-4
0.8663288288288288,2.3523653702462667E-4
0.8670795795795796,2.3375647483483386E-4
0.8678303303303302,2.3224774248403792E-4
0.8685810810810809,2.3070892797242185E-4
0.8693318318318318,2.2913707882861632E-4
0.8700825825825824,2.2754595750884403E-4
0.8708333333333331,2.259336752453093E-4
0.8715840840840839,2.2430670750061047E-4
0.872334834834835,2.2267584807938765E-4
0.8730855855855855,2.2105426871748537E-4
0.8738363363363361,2.1945823252580705E-4
0.8745870870870871,2.1790112724667416E-4
0.8753378378378376,2.1642499355315492E-4
0.8760885885885885,2.1506441892198415E-4
0.8768393393393392,2.1387199331446513E-4
0.87759009009009,2.12921714474281E-4
0.8783408408408406,2.1232798109569815E-4
0.8790915915915916,2.1222193546053142E-4
0.8798423423423422,2.1278629391755785E-4
0.8805930930930931,2.143275548551567E-4
0.8813438438438437,2.172224053042685E-4
0.8820945945945944,2.2193169038824757E-4
0.8828453453453453,2.2897426426732618E-4
0.8835960960960961,2.3893110077206157E-4
0.8843468468468465,2.517399069738842E-4
0.8850975975975972,2.666474374221617E-4
0.8858483483483486,2.807806681476752E-4
0.886599099099099,2.8081623044931954E-4
0.8873498498498497,2.847783629646356E-4
0.8881006006006006,3.16904933893022E-4
0.8888513513513514,2.9986660973641894E-4
0.8896021021021021,2.7865880981388467E-4
0.8903528528528526,2.550982371949367E-4
0.8911036036036035,2.3146253466685304E-4
0.8918543543543545,2.1007901074782026E-4
0.892605105105105,1.9225629269718135E-4
0.893355855855856,1.7831242946413152E-4
0.8941066066066067,1.679712905463884E-4
0.8948573573573572,1.606247283182362E-4
0.895608108108108,1.556408672822591E-4
0.8963588588588589,1.52449380451411E-4
0.8971096096096093,1.5059895346146107E-4
0.8978603603603603,1.4972230213089599E-4
0.8986111111111115,1.4954594424140312E-4
0.899361861861862,1.4986772737045695E-4
0.9001126126126128,1.5054198845227827E-4
0.9008633633633635,1.5142742470971711E-4
0.9016141141141142,1.5247505481256666E-4
0.9023648648648649,1.5359963351292615E-4
0.9031156156156156,1.5477803823040078E-4
0.9038663663663663,1.5592536818102653E-4
0.9046171171171168,1.5705847573734382E-4
0.905367867867868,1.581335169782729E-4
0.9061186186186184,1.591688897484733E-4
0.9068693693693692,1.601190481894082E-4
0.9076201201201202,1.6100158948850898E-4
0.9083708708708708,1.6180597283020363E-4
0.9091216216216214,1.6254373930065714E-4
0.9098723723723721,1.6318997468545946E-4
0.910623123123123,1.6377163645833414E-4
0.9113738738738739,1.6427584512938558E-4
0.9121246246246247,1.6472021517428798E-4
0.9128753753753753,1.6507451114275694E-4
0.9136261261261264,1.6538418346059684E-4
0.9143768768768771,1.65619228723013E-4
0.9151276276276276,1.658048968276192E-4
0.915878378378378,1.659237457929333E-4
0.916629129129129,1.6600995855533407E-4
0.9173798798798799,1.66036536469001E-4
0.9181306306306305,1.6600974672778294E-4
0.9188813813813815,1.659389526875525E-4
0.919632132132132,1.6583245938694662E-4
0.9203828828828827,1.6568949723693612E-4
0.9211336336336337,1.6550470192622298E-4
0.921884384384384,1.652901056780305E-4
0.9226351351351352,1.650426772069281E-4
0.9233858858858861,1.6476331377960154E-4
0.9241366366366364,1.6446051570827657E-4
0.9248873873873872,1.6412722145418187E-4
0.9256381381381382,1.6377109571937687E-4
0.9263888888888889,1.6339204298954448E-4
0.9271396396396394,1.6298971556283177E-4
0.9278903903903903,1.6257418269401608E-4
0.9286411411411412,1.6212682444445304E-4
0.9293918918918918,1.616776598077153E-4
0.9301426426426423,1.6119596848792803E-4
0.9308933933933932,1.6071486025502277E-4
0.9316441441441441,1.602005719963946E-4
0.9323948948948949,1.5969141326146433E-4
0.9331456456456455,1.5915281303057635E-4
0.933896396396396,1.5861255348643648E-4
0.9346471471471473,1.580503174043553E-4
0.935397897897898,1.5748778534281792E-4
0.9361486486486487,1.5690137045638248E-4
0.9368993993993993,1.563150026429339E-4
0.9376501501501496,1.5570823792546872E-4
0.9384009009009008,1.5510214880261496E-4
0.9391516516516514,1.5446913182983016E-4
0.9399024024024023,1.5384480770546982E-4
0.940653153153153,1.5319121695419336E-4
0.9414039039039042,1.525459933119653E-4
0.9421546546546546,1.5187138154360786E-4
0.9429054054054056,1.5120665936869693E-4
0.9436561561561564,1.5051771483477234E-4
0.9444069069069067,1.4983118004435663E-4
0.9451576576576575,1.491323997457667E-4
0.9459084084084082,1.4843700697465928E-4
0.9466591591591591,1.477405848068314E-4
0.9474099099099095,1.4705018485438567E-4
0.9481606606606606,1.463797110528957E-4
0.9489114114114117,1.4574142616832688E-4
0.9496621621621623,1.451467117861324E-4
0.950412912912913,1.4463519272558826E-4
0.9511636636636637,1.4423163912501158E-4
0.9519144144144144,1.4399694849362874E-4
0.9526651651651651,1.4399253845055144E-4
0.9534159159159157,1.4432974131255047E-4
0.9541666666666666,1.451473684297195E-4
0.9549174174174173,1.4663504979776917E-4
0.9556681681681677,1.49082158809824E-4
0.9564189189189187,1.5285343883842423E-4
0.9571696696696698,1.5847709183934588E-4
0.9579204204204204,1.6642901545108245E-4
0.9586711711711714,1.7714841890183175E-4
0.9594219219219219,1.9064380406643583E-4
0.9601726726726726,2.0632000709578066E-4
0.9609234234234239,2.2297809772747813E-4
0.9616741741741742,2.2522754815792068E-4
0.9624249249249247,5.115743689363414E-4
NaN,NaN
NaN,NaN
NaN,NaN
NaN,NaN
NaN,NaN
NaN,NaN
NaN,NaN
NaN,NaN
NaN,NaN
NaN,NaN
NaN,NaN
NaN,NaN
NaN,NaN
NaN,NaN
NaN,NaN
NaN,NaN
NaN,NaN
NaN,NaN
NaN,NaN
NaN,NaN
NaN,NaN
NaN,NaN
NaN,NaN
NaN,NaN
NaN,NaN
NaN,NaN
NaN,NaN
NaN,NaN
NaN,NaN
NaN,NaN
NaN,NaN
NaN,NaN
NaN,NaN
NaN,NaN
NaN,NaN
NaN,NaN
NaN,NaN
NaN,NaN
NaN,NaN
NaN,NaN
NaN,NaN
NaN,NaN
NaN,NaN
NaN,NaN
NaN,NaN
NaN,NaN
NaN,NaN
NaN,NaN
NaN,NaN
NaN,NaN
NaN,NaN
NaN,NaN
NaN,NaN
NaN,NaN
NaN,NaN
NaN,NaN
NaN,NaN
NaN,NaN
NaN,NaN
NaN,NaN
NaN,NaN
NaN,NaN
NaN,NaN
NaN,NaN
NaN,NaN
NaN,NaN
NaN,NaN
NaN,NaN
NaN,NaN
NaN,NaN
NaN,NaN
NaN,NaN
NaN,NaN
NaN,NaN
NaN,NaN
NaN,NaN
NaN,NaN
NaN,NaN
NaN,NaN
NaN,NaN
NaN,NaN
NaN,NaN
NaN,NaN
NaN,NaN
NaN,NaN
NaN,NaN
NaN,NaN
NaN,NaN
NaN,NaN
NaN,NaN
NaN,NaN
NaN,NaN
NaN,NaN
NaN,NaN
NaN,NaN
NaN,NaN
NaN,NaN
NaN,NaN
NaN,NaN
NaN,NaN
