0.10832083333333334,-0.0018432184227040382
0.10921728534089647,0.03868771663624167
0.11011373734845958,0.07455088293722359
0.11101018935602266,0.07919104507030997
0.11190664136358582,0.07669453110925134
0.11280309337114892,0.07223346358257997
0.11369954537871206,0.06691533549827655
0.11459599738627516,0.06161934454030351
0.11549244939383829,0.05605412237644465
0.11638890140140142,0.05113410620492308
0.11728535340896452,0.04597421687008723
0.11818180541652763,0.04177756921870802
0.11907825742409077,0.037233444977568385
0.11997470943165389,0.03383938911769557
0.12087116143921703,0.029967542594053268
0.1217676134467801,0.02733964928424604
0.12266406545434325,0.024119161839347873
0.12356051746190634,0.022166700419555024
0.12445696946946949,0.019529426223330305
0.1253534214770326,0.018135927803093026
0.12624987348459574,0.015992272182198862
0.12714632549215885,0.015040844388622058
0.12804277749972195,0.013299155755945266
0.12893922950728506,0.012692611538526162
0.1298356815148482,0.01127723923268992
0.1307321335224113,0.010950066530417047
0.13162858552997442,0.009824148773389704
0.1325250375375375,0.009751827889397147
0.13342148954510066,0.008917287946461967
0.1343179415526638,0.00913042319451157
0.1352143935602269,0.008647984550797112
0.13611084556779005,0.009224193189420018
0.13700729757535315,0.009233042633297953
0.1379037495829163,0.01035451541938781
0.13880020159047937,0.011155719477817185
0.13969665359804254,0.013291015245734464
0.14059310560560562,0.01585308116448894
0.14148955761316875,0.020658951685993316
0.1423860096207319,0.03980379506109982
0.14328246162829494,-0.006432176854288346
0.1441789136358581,-5.918437312181908E-4
0.1450753656434212,0.004667271697015013
0.14597181765098433,0.00928493165201118
0.14686826965854738,0.012463191577828915
0.14776472166611057,0.014519340792278056
0.1486611736736737,0.01562813451508231
0.14955762568123682,0.01623514454258169
0.15045407768879995,0.016241153819556008
0.15135052969636303,0.016094408325395087
0.15224698170392612,0.015545999340587651
0.1531434337114893,0.015042768653509972
0.15403988571905242,0.01426199998477222
0.15493633772661553,0.01363495361863165
0.1558327897341786,0.012813761931310055
0.15672924174174171,0.012190556659310063
0.15762569374930488,0.01143323622332087
0.15852214575686802,0.010869969723013045
0.15941859776443112,0.010219453522667133
0.16031504977199423,0.009728171026479836
0.16121150177955737,0.00919056765317147
0.1621079537871205,0.008761097897037003
0.16300440579468362,0.008328304982244584
0.1639008578022467,0.00794920079519915
0.1647973098098098,0.00760928192486408
0.16569376181737294,0.007286144709466555
0.16659021382493605,0.0070513761048399135
0.1674866658324992,0.0067986471494988375
0.1683831178400623,0.006701751484092469
0.1692795698476254,0.006586841890500692
0.17017602185518854,0.006675165688921763
0.17107247386275165,0.006789083018484454
0.17196892587031476,0.007179991614243573
0.17286537787787787,0.007691042412320135
0.173761829885441,0.008596314342361744
0.17465828189300414,0.009874264893215048
0.17555473390056733,0.011855078653821322
0.17645118590813036,0.013799499866556663
0.17734763791569352,0.00839672308326483
0.1782440899232566,4.6593814248437624E-4
0.1791405419308197,-4.34379103870597E-4
0.18003699393838285,0.001234023244876706
0.180933445945946,0.0030501844345129318
0.18182989795350907,0.004634061768855922
0.1827263499610722,0.00564696881296916
0.18362280196863534,0.006454972555878105
0.1845192539761985,0.006814509725511532
0.1854157059837615,0.007039992735006122
0.1863121579913247,0.00704873847870297
0.18720860999888778,0.006957481316288884
0.18810506200645086,0.006782571379403686
0.18900151401401402,0.0065624671278157526
0.18989796602157713,0.006320575466454783
0.19079441802914027,0.006078125803220061
0.19169087003670338,0.005839628115294872
0.19258732204426648,0.005625550492808008
0.19348377405182962,0.0054215909023485045
0.19438022605939273,0.005250371543189785
0.19527667806695587,0.005085586042623111
0.19617313007451898,0.004952314889766101
0.19706958208208206,0.0048205109661519285
0.1979660340896452,0.004716067438693785
0.19886248609720833,0.004612699276708444
0.19975893810477144,0.004536054233025373
0.20065539011233458,0.004469881793834425
0.20155184211989768,0.004437869951318437
0.20244829412746082,0.004437929579057084
0.20334474613502396,0.004485406938925283
0.20424119814258707,0.004601246511946534
0.20513765015015015,0.004802620361193563
0.20603410215771334,0.005101382714796235
0.20693055416527636,0.0055477592975635565
0.20782700617283953,0.006145453715202846
0.2087234581804027,0.006950834097317261
0.20961991018796577,0.007892473073537194
0.2105163621955289,0.008468103766445025
0.211412814203092,0.0069720008367751595
0.21230926621065513,0.0033365024547811917
0.2132057182182182,0.0011635955617749635
0.21410217022578137,0.001158530577590787
0.21499862223334443,0.0020707510819676727
0.21589507424090762,0.0031163502392911697
0.2167915262484707,0.004006535614971247
0.2176879782560338,0.0046660600652446635
0.21858443026359697,0.005106767712247412
0.21948088227116005,0.005361649908024154
0.2203773342787232,0.005469489053730686
0.22127378628628633,0.005466654980414874
0.2221702382938494,0.00538821428667339
0.22306669030141257,0.0052589131379512065
0.22396314230897563,0.005103531525962726
0.22485959431653882,0.00493588268780455
0.22575604632410193,0.004770359075517724
0.226652498331665,0.0046124243163234635
0.2275489503392281,0.004468165682547417
0.22844540234679125,0.004337905130184744
0.2293418543543544,0.004222383227448775
0.23023830636191747,0.004120143659352196
0.23113475836948058,0.004029716791502101
0.23203121037704377,0.003950538099184228
0.23292766238460685,0.0038814315646397554
0.23382411439216996,0.0038249463330201814
0.23472056639973313,0.0037823521365322236
0.23561701840729618,0.003760492923232781
0.2365134704148593,0.0037642751290207998
0.23740992242242243,0.003804072081998939
0.2383063744299856,0.0038897760695511753
0.23920282643754867,0.004037887414634375
0.2400992784451118,0.004257038793204907
0.24099573045267492,0.0045662285466273435
0.2418921824602381,0.004973900864258961
0.24278863446780113,0.005476749852354081
0.24368508647536424,0.0060121778719082735
0.24458153848292744,0.006317106492188857
0.24547799049049054,0.005769538435798647
0.24637444249805365,0.004060778087374034
0.2472708945056167,0.002326175758626923
0.24816734651317984,0.0016658471681518711
0.24906379852074306,0.001912721455150694
0.2499602505283061,0.002535014884514125
0.25085670253586917,0.0031964970180662798
0.25175315454343233,0.0037540392572703403
0.25264960655099544,0.0041645728164867845
0.2535460585585586,0.00443206342895628
0.25444251056612166,0.00457541719698372
0.25533896257368477,0.004620370049011857
0.2562354145812479,0.004592348884836407
0.25713186658881104,0.004514354644415554
0.2580283185963742,0.004405888751982939
0.25892477060393726,0.004282279152069186
0.2598212226115004,0.004155197013249946
0.26071767461906353,0.004032391073602994
0.26161412662662664,0.003918872200134612
0.26251057863418975,0.0038166055369507944
0.26340703064175286,0.003726261623278043
0.264303482649316,0.0036467598321883155
0.26519993465687913,0.003577058838479345
0.26609638666444224,0.003515628060436485
0.26699283867200535,0.0034619701691064137
0.26788929067956846,0.0034162828610394286
0.2687857426871316,0.003380501729436773
0.2696821946946947,0.0033580658239376476
0.27057864670225784,0.0033542892094232946
0.27147509870982095,0.0033761097940888177
0.2723715507173841,0.003432122425166882
0.2732680027249472,0.0035329313720951034
0.2741644547325103,0.0036876333245963763
0.2750609067400735,0.0039048117370725608
0.27595735874763655,0.0041886421453971884
0.27685381075519966,0.0045282924103641235
0.27775026276276277,0.004877082683024285
0.2786467147703259,0.005093595586305826
0.279543166777889,0.004889388689472929
0.28043961878545215,0.0040324378838709945
0.2813360707930152,0.002864562045764351
0.2822325228005784,0.0020923949920596124
0.2831289748081415,0.0019621605893948534
0.28402542681570464,0.0022568393435665568
0.2849218788232677,0.0027071376919009433
0.28581833083083086,0.0031486533964641544
0.286714782838394,0.003507837333943507
0.28761123484595713,0.0037637489873910903
0.28850768685352035,0.003920414268692195
0.28940413886108324,0.00399269028520533
0.2903005908686465,0.003999113730476378
0.2911970428762095,0.003958137183491986
0.2920934948837727,0.0038860767977327497
0.29298994689133573,0.0037964768022026095
0.2938863988988989,0.0036997623068676833
0.294782850906462,0.003603332597198361
0.2956793029140251,0.0035119940264222824
0.29657575492158833,0.003428345570125611
0.29747220692915133,0.0033533479929758257
0.2983686589367145,0.0032868950375555366
0.2992651109442776,0.0032283483829969725
0.3001615629518407,0.003176898559781552
0.3010580149594039,0.003132068007242254
0.30195446696696693,0.003093901718224785
0.3028509189745301,0.0030635127223963827
0.3037473709820932,0.0030431694232569253
0.3046438229896563,0.0030366041976970853
0.3055402749972195,0.00304878308866136
0.3064367270047826,0.003086011989096995
0.3073331790123457,0.0031556411585917776
0.30822963101990886,0.003264877821161594
0.30912608302747197,0.0034191795987525094
0.3100225350350351,0.0036203348503815805
0.3109189870425981,0.0038593025607553833
0.3118154390501613,0.004103815839403522
0.3127118910577244,0.004272172329751448
0.3136083430652875,0.004210173915692025
0.3145047950728507,0.0037628133863818725
0.3154012470804138,0.0030116573229684042
0.3162976990879769,0.0023368369545202377
0.31719415109554,0.0020405631239221685
0.3180906031031031,0.002114057461380655
0.3189870551106663,0.0023927879588108623
0.3198835071182293,0.0027279915721641597
0.3207799591257925,0.003032447977938192
0.32167641113335554,0.003267982838003425
0.3225728631409187,0.003425523587413334
0.3234693151484819,0.003510857266507622
0.3243657671560449,0.003536485924473946
0.3252622191636081,0.003517101079619765
0.3261586711711712,0.0034669663956264445
0.3270551231787343,0.003398561517373579
0.3279515751862974,0.0033218811026053895
0.3288480271938605,0.003244350405423218
0.3297444792014237,0.003170794111604946
0.3306409312089867,0.0031039556646280946
0.3315373832165499,0.003044851953494953
0.332433835224113,0.0029932842019863948
0.33333028723167607,0.0029483087365059783
0.33422673923923923,0.002908714331288253
0.33512319124680245,0.0028734665371851226
0.33601964325436556,0.0028420798387930658
0.3369160952619286,0.002814967990387171
0.3378125472694917,0.002793716615473578
0.33870899927705495,0.0027812660165311602
0.339605451284618,0.002781899435321929
0.3405019032921811,0.0028010265423738297
0.3413983552997443,0.002844870328805959
0.3422948073073074,0.0029195656790627794
0.34319125931487054,0.0030297015522129564
0.3440877113224335,0.003176516721929761
0.3449841633299967,0.003353535654647813
0.34588061533755976,0.003538546800476919
0.346777067345123,0.0036802555748571427
0.34767351935268614,0.0036866223128564
0.3485699713602492,0.003453376559341917
0.34946642336781236,0.00297831332082538
0.35036287537537547,0.0024501917844086565
0.35125932738293847,0.0021099565967702158
0.35215577939050163,0.002044386098203916
0.3530522313980648,0.0021845749155205057
0.3539486834056279,0.0024192450457474098
0.35484513541319096,0.002663491905073036
0.3557415874207542,0.0028702529042901417
0.3566380394283173,0.003020797297039175
0.35753449143588034,0.0031132330078151855
0.3584309434434435,0.003154434002204622
0.3593273954510065,0.0031549660615525633
0.3602238474585697,0.0031261290218885405
0.3611202994661329,0.003078343795605766
0.362016751473696,0.003020322056924439
0.36291320348125905,0.0029586766643806737
0.3638096554888222,0.002898145574437455
0.3647061074963854,0.002841605258783574
0.36560255950394854,0.002790530110553934
0.36649901151151154,0.002745435820017913
0.3673954635190747,0.0027061234261507236
0.3682919155266377,0.002672034659746838
0.369188367534201,0.002642421220468064
0.370084819541764,0.002616710048986888
0.37098127154932714,0.002594852420259243
0.3718777235568902,0.002577614068334238
0.37277417556445336,0.0025667407194450167
0.3736706275720165,0.0025650262950785395
0.3745670795795795,0.002576238494134326
0.37546353158714274,0.002604918836570269
0.3763599835947059,0.002655881812471064
0.37725643560226896,0.002733127910498373
0.37815288760983207,0.002838237384589912
0.37904933961739523,0.0029674915821153156
0.3799457916249583,0.0031066006489273252
0.38084224363252156,0.003222678143536495
0.38173869564008456,0.0032571302491380774
0.3826351476476477,0.003137718412746674
0.38353159965521083,0.0028383131870795965
0.38442805166277394,0.002448684654031245
0.38532450367033705,0.002133837614669184
0.3862209556779002,0.002001914579244353
0.3871174076854633,0.0020481454721123066
0.3880138596930263,0.0022031953299705602
0.3889103117005896,0.0023942177967827844
0.38980676370815265,0.0025714348725172707
0.3907032157157158,0.0027094166515863076
0.3915996677232788,0.0028001539878823485
0.392496119730842,0.0028459342889640797
0.3933925717384051,0.0028544186102310034
0.3942890237459682,0.002835294683968806
0.39518547575353147,0.0027981793257717694
0.3960819277610945,0.002751365760410967
0.3969783797686576,0.002701335381914364
0.39787483177622074,0.0026526134852069483
0.3987712837837838,0.0026080287813657526
0.39966773579134685,0.0025688871148942453
0.40056418779891,0.002535324921086168
0.40146063980647323,0.0025066655177685988
0.4023570918140364,0.0024817998574492984
0.4032535438215994,0.0024595278545950098
0.40414999582916245,0.0024388623249545793
0.4050464478367256,0.002419421687947875
0.40594289984428883,0.0024016364548502954
0.4068393518518519,0.002387009751151957
0.407735803859415,0.0023781980754889716
0.4086322558669781,0.00237880327487935
0.4095287078745412,0.00239304913903704
0.4104251598821044,0.002425255575068285
0.4113216118896675,0.00247918286056127
0.4122180638972306,0.0025567578608392846
0.4131145159047937,0.0026560028085322223
0.41401096791235675,0.002767414852926343
0.41490741991992,0.002868662294452629
0.41580387192748314,0.0029196498148220864
0.4167003239350461,0.002867277624536324
0.4175967759426094,0.002679254395839721
0.4184932279501724,0.00239675896838707
0.4193896799577356,0.00212875251885751
0.4202861319652986,0.0019705508834883586
0.4211825839728618,0.0019499242506132873
0.42207903598042495,0.0020354205898771354
0.4229754879879881,0.0021736166865311225
0.42387193999555123,0.0023185266460031464
0.4247683920031142,0.0024416400915358983
0.42566484401067733,0.0025302216952519533
0.4265612960182404,0.0025822566996297758
0.42745774802580355,0.0026018376045946513
0.4283542000333668,0.0025958583604697577
0.42925065204092994,0.002571890457206003
0.430147104048493,0.0025369196149482133
0.43104355605605604,0.002496676590748713
0.43194000806361926,0.002455488113425794
0.4328364600711823,0.0024162311850344496
0.4337329120787454,0.0023806857948517304
0.4346293640863086,0.002349748980509517
0.43552581609387175,0.0023236190522256256
0.43642226810143486,0.002301891920957181
0.4373187201089978,0.002283690696982094
0.43821517211656097,0.0022680387567125776
0.4391116241241242,0.0022542091515485104
0.4400080761316872,0.002241992064944765
0.4409045281392504,0.002231896622703084
0.44180098014681346,0.002225258328275942
0.4426974321543766,0.0022242530372129643
0.4435938841619398,0.0022318044266949662
0.4444903361695028,0.002251339157737951
0.445386788177066,0.0022862319964106663
0.44628324018462917,0.0023388775403922913
0.4471796921921922,0.0024091655629619136
0.44807614419975533,0.002491995831848945
0.44897259620731844,0.0025733928197745125
0.44986904821488155,0.0026263099308920014
0.45076550022244455,0.0026112862928789255
0.4516619522300078,0.0024951943458647
0.45255840423757093,0.002292815407824956
0.45345485624513415,0.0020801114606477235
0.45435130825269715,0.0019321363226023507
0.45524776026026026,0.0018816236704035456
0.45614421226782337,0.001921560721986981
0.4570406642753866,0.0020183810689514566
0.4579371162829497,0.0021336954734301624
0.45883356829051264,0.0022388360887554658
0.4597300202980758,0.002318193807647814
0.46062647230563913,0.0023667620022301385
0.4615229243132021,0.002386501994532893
0.4624193763207653,0.002383133931068747
0.4633158283283284,0.0023636364384351117
0.46421228033589146,0.002334624771476547
0.4651087323434547,0.0023015934936037132
0.4660051843510178,0.002268658627308978
0.46690163635858084,0.00223851887467885
0.467798088366144,0.0022125639296401516
0.46869454037370717,0.002191130255036691
0.4695909923812701,0.0021737397344947194
0.4704874443888334,0.0021593943318229543
0.4713838963963964,0.0021468226736134992
0.4722803484039596,0.002134853206392287
0.47317680041152266,0.0021225958975143416
0.47407325241908566,0.002109769756276452
0.4749697044266489,0.0020969892103842726
0.47586615643421204,0.0020858545806865386
0.4767626084417752,0.002078735154285078
0.4776590604493382,0.0020784336766931136
0.4785555124569014,0.0020880300380642543
0.4794519644644644,0.002110614589623308
0.48034841647202764,0.002148624337494603
0.48124486847959086,0.00220268888323965
0.48214132048715386,0.002269764733387829
0.483037772494717,0.0023403865389354703
0.48393422450228013,0.0023954340871318136
0.4848306765098433,0.00240494330134971
0.4857271285174064,0.002337124468075676
0.4866235805249693,0.002188418767924371
0.4875200325325325,0.002014798548279889
0.4884164845400956,0.00188313903955336
0.4893129365476589,0.0018177222312895833
0.49020938855522195,0.0018220177640729802
0.49110584056278506,0.001881186288482968
0.4920022925703481,0.0019678600089423058
0.49289874457791133,0.002056201044587727
0.49379519658547444,0.002129206027761117
0.4946916485930375,0.0021791149076541396
0.4955881006006007,0.0022049887318133636
0.4964845526081638,0.002209912374081205
0.4973810046157268,0.0021988517589059853
0.4982774566232899,0.002177149978856741
0.4991739086308532,0.002149637844293062
0.5000703606384163,0.002120222801002552
0.5009668126459793,0.002091782536811494
0.5018632646535425,0.0020662501420235075
0.5027597166611054,0.0020448331143693103
0.5036561686686687,0.002027993540278401
0.5045526206762317,0.002015372916559686
0.505449072683795,0.0020059956163899794
0.5063455246913582,0.001998658351539408
0.5072419766989211,0.0019922388418884265
0.5081384287064842,0.001985924351738779
0.5090348807140475,0.0019794075579839115
0.5099313327216106,0.001973020493200093
0.5108277847291737,0.0019678060084782974
0.5117242367367368,0.0019655145718153436
0.5126206887442999,0.001968506011016532
0.5135171407518629,0.0019795026323202163
0.5144135927594261,0.00200113579657226
0.515310044766989,0.002035169266140005
0.5162064967745525,0.0020812263639805304
0.5171029487821155,0.0021345152905449228
0.5179994007896787,0.002182837649791662
0.5188958527972419,0.0022045219180918166
0.5197923048048048,0.002171537012122551
0.5206887568123679,0.0020672496868269856
0.5215852088199311,0.0019258964572704818
0.5224816608274943,0.0018193677452478614
0.5233781128350573,0.001764352545052468
0.5242745648426205,0.0017558185923514035
0.5251710168501835,0.0017906643634041765
0.5260674688577467,0.0018532825792168253
0.5269639208653099,0.0019228810350427564
0.527860372872873,0.001982996626073901
0.528756824880436,0.002024739626846767
0.5296532768879993,0.0020460229025580793
0.5305497288955624,0.002049296293135664
0.5314461809031253,0.002039076487417752
0.5323426329106886,0.002020273378480243
0.5332390849182517,0.001997368356609298
0.5341355369258147,0.001973971116748854
0.5350319889333778,0.0019526566393698506
0.5359284409409409,0.0019349199283181485
0.5368248929485042,0.0019212994785647124
0.537721344956067,0.0019115069165689526
0.5386177969636303,0.0019046413416466189
0.5395142489711935,0.0018994367107588515
0.5404107009787564,0.0018945210727826798
0.5413071529863197,0.0018887312798941788
0.5422036049938829,0.0018813952198677493
0.5431000570014459,0.0018725926280758333
0.5439965090090091,0.0018632237133099695
0.5448929610165723,0.0018546893262569725
0.5457894130241353,0.0018486589176087728
0.5466858650316984,0.0018471671094714873
0.5475823170392615,0.0018525623517938877
0.5484787690468246,0.0018672038946153443
0.5493752210543879,0.0018928412829605163
0.5502716730619509,0.0019296022147727496
0.551168125069514,0.0019744518502634876
0.5520645770770772,0.0020191133811216623
0.5529610290846402,0.0020479512466432567
0.5538574810922033,0.002038061874854843
0.5547539330997665,0.0019667307235588147
0.5556503851073294,0.0018425411711169815
0.5565468371148926,0.0017409690790138824
0.5574432891224559,0.001696632964788703
0.5583397411300189,0.0016829640346242454
0.5592361931375821,0.0016991827045231991
0.5601326451451452,0.0017416986078568541
0.5610290971527083,0.0017966285775342272
0.5619255491602714,0.00184931930616234
0.5628220011678345,0.0018899381811953015
0.5637184531753976,0.0019143168876337208
0.5646149051829608,0.0019226113833334837
0.5655113571905239,0.0019175180501728253
0.5664078091980871,0.0019028575244068203
0.5673042612056503,0.0018825288193695868
0.5682007132132132,0.001859910975821357
0.5690971652207764,0.0018377575463300318
0.5699936172283395,0.0018181168423544896
0.5708900692359025,0.0018025304206316516
0.5717865212434659,0.0017917356907680804
0.572682973251029,0.001785460938774296
0.5735794252585918,0.0017827071068080604
0.5744758772661551,0.001782126372865184
0.5753723292737182,0.0017823035403418048
0.5762687812812813,0.0017820026836529337
0.5771652332888445,0.0017803751848621198
0.5780616852964076,0.001777061587558298
0.5789581373039707,0.0017722754609889044
0.5798545893115337,0.0017668509411607363
0.5807510413190969,0.0017622404427023123
0.58164749332666,0.0017604456570524186
0.5825439453342233,0.0017638313825942829
0.5834403973417862,0.0017748671297267626
0.5843368493493495,0.0017954287676941068
0.5852333013569124,0.0018253067447443843
0.5861297533644756,0.0018601321905581663
0.5870262053720388,0.001889553913198175
0.5879226573796018,0.001896183432561497
0.588819109387165,0.0018574620963983661
0.5897155613947281,0.0017604298385743532
0.5906120134022912,0.0016581525898584665
0.5915084654098544,0.001630593938624019
0.5924049174174175,0.0016314361739357068
0.5933013694249806,0.0016426230892036414
0.5941978214325438,0.0016705391688090817
0.5950942734401069,0.0017095605387406447
0.59599072544767,0.0017485701320899272
0.5968871774552332,0.0017786058404107622
0.5977836294627963,0.001795563602755612
0.5986800814703594,0.001799548075963418
0.5995765334779225,0.001792979546755097
0.6004729854854856,0.0017792381982906541
0.6013694374930486,0.0017618429441213588
0.6022658895006119,0.0017438796013880232
0.6031623415081749,0.0017276969820584351
0.6040587935157381,0.0017147855282399654
0.6049552455233013,0.0017057727351401186
0.6058516975308641,0.0017005454737781293
0.6067481495384273,0.0016983763083285232
0.6076446015459905,0.001698133137273693
0.6085410535535536,0.0016984923818759766
0.6094375055611169,0.0016981766816059002
0.6103339575686799,0.0016962238933214704
0.6112304095762431,0.001692369783915636
0.6121268615838061,0.0016869979607166815
0.6130233135913691,0.0016806981105732758
0.6139197655989325,0.001674225116745007
0.6148162176064954,0.0016687225577612962
0.6157126696140585,0.0016657769901943609
0.6166091216216216,0.0016673074025492513
0.6175055736291849,0.0016752602915072038
0.6184020256367478,0.0016910717755628034
0.6192984776443111,0.0017148077732192205
0.6201949296518742,0.00174392158332962
0.6210913816594372,0.0017716356568840083
0.6219878336670005,0.0017855467514637986
0.6228842856745638,0.0017669378971675433
0.6237807376821265,0.0016942667000313684
0.6246771896896895,0.0015794314895952268
0.6255736416972528,0.0015396646984175534
0.626470093704816,0.0015588633883334287
0.627366545712379,0.0015724268227916935
0.6282629977199423,0.0015920885042307413
0.6291594497275053,0.0016218093884925473
0.6300559017350684,0.0016548993485912212
0.6309523537426315,0.0016832594420105502
0.6318488057501945,0.0017016538118413422
0.6327452577577578,0.0017083994968909628
0.633641709765321,0.0017044829964586344
0.6345381617728841,0.001692413482813948
0.6354346137804472,0.0016752388647220066
0.6363310657880102,0.0016558762463240479
0.6372275177955733,0.00163687612481006
0.6381239698031366,0.001620424547484706
0.6390204218106996,0.0016082778145808743
0.6399168738182627,0.0016012540466311873
0.640813325825826,0.0015990722096017303
0.641709777833389,0.001600777402093985
0.6426062298409522,0.0016050372479204395
0.6435026818485151,0.0016103914143794148
0.6443991338560784,0.001615449986716546
0.6452955858636414,0.0016190186996248466
0.6461920378712045,0.0016201924062641886
0.6470884898787678,0.0016184926100457375
0.6479849418863308,0.0016139944662546767
0.648881393893894,0.0016073787410302834
0.649777845901457,0.00159992778478783
0.6506742979090202,0.0015935358749684092
0.6515707499165833,0.0015907003583098991
0.6524672019241464,0.0015941660538864545
0.6533636539317097,0.0016057482709079518
0.6542601059392726,0.0016249991479155694
0.6551565579468358,0.0016481754102201738
0.6560530099543989,0.0016669511499323906
0.6569494619619621,0.0016672022320175562
0.657845913969525,0.001627845035038484
0.6587423659770884,0.0015284181786443603
0.6596388179846514,0.0014539885009314476
0.6605352699922143,0.0014983974258459822
0.6614317219997776,0.0015292157017893278
0.6623281740073406,0.0015465057770333514
0.6632246260149038,0.00156600357744848
0.6641210780224669,0.001587098336490226
0.66501753003003,0.0016044360221442865
0.6659139820375932,0.0016141580832238417
0.6668104340451563,0.001615181398101427
0.6677068860527196,0.0016084087237826228
0.6686033380602826,0.0015959939229956434
0.6694997900678457,0.0015806333723599928
0.6703962420754089,0.0015649393567930502
0.671292694082972,0.0015510526839179778
0.6721891460905349,0.0015404138679888566
0.6730855980980981,0.0015337474949129431
0.6739820501056613,0.0015310365790975782
0.6748785021132243,0.001531699466256074
0.6757749541207877,0.0015346945688344245
0.6766714061283505,0.0015387093570050766
0.6775678581359138,0.0015424384843896247
0.6784643101434769,0.001544918556864001
0.6793607621510397,0.0015458416620267646
0.6802572141586032,0.0015452793018215843
0.6811536661661661,0.0015431588944572743
0.6820501181737293,0.00153943806089367
0.6829465701812925,0.0015344359954220785
0.6838430221888557,0.0015289825778564187
0.6847394741964186,0.0015244153910895107
0.6856359262039817,0.0015224056202182079
0.686532378211545,0.001524677153906557
0.6874288302191081,0.0015325579767991116
0.6883252822266711,0.0015462777374251977
0.6892217342342343,0.001563968171928527
0.6901181862417973,0.0015805300193990656
0.6910146382493605,0.001586277448200304
0.6919110902569238,0.0015651811059345785
0.6928075422644868,0.001490515383374998
0.69370399427205,0.0013674679722161366
0.6946004462796127,0.0014019808461893173
0.6954968982871761,0.0014633867409252917
0.6963933502947393,0.0014873437658161814
0.6972898023023023,0.001505348373688147
0.6981862543098655,0.0015242444621200776
0.6990827063174287,0.0015410802727098968
0.6999791583249916,0.00155180219633753
0.7008756103325549,0.0015542092659287722
0.7017720623401179,0.00154830947650298
0.7026685143476811,0.001535648701682366
0.7035649663552441,0.0015186080691831888
0.7044614183628073,0.001499715994659116
0.7053578703703703,0.0014813527243541435
0.7062543223779335,0.0014658711386382336
0.7071507743854966,0.0014551886579532505
0.7080472263930596,0.0014501087189810987
0.708943678400623,0.0014503751057316668
0.7098401304081859,0.0014550547400686462
0.7107365824157491,0.0014628524796195586
0.7116330344233123,0.0014722849807829287
0.7125294864308753,0.0014818287895963763
0.7134259384384384,0.0014900710975288343
0.7143223904460017,0.0014958247336121922
0.7152188424535647,0.0014982340139826297
0.7161152944611278,0.0014968635298335728
0.7170117464686907,0.0014917533398459406
0.7179081984762541,0.001483474718059277
0.7188046504838171,0.0014732926749752213
0.7197011024913802,0.001463407710683531
0.7205975544989434,0.001456683733597856
0.7214940065065065,0.0014555167672668631
0.7223904585140696,0.0014611532807941607
0.7232869105216327,0.0014732614322253987
0.7241833625291958,0.0014890862022889336
0.7250798145367591,0.0015023116523132738
0.725976266544322,0.0015013892904030448
0.7268727185518853,0.0014641960031736801
0.7277691705594483,0.001347298524312096
0.7286656225670113,0.0013050525853884093
0.7295620745745747,0.001417277931016417
0.7304585265821377,0.001456420243070627
0.7313549785897009,0.0014719974828247217
0.7322514305972639,0.0014825728042404784
0.733147882604827,0.0014897306400417916
0.7340443346123903,0.001491979236837556
0.7349407866199533,0.0014883156716218552
0.7358372386275165,0.0014789226057509823
0.7367336906350798,0.0014651855996972386
0.7376301426426428,0.001449220004200787
0.7385265946502058,0.0014332840111144106
0.7394230466577689,0.0014193476377333805
0.7403194986653321,0.0014088317312063157
0.7412159506728951,0.0014025098587349205
0.7421124026804583,0.00140049773974102
0.7430088546880215,0.0014023360635697188
0.7439053066955846,0.0014070668655559136
0.7448017587031476,0.0014134845339965883
0.7456982107107106,0.0014203148569508102
0.746594662718274,0.0014266318574039682
0.7474911147258371,0.001432154305863627
0.7483875667334002,0.0014366036060323624
0.7492840187409635,0.0014393567822047783
0.7501804707485263,0.0014398652054414048
0.7510769227560895,0.0014379265215078427
0.7519733747636526,0.0014337955289527627
0.7528698267712158,0.0014281879745571913
0.7537662787787788,0.0014222100596964751
0.754662730786342,0.0014172755480775226
0.755559182793905,0.0014149436256123912
0.7564556348014683,0.0014165400946563264
0.7573520868090311,0.001422589986345715
0.7582485388165945,0.001432088758266497
0.7591449908241575,0.001441569820193348
0.7600414428317206,0.0014440616257262113
0.7609378948392836,0.0014258395450411064
0.7618343468468468,0.0013486452151503581
0.7627307988544102,0.001188794398822824
0.7636272508619731,0.001335392282479348
0.7645237028695363,0.0014097577349997954
0.7654201548770994,0.001433773775691722
0.7663166068846623,0.0014474471540769115
0.7672130588922256,0.0014567161327428794
0.7681095108997887,0.0014606207423541006
0.7690059629073517,0.0014577660153667277
0.7699024149149151,0.001448011148136144
0.7707988669224781,0.001432496702578279
0.7716953189300413,0.0014131713910435742
0.7725917709376043,0.001392338071507139
0.7734882229451674,0.0013723714398352915
0.7743846749527304,0.0013558085677261775
0.7752811269602937,0.0013446792306510433
0.7761775789678569,0.0013397440341039776
0.7770740309754199,0.0013407545153168018
0.7779704829829831,0.0013468818168505664
0.778866934990546,0.0013569000196661408
0.7797633869981095,0.0013693510431216974
0.7806598390056724,0.0013826781706862761
0.7815562910132358,0.0013953344340006738
0.7824527430207986,0.0014059089486217786
0.7833491950283618,0.0014132180463976244
0.7842456470359249,0.0014163897747853044
0.7851420990434879,0.0014149552982011925
0.786038551051051,0.0014089793769121465
0.7869350030586141,0.0013992869641911193
0.7878314550661774,0.001387780422530374
0.7887279070737406,0.0013770070792035146
0.7896243590813034,0.0013690886705821548
0.7905208110888665,0.001365643893282437
0.7914172630964299,0.0013677796617754497
0.7923137151039928,0.0013756200365322884
0.7932101671115559,0.001387521019749676
0.7941066191191192,0.001399010379391525
0.7950030711266822,0.0014008439182739876
0.7958995231342456,0.0013690572007285088
0.7967959751418087,0.0012079243086341486
0.7976924271493717,0.0012419703938417817
0.7985888791569349,0.0013907268411818246
0.7994853311644979,0.0014233225563238942
0.800381783172061,0.0014334151201558286
0.8012782351796242,0.001435564586002228
0.8021746871871872,0.0014322717783791692
0.8030711391947505,0.0014237125169404277
0.8039675912023135,0.0014102257953916906
0.8048640432098766,0.0013930165155524438
0.8057604952174398,0.001373982289874509
0.8066569472250029,0.0013552376154584494
0.8075533992325659,0.001338703401871019
0.8084498512401292,0.001325851085767116
0.8093463032476921,0.0013175347807095842
0.8102427552552554,0.0013140376010358445
0.8111392072628185,0.0013150027385996296
0.8120356592703813,0.0013196637612258263
0.8129321112779448,0.001326873305656729
0.8138285632855078,0.0013354823659833212
0.8147250152930707,0.0013447653185204547
0.8156214673006341,0.0013545105103380914
0.8165179193081968,0.001364142199166914
0.8174143713157602,0.0013726198299171988
0.8183108233233233,0.001378978530404376
0.8192072753308866,0.0013825473793421697
0.8201037273384496,0.001383045208938558
0.8210001793460128,0.0013806228827713224
0.8218966313535757,0.0013758724223129567
0.8227930833611389,0.0013697991598475205
0.8236895353687025,0.0013637374278529524
0.8245859873762652,0.0013591604365689347
0.8254824393838281,0.0013573769892822555
0.8263788913913914,0.0013591906255741688
0.8272753433989546,0.0013644911080838507
0.8281717954065176,0.0013717295749090769
0.8290682474140809,0.0013769150147230735
0.8299646994216441,0.0013677974789843988
0.8308611514292069,0.0012903464158833381
0.8317576034367699,0.0010467424507667334
0.8326540554443332,0.001358921372491175
0.8335505074518964,0.0014179588064718522
0.8344469594594595,0.0014368618537998785
0.8353434114670226,0.0014441154361760121
0.8362398634745858,0.0014433959695222007
0.8371363154821488,0.0014350557788693607
0.838032767489712,0.0014196233067825634
0.8389292194972752,0.0013984490998796147
0.8398256715048382,0.0013734971487871545
0.8407221235124014,0.0013471357688027547
0.8416185755199644,0.0013219707138401352
0.8425150275275275,0.0013008842981997338
0.8434114795350905,0.0012859905457234583
0.8443079315426539,0.0012780296526040344
0.8452043835502169,0.0012768592837124324
0.8461008355577803,0.001281776595486141
0.8469972875653431,0.0012916770583220496
0.8478937395729063,0.0013051870379862805
0.8487901915804693,0.001320774056308714
0.8496866435880324,0.0013368651259522183
0.8505830955955956,0.001351942391076596
0.8514795476031588,0.0013646167358275015
0.852375999610722,0.0013737474294691575
0.853272451618285,0.0013785055757647691
0.8541689036258482,0.0013785371660186582
0.8550653556334111,0.0013742863100984313
0.8559618076409742,0.0013673745443247716
0.8568582596485377,0.0013598171532159806
0.8577547116561006,0.0013531970934577812
0.8586511636636638,0.0013489919061227176
0.8595476156712268,0.0013486406710059217
0.8604440676787899,0.001353333926596531
0.8613405196863532,0.0013635327669854062
0.8622369716939164,0.0013783832481093982
0.8631334237014793,0.0013949356622820382
0.8640298757090423,0.001406038512348049
0.8649263277166055,0.0013877746708969784
0.8658227797241685,0.0011231095966290367
0.8667192317317316,0.0013512575562358723
0.8676156837392948,0.0014589656333429623
0.8685121357468583,0.0014784583666156848
0.8694085877544212,0.0014802347170077734
0.8703050397619843,0.0014725275774697534
0.8712014917695473,0.0014573204331887314
0.8720979437771104,0.0014359106322375042
0.8729943957846735,0.0014100735717667927
0.8738908477922369,0.001382072849422806
0.8747872997997999,0.001354301836813418
0.8756837518073629,0.0013289199346175245
0.876580203814926,0.0013076363684372196
0.8774766558224892,0.0012915522258840745
0.8783731078300522,0.0012811326552200492
0.8792695598376155,0.0012762699001394725
0.8801660118451786,0.0012763083702558014
0.8810624638527416,0.001280278752848189
0.881958915860305,0.0012872033548295327
0.8828553678678678,0.0012966559564756702
0.883751819875431,0.00130853531823502
0.8846482718829941,0.0013219526416473717
0.8855447238905572,0.001335623273355417
0.8864411758981204,0.001348342028167499
0.8873376279056836,0.0013591599469931109
0.8882340799132465,0.0013674800866450513
0.8891305319208096,0.0013731014049936177
0.8900269839283731,0.0013762451808495592
0.890923435935936,0.0013775596249326696
0.8918198879434991,0.0013780842212064318
0.8927163399510623,0.001379187067736729
0.8936127919586253,0.0013824208235619158
0.8945092439661885,0.0013893394855609296
0.8954056959737517,0.00140130150681101
0.8963021479813148,0.0014194512713237857
0.8971985999888779,0.0014436979916295585
0.8980950519964407,0.0014705370582457438
0.8989915040040041,0.0014882316460044364
0.8998879560115673,0.0014345283418410438
0.9007844080191302,0.0012072449311753427
0.9016808600266933,0.0015640852720020914
0.9025773120342567,0.0015936237694173453
0.9034737640418197,0.0015961855324085423
0.9043702160493828,0.0015836692033696545
0.9052666680569457,0.0015593222806416594
0.9061631200645089,0.0015256716123349693
0.9070595720720723,0.0014854621675319652
0.9079560240796352,0.0014416008431845937
0.9088524760871982,0.0013970615925722554
0.9097489280947616,0.0013550697666870673
0.9106453801023248,0.0013189686005693404
0.9115418321098877,0.0012908282583070758
0.912438284117451,0.0012712735969665626
0.9133347361250139,0.001260180294408828
0.914231188132577,0.0012568617277724915
0.91512764014014,0.0012602671597535676
0.9160240921477032,0.0012690615778834086
0.9169205441552664,0.001281744375576749
0.9178169961628295,0.0012967261691493555
0.9187134481703926,0.0013124527420612592
0.919609900177956,0.001327460089690308
0.920506352185519,0.0013404498874463949
0.9214028041930821,0.0013503821732323163
0.9222992562006451,0.001356677596052361
0.9231957082082084,0.0013597275572003198
0.9240921602157713,0.0013611944677749419
0.9249886122233344,0.0013627580022811
0.9258850642308976,0.001365770400357346
0.9267815162384608,0.0013718819286791279
0.9276779682460239,0.0013832685881134863
0.928574420253587,0.0014026167588550794
0.9294708722611501,0.0014330073827329463
0.9303673242687129,0.001477619591278082
0.9312637762762762,0.00153926988624284
0.9321602282838396,0.0016191067086592644
0.9330566802914025,0.0017133746056964161
0.9339531322989655,0.0017986171019908845
0.9348495843065289,0.0013470094057244735
0.935746036314092,0.0019195906753074574
0.9366424883216549,0.00190919470913043
0.9375389403292184,0.001857105603008032
0.9384353923367811,0.0017920828777625917
0.9393318443443439,0.0017222763455860652
0.9402282963519077,0.0016513650096230466
0.9411247483594707,0.0015818061422227447
0.9420212003670337,0.001515718412562939
0.9429176523745969,0.0014549962016028374
0.9438141043821602,0.0014012030018744081
0.9447105563897229,0.0013554677556026984
0.9456070083972864,0.0013184328174363875
0.9465034604048495,0.0012901684872421563
0.9473999124124123,0.0012702851614290888
0.9482963644199758,0.0012578835632318717
0.9491928164275387,0.0012518013739235203
0.9500892684351018,0.001250922852721133
0.9509857204426652,0.001254965450845932
0.951882172450228,0.001263508731099957
0.9527786244577914,0.0012751567760761046
0.9536750764653541,0.001288284326610007
0.9545715284729175,0.0013014587339970733
0.9554679804804804,0.0013135224466648285
0.9563644324880439,0.0013236244062015561
0.9572608844956069,0.0013312454728323518
0.95815733650317,0.001336223534120981
0.9590537885107331,0.0013387716663589
0.9599502405182961,0.001339479406028581
0.9608466925258593,0.0013392858903817741
0.961743144533422,0.0013394106746469996
0.9626395965409855,0.0013412701448943683
0.9635360485485486,0.0013465053303332165
0.9644325005561117,0.0013570177787182993
0.9653289525636748,0.0013734287521872692
0.9662254045712378,0.0013909234223587752
0.9671218565788011,0.0013965205000112371
0.9680183085863643,0.0013538667360551444
0.9689147605939276,0.0011660485435046185
NaN,NaN
NaN,NaN
NaN,NaN
NaN,NaN
NaN,NaN
NaN,NaN
NaN,NaN
NaN,NaN
NaN,NaN
NaN,NaN
NaN,NaN
NaN,NaN
NaN,NaN
NaN,NaN
NaN,NaN
NaN,NaN
NaN,NaN
NaN,NaN
NaN,NaN
NaN,NaN
NaN,NaN
NaN,NaN
NaN,NaN
NaN,NaN
NaN,NaN
NaN,NaN
NaN,NaN
NaN,NaN
NaN,NaN
NaN,NaN
NaN,NaN
NaN,NaN
NaN,NaN
NaN,NaN
NaN,NaN
NaN,NaN
NaN,NaN
NaN,NaN
NaN,NaN
