0.13880277777777777,0.0011653255572067437
0.1396995714560029,6.796058357994504E-4
0.14059522992715995,1.3668155808081606E-4
0.1414921764805743,-2.396482772619712E-4
0.1423884153232216,-4.7603073284520684E-4
0.14328478001876635,-6.072340811862205E-4
0.14418162251358183,-6.606103425747674E-4
0.1450773882151875,-6.568727837528798E-4
0.14597483242115014,-6.112525273893974E-4
0.1468700091010103,-5.378907348451154E-4
0.14776806353391975,-4.4653019402610426E-4
0.14866264243363586,-3.473914218890161E-4
0.14956126495480204,-2.4671009585915474E-4
0.1504553070813324,-1.5152702893610876E-4
0.15135449225655634,-6.540430711446201E-5
0.15224798436182,7.405836593905811E-6
0.1531476588947467,6.54065386504838E-5
0.15404070570096548,1.0672188128941988E-4
0.15494080533879978,1.3135815958522986E-4
0.15583348197769267,1.393426190619352E-4
0.15673400121754003,1.317341706935335E-4
0.1576261561614727,1.1002547795677383E-4
0.15852679118298654,7.59576750562827E-5
0.15941936312212918,3.209568011505977E-5
0.16032034731866257,-1.9280563449636278E-5
0.16121112306281093,-7.471681352735061E-5
0.16211242100137227,-1.3173792640686777E-4
0.16300610627050566,-1.8620442669212668E-4
0.16390405104760547,-2.3504427705286108E-4
0.1647997446302856,-2.7393106860842313E-4
0.16569653879010776,-2.9919942860449244E-4
0.16659280426007606,-3.0632854084314753E-4
0.16748930740513246,-2.9126846745054346E-4
0.16838570929560912,-2.486890317885817E-4
0.16928214837656458,-1.7375925236308502E-4
0.17017857704524644,-5.904715260331993E-5
0.17107500708449988,1.051451160825025E-4
0.17197144055898755,3.3813302804879973E-4
0.17286787295230469,6.313736503120723E-4
0.1737643091929732,7.18754716547221E-4
0.1746607462480669,4.753498654823376E-4
0.17555718662796685,1.748097555831973E-4
0.17645362906686793,-6.719377899732994E-5
0.17735007447705115,-2.33277040299119E-4
0.17824652272828065,-3.311900032315674E-4
0.17914297412073682,-3.732019861294216E-4
0.1800394286166824,-3.71305425319E-4
0.18093588613718162,-3.370046803363502E-4
0.18183234649552044,-2.804421676465082E-4
0.18272881002298866,-2.1009025904628558E-4
0.18362527606716939,-1.3372340191167775E-4
0.18452174462195148,-5.723023769051893E-5
0.18541821560433988,1.4192206713644007E-5
0.18631468860821326,7.687746876800785E-5
0.18721116328714563,1.2801284874550426E-4
0.1881076393606348,1.6577574358233604E-4
0.1890041160761294,1.8935036405449648E-4
0.1899005927308281,1.983646274929829E-4
0.19079706917288675,1.9354661976376766E-4
0.19169354472498104,1.7561760434918223E-4
0.1925900185853035,1.4643922923531085E-4
0.19348649002750154,1.0756964322521639E-4
0.19438295842608935,6.166120719623771E-5
0.19527942253591835,1.092919968114492E-5
0.19617588114081375,-4.1419042662432565E-5
0.19707233406028735,-9.258899126281267E-5
0.1979687806423578,-1.3898136827721646E-4
0.19886522183540015,-1.7727645067748245E-4
0.19976165847108152,-2.0382725797450955E-4
0.20065809140985932,-2.1480742000932828E-4
0.20155452141548288,-2.0617399326165517E-4
0.20245094922283363,-1.744497351781017E-4
0.20334737554067753,-1.1512646001332205E-4
0.20424380105321754,-2.4637403683055545E-5
0.2051402263334258,1.0140411450826873E-4
0.2060366520676251,2.640047345102893E-4
0.2069330786484212,4.425985232014053E-4
0.2078295067353517,5.446499505980885E-4
0.208725936649225,4.7160824128592417E-4
0.20962236875341742,2.8091338554434904E-4
0.21051880359959868,7.760618332821937E-5
0.2114152413833239,-8.757382880045852E-5
0.21231168232394657,-2.0152441454658197E-4
0.21320812662778071,-2.661683865414223E-4
0.21410457444423636,-2.887026561031168E-4
0.21500102584982358,-2.777232473574453E-4
0.2158974808852561,-2.4179767089158548E-4
0.21679393966770394,-1.8899617286867397E-4
0.21769040215560337,-1.2651112936174034E-4
0.21858686804119512,-6.048715272092461E-5
0.21948333713498508,3.905266063751398E-6
0.22037980924009418,6.262323886279715E-5
0.22127628406506028,1.1253058224421666E-4
0.22217276119289706,1.5150502394555704E-4
0.22306924012842722,1.7818815368465593E-4
0.22396572044449847,1.9204391461722875E-4
0.22486220201152873,1.9313937582919263E-4
0.22575868354566297,1.8215910300621758E-4
0.22665516465483287,1.6025594054903003E-4
0.22755164456671215,1.2902376665638933E-4
0.22844812231619566,9.04251077956712E-5
0.22934459691318687,4.6722653076378984E-5
0.23024106760290905,4.900733179357311E-7
0.23113753391327888,-4.549650886988453E-5
0.23203399344108225,-8.819088501923033E-5
0.23293044606308774,-1.2443579030754423E-4
0.23382689130415218,-1.509128203635453E-4
0.23472333026442488,-1.6426168858682451E-4
0.23561976392964987,-1.609660969306779E-4
0.23651619323844614,-1.3783383003057126E-4
0.2374126191103901,-9.173121273655849E-5
0.23830904253711535,-2.012627269216177E-5
0.23920546426028835,7.823240833747E-5
0.24010188507599758,2.0075404292998109E-4
0.24099830572621794,3.3180902166824475E-4
0.24189472689658975,4.258204212917734E-4
0.24279114921508432,4.2177824150570436E-4
0.24368757326898235,3.1436344887602794E-4
0.24458399948387885,1.595266111108341E-4
0.2454804284169936,1.0337673370984832E-5
0.24637686048944724,-1.0694150556884747E-4
0.24727329601782386,-1.8467460128884355E-4
0.24816973527502956,-2.243082551326716E-4
0.24906617848678073,-2.312330857947741E-4
0.24996262584568144,-2.1219582017163022E-4
0.25085907750569564,-1.7422427055034575E-4
0.2517555333072721,-1.2396897465186151E-4
0.25265199348059614,-6.740083733996428E-5
0.2535484578230869,-9.647185196419782E-6
0.254444926137817,4.50696229087219E-5
0.25534139818721996,9.34331822262788E-5
0.2562378736715234,1.3300383997785526E-4
0.2571343522499142,1.6214744219169747E-4
0.2580308336214316,1.799751579603601E-4
0.2589273173809853,1.8624596621844366E-4
0.2598238024560804,1.8130570404955302E-4
0.26072028844663014,1.6599228215789558E-4
0.2616167745781219,1.415892373792185E-4
0.26251326001951386,1.0974525648762195E-4
0.26340974396835826,7.244246184373891E-5
0.26430622584471297,3.193726265419054E-5
0.2652027041511685,-9.260782319465098E-6
0.2660991773012468,-4.843550300278151E-5
0.26699564537270754,-8.26973105625239E-5
0.26789210574794253,-1.0904489304560885E-4
0.26878855801898544,-1.2441531739547701E-4
0.2696850019378366,-1.2573018179457744E-4
0.27058143844935917,-1.100996258806689E-4
0.27147786902496707,-7.499635544741094E-5
0.27237429475145614,-1.857685774271324E-5
0.2732707164972304,5.947540583137032E-5
0.274167135494694,1.5612222129676796E-4
0.27506355260571763,2.602004795059011E-4
0.2759599687375943,3.4487316525177433E-4
0.27685638474500546,3.7081716227461276E-4
0.277752801389877,3.1784782861761604E-4
0.27864921941859755,2.0796190136520141E-4
0.2795456394660326,8.165991880373295E-5
0.28044206210040606,-3.0707914302626254E-5
0.2813384878561425,-1.1451782304242259E-4
0.2822349172186022,-1.6590184270227497E-4
0.28313135058498556,-1.867985373713117E-4
0.28402778829560066,-1.8188354366498297E-4
0.28492423056135113,-1.5691328750411332E-4
0.2858206775123382,-1.1782506916471915E-4
0.2867171292064902,-7.022432912081724E-5
0.2876135858394992,-1.9106923730881377E-5
0.2885100473582004,3.127785954626159E-5
0.28940651361824693,7.748592321460242E-5
0.2903029844340823,1.1687459555231465E-4
0.291199459594371,1.4757055400737508E-4
0.29209593878837997,1.684105878690607E-4
0.29299242132437353,1.788756298904908E-4
0.29388890668049183,1.7901772815645664E-4
0.2947853945902674,1.6939044696653906E-4
0.2956818842087627,1.5098459603764462E-4
0.2965783748392082,1.251685040926897E-4
0.2974748658391456,9.36388662940511E-5
0.29837135621247424,5.837470850032044E-5
0.29926784434549847,2.1602972883249477E-5
0.3001643295616018,-1.424102122109328E-5
0.30106081147703173,-4.6549221045509436E-5
0.3019572872288361,-7.259553267659442E-5
0.3028537566384206,-8.95931947118837E-5
0.30375021817589887,-9.476944683114363E-5
0.3046466698952848,-8.550726836701571E-5
0.30554311233468134,-5.957566540501976E-5
0.30643954660644634,-1.5449454954877107E-5
0.3073359738925984,4.700358831259309E-5
0.30823239593990437,1.251816137803114E-4
0.3091288135472807,2.110185316532428E-4
0.31002522810882743,2.86984577603546E-4
0.31092164055460664,3.263506988257362E-4
0.31181805204284835,3.077915959149991E-4
0.3127144633960798,2.3493717951142277E-4
0.3136108755277234,1.3348057125963422E-4
0.3145072892712543,3.134766544181309E-5
0.3154037053521653,-5.316867906052735E-5
0.31630012442216493,-1.1188278606303322E-4
0.3171965470651758,-1.4342142406354515E-4
0.3180929737890007,-1.502441707916161E-4
0.31898940501591533,-1.3669158677772792E-4
0.31988584111682006,-1.0783195229980526E-4
0.32078228241607126,-6.877549668793113E-5
0.3216787290243129,-2.4276902527214594E-5
0.3225751810720171,2.1484184955392598E-5
0.32347163861956757,6.501271084977475E-5
0.32436810162961055,1.0353512157484687E-4
0.3252645699481689,1.349915376837932E-4
0.3261610433063042,1.5799748669794247E-4
0.32705752135359695,1.7179054640160618E-4
0.3279540037342118,1.7616721273832595E-4
0.3288504901217234,1.7141989975619194E-4
0.3297469798957069,1.582749758565765E-4
0.3306434724771463,1.378372700475569E-4
0.33153996698747057,1.1153925746389649E-4
0.33243646228691026,8.109780128380397E-5
0.3333329575132216,4.8475479388928936E-5
0.3342294521400419,1.5844862529797296E-5
0.3351259450176577,-1.4449367828519715E-5
0.3360224338695454,-3.993685952692425E-5
0.33691891894466774,-5.808065412665242E-5
0.3378153977115004,-6.635302828300835E-5
0.33871186864951597,-6.235751947381187E-5
0.3396083303228157,-4.403585558847898E-5
0.34050478184603467,-9.975486707123594E-6
0.34140122251237304,4.004474373441703E-5
0.342297654441561,1.040584486798414E-4
0.34319407852990264,1.7616971365449084E-4
0.3440904968352278,2.441586604051945E-4
0.34498691023472267,2.889968009257491E-4
0.34588332027927704,2.918768896517176E-4
0.3467797281655421,2.4770807610462046E-4
0.3476761349764695,1.7009319981279049E-4
0.34857254168039453,8.127072224569081E-5
0.349468949317417,1.4577679319558958E-7
0.3503653587960085,-6.216040952599469E-5
0.3512617709245615,-1.013684650955039E-4
0.35215818642517216,-1.1773402913500479E-4
0.35305460593629145,-1.1409015224922157E-4
0.35395103001500255,-9.452477436118565E-5
0.35484745918091265,-6.354738265572347E-5
0.3557438938069751,-2.5577864662400923E-5
0.3566403341688598,1.5353984337176053E-5
0.3575367804696314,5.577319618257322E-5
0.3584332328248628,9.283652665188245E-5
0.35932969125400516,1.2435167839320812E-4
0.36022615568136485,1.4875993617779443E-4
0.36112262595629857,1.6509618676447787E-4
0.36201910190183806,1.72936677232374E-4
0.36291558331235535,1.7234196473690477E-4
0.36381206949111544,1.6379996353284E-4
0.36470855991201373,1.4817250221442244E-4
0.36560505385158665,1.2664652520132889E-4
0.3665015505582607,1.0069120537538863E-4
0.3673980493758532,7.201973435522614E-5
0.3682945498188552,4.255460163127881E-5
0.36919104992418184,1.4391767712883213E-5
0.370087548627121,-1.0240905657674343E-5
0.3709840458457157,-2.9037393761026233E-5
0.3718805387589204,-3.968428728451789E-5
0.37277702635313603,-3.9967781787993E-5
0.37367350740725874,-2.794813498213699E-5
0.3745699806840749,-2.2320526828388467E-6
0.37546644304727883,3.758603497272122E-5
0.3763628936020298,9.016860456146622E-5
0.3772593326072653,1.5121740583752828E-4
0.37815576204494844,2.1187255230866383E-4
0.3790521828908697,2.5805697889979217E-4
0.37994859743953213,2.740282245725713E-4
0.3808450065995987,2.5120660583352275E-4
0.381741412145573,1.9483813045609237E-4
0.38263781540112224,1.2067455204490633E-4
0.38353421751615185,4.5947144211687696E-5
0.38443061960032915,-1.6800548144150406E-5
0.38532702276509645,-6.1005974483948616E-5
0.3862234280035129,-8.487329190742172E-5
0.38711983620636714,-8.969814946780449E-5
0.38801624817262753,-7.850698074532285E-5
0.38891266460513463,-5.5117697466118044E-5
0.38980908611277176,-2.3530580729548268E-5
0.3907055132241696,1.244889951295989E-5
0.39160194635044115,4.943060621245511E-5
0.3924983858046129,8.455659205612367E-5
0.39339483180479445,1.1554926260671707E-4
0.3942912844793857,1.4071507697795553E-4
0.3951877438825897,1.5892003129348468E-4
0.39608421002699373,1.6954884702325578E-4
0.3969806826194154,1.724558056958484E-4
0.39787716124328854,1.6791330374804617E-4
0.3987736455718569,1.565616789510133E-4
0.39967013509884236,1.393627260437213E-4
0.40056662929218545,1.1755768489350558E-4
0.40146312769952885,9.262976235453982E-5
0.40235962937445435,6.626992011807677E-5
0.40325613273762817,4.03429542482776E-5
0.4041526373232822,1.684958961912139E-5
0.4050491425684248,-2.120739540817224E-6
0.40594564573472364,-1.4453092832257386E-5
0.40684214644775973,-1.8099011747896127E-5
0.40773864352940425,-1.1221017382008145E-5
0.4086351348172191,7.578539929597113E-6
0.40953161797246584,3.8898000399605505E-5
0.41042809219977694,8.19529075099771E-5
0.41132455549566904,1.3367088420086567E-4
0.4122210054187335,1.8751467524218078E-4
0.4131174425791771,2.327760918110472E-4
0.4140138694502941,2.5640468243917847E-4
0.41491028721229195,2.4888400682179497E-4
0.4158066976571513,2.1037664943836324E-4
0.416703102608,1.5085211160075025E-4
0.41759950365045395,8.452193773537869E-5
0.4184959022099739,2.3936197266084512E-5
0.419392299606693,-2.2834985585727735E-5
0.42028869708072464,-5.22319688738819E-5
0.42118509579619073,-6.406332262719143E-5
0.4220814968319344,-6.0256492221117666E-5
0.4229779011662295,-4.387403885390205E-5
0.4238743096640788,-1.8429045410011715E-5
0.42477072306304936,1.2561246499646694E-5
0.42566714203495926,4.5850187030568634E-5
0.4265635671458406,7.8618558919076E-5
0.4274599988526898,1.0855206920030613E-4
0.42835643751575014,1.3386622862866814E-4
0.42925288338563694,1.532973406330737E-4
0.43014933653134374,1.6607283035431194E-4
0.43104579691648454,1.7187017582452868E-4
0.43194226445755335,1.7077105374293963E-4
0.43283873900543585,1.6321506912366683E-4
0.4337352202422675,1.499558480987479E-4
0.4346317078621903,1.3202084568053295E-4
0.4355282014055672,1.1067532612231538E-4
0.43642469966983594,8.7389702247884E-5
0.4373212019680812,6.380817560724393E-5
0.43821770798574716,4.1714898934198266E-5
0.43911421652108923,2.299301357194894E-5
0.4400107255773763,9.5701090989564E-6
0.4409072350340433,3.3403412281065157E-6
0.44180374343572926,6.045671960249736E-6
0.44270024831211024,1.9088251097065663E-5
0.4435967483589175,4.323811483395106E-5
0.4444932429007127,7.817515569607054E-5
0.44538972888302664,1.2179220919270156E-4
0.446286204110294,1.6927352059438613E-4
0.4471826678531827,2.1236525614238617E-4
0.4480791170975125,2.401965455010366E-4
0.44897555248828824,2.4331889204995232E-4
0.4498719766921867,2.1912091115983053E-4
0.4507683910346284,1.7323323061712177E-4
0.45166479762303835,1.1639391701252379E-4
0.45256119832275926,6.00049217006544E-5
0.4534575948224679,1.2798608190980876E-5
0.4543539886826086,-2.0300304405084448E-5
0.4552503813595193,-3.773520893841747E-5
0.45614677421222477,-4.033086762849325E-5
0.4570431684986284,-3.0345213336561956E-5
0.4579395653497473,-1.074296625062984E-5
0.4588359658286957,1.530653034476247E-5
0.4597323708706855,4.475375194034141E-5
0.4606287812903957,7.486484450844541E-5
0.46152519779738616,1.0332855365469831E-4
0.4624216209875044,1.2830322887006493E-4
0.4633180513341404,1.4842452145589686E-4
0.4642144891853962,1.6278826780882468E-4
0.4651109347730442,1.7091872490830734E-4
0.4660073882389691,1.727292930384726E-4
0.46690384966088766,1.6848080026637813E-4
0.4678003189634533,1.587404918359327E-4
0.4686967959798367,1.4434371594566417E-4
0.4695932800540636,1.2635893755980786E-4
0.4704897706676094,1.0605588664243204E-4
0.4713862674278956,8.487569749431537E-5
0.4722827700935736,6.440012398309912E-5
0.47317927694561546,4.6315833768578436E-5
0.4740757870791016,3.236798476642095E-5
0.47497230040699456,2.429565635517525E-5
0.4758688146503968,2.373528230994104E-5
0.47676532836058383,3.2070049451039193E-5
0.4776618405506461,5.0195872366445245E-5
0.4785583502636248,7.815990212569729E-5
0.47945485406642185,1.1461536504400693E-4
0.48035135097075543,1.5608092549194443E-4
0.481247839815322,1.9622049011476238E-4
0.48214431627249776,2.2599309048907784E-4
0.4830407802536256,2.3630105142077076E-4
0.48393722836511854,2.229982991544424E-4
0.4848336622539658,1.889952559286705E-4
0.4857300836529027,1.4190186044834834E-4
0.4866264946251975,9.119196309674298E-5
0.48752289734041143,4.542282911138709E-5
0.48841929376709986,1.0387988289818306E-5
0.4893156857242055,-1.1201187918448573E-5
0.4902120749045053,-1.9121708736190506E-5
0.49110846288384596,-1.4813718221512864E-5
0.49200485111349807,-6.54366113010405E-7
0.49290124090893916,2.0582529356322947E-5
0.49379763356973794,4.6093506508830315E-5
0.4946940302080323,7.327794021879202E-5
0.49559043181480594,9.987327441322618E-5
0.49648683926138254,1.240233378478114E-4
0.4973832532971988,1.4430191910217208E-4
0.498279674549222,1.5970750303122597E-4
0.49917610352822606,1.6964034902916417E-4
0.5000725406469736,1.7386980292734733E-4
0.5009689862190951,1.724973760812601E-4
0.5018654403535274,1.659192801638476E-4
0.5027619029317031,1.5479073729531193E-4
0.5036583737850786,1.399932309564457E-4
0.5045548527097763,1.2260483617347351E-4
0.505451339561406,1.0387270816006712E-4
0.5063478338787204,8.518554885521242E-5
0.5072443342841585,6.804276597208407E-5
0.5081408404823547,5.401539748749243E-5
0.50903735214441,4.46926708373085E-5
0.5099338670120676,4.16038534971946E-5
0.5108303843200672,4.6097401289793695E-5
0.5117269033234385,5.9154968485531E-5
0.5126234223337703,8.110570378195274E-5
0.5135199386890038,1.1119717444195166E-4
0.5144164519708144,1.4699779737404386E-4
0.5153129600100119,1.8372694017675082E-4
0.51620945960545,2.1398679302663936E-4
0.5171059508074073,2.29175860375964E-4
0.5180024289343949,2.2393261809207886E-4
0.5188988927516938,1.9964320827455372E-4
0.5197953398212943,1.618064289228543E-4
0.5206917716837468,1.1764909570977432E-4
0.5215881903209132,7.480360613853518E-5
0.5224845979172701,3.938489586415471E-5
0.5233809967352894,1.4985853142447265E-5
0.5242773888694053,2.7829588320623434E-6
0.5251737762674445,2.1481189316644914E-6
0.5260701607421089,1.1322005667606557E-5
0.5269665440042295,2.7967574271172233E-5
0.527862927597917,4.956917474896359E-5
0.5287593129871747,7.369726091285509E-5
0.5296557014981782,9.817100868897839E-5
0.5305520943211327,1.2114836705667077E-4
0.5314484925154007,1.4116659472381346E-4
0.5323448970130049,1.5715012653235184E-4
0.5332413086251654,1.6839767509443351E-4
0.5341377280551438,1.7455696028217892E-4
0.5350341558287163,1.7559311297271583E-4
0.5359305922957321,1.7175482199055622E-4
0.5368270377058957,1.6354084697848685E-4
0.5377234921929683,1.5166864791613476E-4
0.5386199558421844,1.3704578392731258E-4
0.5395164287192814,1.2074364232270409E-4
0.5404129101136143,1.0397202093575411E-4
0.5413093995196473,8.805186982891982E-5
0.5422058968709383,7.438264955834337E-5
0.5431024014670336,6.439880812421558E-5
0.54399891164682,5.950733380148356E-5
0.5448954270942737,6.0993479079815244E-5
0.5457919471137956,6.987500239241704E-5
0.5466884693738081,8.66786034873044E-5
0.54758499251589,1.1110353939913751E-4
0.548481516199373,1.4154300608891547E-4
0.5493780373222179,1.744947727364415E-4
0.5502745541562057,2.0409252549397894E-4
0.5511710661036954,2.2253500412082545E-4
0.5520675685420375,2.2327020599751865E-4
0.5529640613169599,2.0635529191147164E-4
0.5538605413341151,1.7661902801071084E-4
0.5547570051845183,1.3933004610337037E-4
0.5556534511404947,1.005817485537739E-4
0.5565498808209086,6.622606365952254E-5
0.5574462965241792,4.038781824683729E-5
0.5583427006497483,2.50350522164346E-5
0.5592390954994889,2.029868640535181E-5
0.5601354832761465,2.5038396847663854E-5
0.5610318661144541,3.738008419402223E-5
0.5619282460153845,5.5132999350539746E-5
0.5628246246313271,7.608030848242072E-5
0.5637210036577438,9.816552854772222E-5
0.5646173846537957,1.196021422086336E-4
0.5655137690305269,1.389293809836316E-4
0.5664101580602046,1.5503184039067797E-4
0.5673065528967162,1.6713564383816212E-4
0.5682029545355586,1.7479024701913144E-4
0.5690993638058403,1.7784233087827283E-4
0.5699957813927812,1.7640627557817252E-4
0.570892207854847,1.7083422361350632E-4
0.5717886436407329,1.6168759606438295E-4
0.5726850891387709,1.497109532713238E-4
0.5735815444135198,1.3580812397895892E-4
0.5744780092146359,1.2101954371841922E-4
0.5753744835102217,1.064985159351415E-4
0.5762709674225769,9.348349108894598E-5
0.5771674599414371,8.326237232445283E-5
0.5780639603122809,7.71219330145176E-5
0.5789604684765219,7.627340867528447E-5
0.5798569833645778,8.173889097556745E-5
0.5807535030984634,9.417689667756752E-5
0.581650027016574,1.136196258471783E-4
0.5825465545480081,1.390938493618164E-4
0.583443082490445,1.6812452790938235E-4
0.584339610153674,1.962211046195581E-4
0.5852361362022817,2.1671541541171035E-4
0.5861326568533688,2.2227759360383736E-4
0.587029171729434,2.1076586706065623E-4
0.5879256776252098,1.873934072998914E-4
0.5888221725567162,1.566435325071192E-4
0.58971865363108,1.226810332906584E-4
0.5906151176737893,9.051790837443512E-5
0.5915115624492122,6.442682342718071E-5
0.5924079899294734,4.697047463970002E-5
0.5933044026477509,3.8963156997149506E-5
0.5942008031940093,3.987093973084314E-5
0.595097194036019,4.8297763887060725E-5
0.595993577450457,6.240266975324794E-5
0.5968899557038819,8.020788929430975E-5
0.5977863308310069,9.980637357593977E-5
0.5986827047356468,1.1949023715143522E-4
0.5995790791927457,1.378222862265637E-4
0.6004754558405891,1.5366843062545801E-4
0.601371836171083,1.6620399497042137E-4
0.6022682215217793,1.7490325208067208E-4
0.6031646130732061,1.7951899565502027E-4
0.6040610118547824,1.8005690763371864E-4
0.6049574187639953,1.7674818632822545E-4
0.6058538345850752,1.7002283254263984E-4
0.6067502599513062,1.6048485174544971E-4
0.6076466951885087,1.4888946769633408E-4
0.6085431405553917,1.3612185441970958E-4
0.6094395963203594,1.2317603849184596E-4
0.610336062664352,1.1113159085912506E-4
0.6112325388360829,1.0112469397805137E-4
0.6121290247326732,9.430902530935821E-5
0.6130255204050605,9.179849061830888E-5
0.6139220244564534,9.458031503662135E-5
0.614818536016676,1.0338180933768683E-4
0.6157150547085665,1.1846778681466887E-4
0.6166115794891052,1.3934385246035767E-4
0.6175081078496327,1.6435177521709985E-4
0.6184046396718235,1.9019140838049135E-4
0.6193011728229466,2.1151514689652685E-4
0.620197704742128,2.211450069420161E-4
0.6210942353928929,2.139866884362525E-4
0.6219907604387953,1.9486848962882704E-4
0.6228872782364256,1.6974394122689756E-4
0.6237837869680137,1.4089742803343535E-4
0.624680283819141,1.1189482399027354E-4
0.6255767658306192,8.671524387887417E-5
0.6264732300082185,6.82571837779447E-5
0.627369673862159,5.7890364406189106E-5
0.628266099153737,5.5639002583585676E-5
0.6291625089138567,6.058126955666006E-5
0.6300589058242814,7.124587255294755E-5
0.6309552925008878,8.592644253139517E-5
0.6318516714934579,1.0290303085955956E-4
0.6327480451140788,1.2058523877995597E-4
0.6336444155285585,1.3759678291094612E-4
0.6345407847558181,1.528184753903344E-4
0.6354371546634358,1.654030186555161E-4
0.636333526962693,1.7477153806397337E-4
0.6372299032063395,1.8059899270980847E-4
0.6381262847922795,1.8279354901104506E-4
0.6390226729789267,1.8147342562986217E-4
0.6399190689192314,1.769435682083273E-4
0.6408154735768898,1.6967370320643813E-4
0.641711887664692,1.602783718425822E-4
0.6426083117932673,1.4949805267618953E-4
0.6435047465494075,1.381805050577941E-4
0.6444011921606199,1.272606961918313E-4
0.6452976485307467,1.177364514411491E-4
0.6461941159002014,1.1063655940538069E-4
0.6470905942925689,1.0697621407308527E-4
0.6479870826679603,1.0769028044790879E-4
0.6488835807718719,1.135311153716259E-4
0.6497800884730086,1.249138515797418E-4
0.6506766042053298,1.4168724579994546E-4
0.6515731266761898,1.6281274381352973E-4
0.652469655883672,1.859574394278118E-4
0.6533661891625622,2.0704932081154487E-4
0.6542627252261906,2.1989930958635082E-4
0.655159263432502,2.172695015298453E-4
0.6560558004226842,2.004899235541269E-4
0.6569523348054391,1.792811465682922E-4
0.6578488638696042,1.5528941261252273E-4
0.6587453852067906,1.2999386327168836E-4
0.6596418966130477,1.0661355561123606E-4
0.6605383952755006,8.810347174884641E-5
0.6614348781167363,7.623932273518076E-5
0.6623313420140737,7.153788346307914E-5
0.6632277850889206,7.353164937940468E-5
0.6641242082373668,8.11204183228122E-5
0.6650206148970574,9.287941811648014E-5
0.6659170081429937,1.0728965541274844E-4
0.6668133907521473,1.2289418143058783E-4
0.6677097653309227,1.383948380942602E-4
0.6686061343217672,1.527061331854988E-4
0.6695025000044451,1.6497937660550302E-4
0.6703988644949593,1.7460661836450573E-4
0.6712952297451195,1.812115680546789E-4
0.6721915975457892,1.8463276857257798E-4
0.6730879696411622,1.8490319084435796E-4
0.6739843475752314,1.822290950134192E-4
0.6748807326036262,1.7696965280189698E-4
0.6757771258187768,1.6961795512109986E-4
0.6766735281963661,1.6078343355517858E-4
0.6775699406321705,1.5117515116537202E-4
0.6784663637114715,1.415847060545729E-4
0.6793627978521363,1.328671599875337E-4
0.6802592435694211,1.2591669884033733E-4
0.6811557008881802,1.2163280304739489E-4
0.6820521694957057,1.208709374369144E-4
0.6829486494816034,1.2436695777902552E-4
0.6838451407521245,1.3262086423282307E-4
0.6847416419119304,1.457227245880222E-4
0.6856381525306596,1.631024269249144E-4
0.6865346724875114,1.8319815712423924E-4
0.6874311992437997,2.0305693716180857E-4
0.6883277324005864,2.178362255792742E-4
0.6892242707794617,2.2019710597251068E-4
0.6901208114078922,2.0540052383330367E-4
0.6910173540203165,1.8563272734290815E-4
0.6919138958440899,1.6576365252220823E-4
0.6928104345506693,1.4450590100004596E-4
0.6937069677040183,1.237309359794556E-4
0.6946034927418623,1.0611871428611969E-4
0.695500006952457,9.365416747517653E-5
0.696396507450605,8.724240854910171E-5
0.697292991159123,8.682755780272755E-5
0.6981894547500406,9.167642664878262E-5
0.6990858958047944,1.0066415091721007E-4
0.699982316725021,1.1250258048863476E-4
0.7008787203755615,1.2590223401780546E-4
0.701775109973916,1.3967723284486201E-4
0.7026714884369568,1.5280736310568563E-4
0.7035678584982777,1.6446906845090368E-4
0.7044642227164428,1.740454068757755E-4
0.7053605835665229,1.811226135713469E-4
0.7062569433525622,1.8547865955439495E-4
0.7071533041458332,1.8706751699592292E-4
0.708049667822783,1.8600182786361388E-4
0.7089460360478589,1.8253574343989832E-4
0.7098424103115122,1.7704902476165175E-4
0.7107387919771003,1.7003189613036182E-4
0.7116351824323858,1.6207036730789867E-4
0.7125315826500992,1.538308913471212E-4
0.7134279934072796,1.4604343697656355E-4
0.71432441549463,1.3948167275498738E-4
0.71522084926827,1.3493686162391747E-4
0.716117294994152,1.3318005149528384E-4
0.7170137530770047,1.349055566343228E-4
0.7179102233641842,1.4064457799064552E-4
0.7188067051971565,1.5063515276707588E-4
0.7197031985991074,1.6463296598222618E-4
0.7205997032439446,1.8165223111664685E-4
0.7214962172613164,1.996357994097253E-4
0.7223927407831324,2.15020946656706E-4
0.7232892721425472,2.218302952205473E-4
0.7241858094724786,2.1112055938195688E-4
0.7250823520520033,1.898102167723742E-4
0.7259788979482749,1.723904171585853E-4
0.7268754451861696,1.5497791149830052E-4
0.7277719915095985,1.3724579707986376E-4
0.7286685345223162,1.212492563701974E-4
0.7295650716757118,1.0897938248772269E-4
0.7304616002528802,1.0160963822253657E-4
0.7313581173515,9.94309527350985E-5
0.732254619867968,1.020456456461079E-4
0.7331511043196106,1.0861663541774313E-4
0.734047566755128,1.1808591145505298E-4
0.7349440062616015,1.2933766400250292E-4
0.7358404245902405,1.4130974738598743E-4
0.736736825083699,1.5306293964687618E-4
0.7376332109727453,1.6381907928014218E-4
0.7385295853262299,1.729772967286756E-4
0.7394259510387612,1.801151392453649E-4
0.7403223108185679,1.8498027454285268E-4
0.7412186671779387,1.8747748195916365E-4
0.7421150224376011,1.876537324175779E-4
0.7430113786850823,1.85682850340953E-4
0.7439077378175905,1.8185063371295706E-4
0.7448041018297663,1.765408623498887E-4
0.7457004725302694,1.702222706071017E-4
0.7465968511737852,1.6343617425129724E-4
0.7474932389158743,1.5678347740549493E-4
0.7483896369263412,1.5090962502845894E-4
0.7492860461180669,1.4648541569589718E-4
0.7501824671161419,1.4418075850886568E-4
0.7510789005970739,1.4462421348980615E-4
0.7519753466567828,1.483408018873617E-4
0.7528718053616167,1.556563422725568E-4
0.7537682770331126,1.6655575770452587E-4
0.7546647611798601,1.804854039215319E-4
0.7555612569247308,1.9609270479246344E-4
0.7564577645842818,2.1088500173126862E-4
0.7573542823451859,2.205400248335121E-4
0.7582508094003791,2.165116376472126E-4
0.7591473453093532,1.929806657419974E-4
0.7600438871484111,1.7503112927805484E-4
0.7609404342527671,1.6096324584444552E-4
0.7618369847964261,1.4658270510017695E-4
0.7627335366190215,1.3285411683513652E-4
0.7636300873929335,1.2153711342814536E-4
0.7645266346167439,1.139248472763385E-4
0.7654231756056519,1.1057251736302552E-4
0.766319707481125,1.1138308125967428E-4
0.7672162271620403,1.1580312067159986E-4
0.7681127315291966,1.230191144193018E-4
0.7690092169434549,1.3211456157325157E-4
0.7699056792514821,1.4218074052140106E-4
0.7708021170442586,1.5238780628993372E-4
0.7716985329147518,1.6202644487956755E-4
0.7725949302749472,1.705286723567417E-4
0.7734913124906463,1.7747413001169773E-4
0.7743876827378008,1.825870470004847E-4
0.7752840439944881,1.8572775243031278E-4
0.7761803990345857,1.8688149979846874E-4
0.777076750383722,1.861467675757166E-4
0.7779731005912427,1.837238827511148E-4
0.7788694523170129,1.7990390088345028E-4
0.7797658074518863,1.750570951881562E-4
0.7806621676759026,1.6962099414984778E-4
0.7815585345589116,1.640886498752586E-4
0.7824549099714778,1.5899634543949223E-4
0.78335129515126,1.5490862621498293E-4
0.7842476910537813,1.5239817870039792E-4
0.7851440987063214,1.5201636120701215E-4
0.7860405187760688,1.542485056346047E-4
0.786936951758339,1.59446220338911E-4
0.7878333982270442,1.6772625224921212E-4
0.7887298579282624,1.788247839996784E-4
0.7896263308009374,1.9190237619685712E-4
0.7905228171804435,2.052858995421617E-4
0.7914193156089349,2.160260913416632E-4
0.7923158260085116,2.1818686713593206E-4
0.7932123476700706,1.976560328825786E-4
0.7941088790400773,1.736101805310875E-4
0.7950054187464429,1.6156105261885698E-4
0.7959019651995091,1.5040663618935227E-4
0.7967985169036238,1.3929661267810515E-4
0.7976950720575634,1.2952899070143938E-4
0.798591628431608,1.223642279215083E-4
0.7994881836044766,1.1851600633704305E-4
0.8003847349593045,1.1811956001123815E-4
0.8012812796792285,1.2086472263935348E-4
0.8021778147779987,1.261613803459481E-4
0.8030743370877427,1.3328330172721962E-4
0.8039708430772973,1.4147559320649134E-4
0.8048673290739456,1.5002792203895542E-4
0.8057637914730915,1.583194711964809E-4
0.8066602281200178,1.658421838088921E-4
0.8075566414548496,1.7220884544047628E-4
0.8084530354836055,1.7715237866251413E-4
0.8093494137049393,1.8052009245689567E-4
0.810245779384068,1.822651287224206E-4
0.8111421356989369,1.8243633097092535E-4
0.8120384860398526,1.8116775150191287E-4
0.8129348330312,1.7866865862232976E-4
0.8138311790030868,1.7521415188135976E-4
0.8147275260796707,1.7113635370035818E-4
0.8156238765381264,1.6681574185227038E-4
0.8165202328518879,1.6267207059644318E-4
0.8174165964413425,1.5915468472037152E-4
0.8183129686363825,1.5672928949844066E-4
0.8192093511261194,1.558587176632989E-4
0.8201057450078877,1.569726288469499E-4
0.8210021511333837,1.6041929514110272E-4
0.8218985703649779,1.6639381227593044E-4
0.8227950030694957,1.7483400997667851E-4
0.8236914496555775,1.852779139561792E-4
0.8245879105158813,1.9667356431494478E-4
0.8254843848981589,2.0709879843130159E-4
0.8263808731697563,2.1287570334656175E-4
0.8272773745000322,2.0281989280512854E-4
0.8281738879767777,1.6829873330099322E-4
0.8290704131477104,1.5567669475000006E-4
0.8299669484908188,1.4746328018798902E-4
0.8308634925633096,1.392024122243013E-4
0.8317600437422836,1.3146046443974298E-4
0.83265660022107,1.253061834771611E-4
0.8335531600200538,1.2150085937611572E-4
0.8344497209775368,1.2034635049211191E-4
0.8353462805917715,1.2174622930430147E-4
0.8362428361436196,1.2532956151802585E-4
0.8371393845470873,1.3057253271238738E-4
0.8380359228061098,1.36894587780566E-4
0.8389324475249167,1.4372601375173922E-4
0.8398289550950163,1.5055102577943356E-4
0.8407254417066439,1.5693253510024112E-4
0.8416219034076612,1.6252387805095747E-4
0.8425183382489343,1.6707179928346054E-4
0.8434147486647722,1.7041396989557608E-4
0.8443111392290354,1.7247376084816578E-4
0.8452075136957623,1.7325460883105016E-4
0.8461038755644776,1.7283378584149483E-4
0.8470002279319627,1.7135510878810403E-4
0.84789657360666,1.6902030629484575E-4
0.8487929152568119,1.6608024232492053E-4
0.8496892563460933,1.6282704337085134E-4
0.8505855992416388,1.595868038509994E-4
0.8514819457594242,1.5671173495160025E-4
0.852378297774898,1.5457026678095286E-4
0.8532746578010972,1.5353305999371442E-4
0.8541710271204922,1.5395287500617172E-4
0.8550674069685117,1.5613361559271144E-4
0.8559637987771038,1.602831133137567E-4
0.8568602034727183,1.664441403112115E-4
0.8577566217947009,1.7439598962894293E-4
0.8586530543714276,1.8352431802192792E-4
0.8595495012634851,1.9263724807184045E-4
0.8604459630573716,1.9955153869346499E-4
0.861342439156114,1.985563585953E-4
0.8622389292757437,1.6235891399728468E-4
0.8631354332180524,1.4119225149700256E-4
0.8640319500999952,1.351319435678708E-4
0.8649284788522927,1.2961256314358635E-4
0.8658250181937502,1.2415218043913207E-4
0.8667215666376517,1.1949352719891034E-4
0.8676181224913737,1.1632209218901223E-4
0.8685146838510401,1.150052359682749E-4
0.8694112485930608,1.1558746679053083E-4
0.8703078143643105,1.178698587486227E-4
0.8712043785420001,1.2150374779689482E-4
0.8721009382666287,1.2607139125341306E-4
0.8729974905339923,1.3114636855415972E-4
0.8738940320703908,1.3633392500070332E-4
0.8747905593492099,1.412940471495535E-4
0.8756870685763807,1.4575204129211382E-4
0.8765835553847169,1.4950173224064184E-4
0.877480015452319,1.5240456380056025E-4
0.8783764481719317,1.5438595489716776E-4
0.8792728563598596,1.5543045208998304E-4
0.8801692440251959,1.5557615675808678E-4
0.8810656146880547,1.5490911029597318E-4
0.8819619716429903,1.535576901468916E-4
0.8828583188532111,1.5168708810759957E-4
0.8837546600115098,1.4949434134509435E-4
0.8846509976059919,1.4720385453181206E-4
0.8855473339133787,1.450628225114075E-4
0.8864436718196161,1.4333647682263648E-4
0.8873400142539192,1.4230129586482638E-4
0.8882363627095619,1.4223198921130368E-4
0.8891327189297145,1.4338039291953109E-4
0.8900290851742547,1.4594484912240207E-4
0.8909254626389249,1.5002615975961736E-4
0.8918218524119619,1.5556362744120517E-4
0.8927182557078378,1.6225152189376234E-4
0.8936146731855455,1.6941683087128424E-4
0.8945111055977747,1.7582974188990128E-4
0.8954075529624463,1.7878554601146354E-4
0.8963040155962702,1.628819954516765E-4
0.8972004933903912,1.153917980778018E-4
0.8980969857568614,1.1037735825885308E-4
0.898993492388451,1.073438003909399E-4
0.8998900124255282,1.0419094895071312E-4
0.90078654477198,1.0124807791827835E-4
0.9016830881037897,9.902857016727283E-5
0.9025796408716278,9.788301898520833E-5
0.9034762012991493,9.794154158888946E-5
0.9043727673786486,9.91486231008449E-5
0.9052693368760178,1.0132330764626218E-4
0.9061659073799393,1.0421633030124274E-4
0.9070624760904185,1.0755458405674392E-4
0.9079590400501839,1.110720233686817E-4
0.9088555960557282,1.145291814481024E-4
0.9097521406539232,1.1772423588433776E-4
0.9106486701430543,1.2049818998805038E-4
0.9115451805797985,1.2273616560984176E-4
0.9124416677988278,1.2436666075503692E-4
0.9133381278467457,1.2536033177522045E-4
0.9142345590242003,1.257284981979513E-4
0.9151309640244332,1.2551958117539775E-4
0.9160273473619294,1.2481353119634831E-4
0.9169237140556548,1.2371623017151963E-4
0.9178200674514191,1.2235548840743498E-4
0.9187164105436729,1.2087767818951128E-4
0.9196127462322514,1.1944448560450484E-4
0.9205090788266154,1.1822892337925935E-4
0.9214054109654156,1.1741077633064384E-4
0.9223017445552885,1.171695895139025E-4
0.9231980823049013,1.176739888473756E-4
0.924094426993409,1.1906573209749061E-4
0.9249907800455205,1.2143611113997877E-4
0.9258871430384032,1.2479136672637338E-4
0.9267835180101668,1.2900382775090613E-4
0.9276799059189343,1.3375108163036714E-4
0.9285763078243672,1.384157228697187E-4
0.9294727245575433,1.4179752949203362E-4
0.9303691567478045,1.395675168023202E-4
0.9312656047548978,7.424678332569678E-5
0.9321620685258535,6.776709252681617E-5
0.9330585478734262,6.667009849495493E-5
0.9339550424573592,6.553891329590794E-5
0.9348515517973376,6.433421317980245E-5
0.9357480750094582,6.332374045373056E-5
0.9366446109589778,6.273363072114093E-5
0.9375411582687176,6.268089334526306E-5
0.9384377153206619,6.317789516573307E-5
0.9393342802553589,6.41599392300434E-5
0.9402308510225915,6.551657945761759E-5
0.9411274252642927,6.711906952810524E-5
0.9420240003544593,6.883987677321136E-5
0.9429205734477567,7.056285268938021E-5
0.943817141452785,7.218793048910363E-5
0.9447137010342911,7.363398869026299E-5
0.9456102486200002,7.484045132290008E-5
0.9465067804135108,7.576752366163545E-5
0.9474032924146075,7.639540577897848E-5
0.9482997804689077,7.67228156829655E-5
0.9491962394595448,7.676505777870486E-5
0.9500926681519974,7.655196586616166E-5
0.9509890709968994,7.612584841554392E-5
0.9518854518178006,7.553995096629963E-5
0.9527818141320866,7.485695378991652E-5
0.9536781622453904,7.414815764152804E-5
0.9545745009058262,7.349418298840176E-5
0.9554708327098651,7.298459523024104E-5
0.9563671600896136,7.271284986349294E-5
0.9572634872151411,7.276925229608004E-5
0.9581598167460097,7.323293638670772E-5
0.9590561504934553,7.416135841011736E-5
0.9599524909062638,7.557626145052868E-5
0.9608488406337713,7.743812455636425E-5
0.9617452008376596,7.962411623515507E-5
0.9626415731824954,8.186585337297015E-5
0.9635379592404031,8.370202439218642E-5
0.9644343598269431,8.392021343222001E-5
0.9653307758754212,6.701221733889923E-5
0.9662272079691867,5.888192255575887E-10
0.9671236564615031,5.885876785492315E-10
0.9680201213802393,5.884216333204217E-10
0.9689166025255896,5.881731338276729E-10
0.9698130994651603,5.879169726444928E-10
0.9707096115682633,5.877325962997616E-10
0.9716061380055904,5.876706761986768E-10
0.972502677605352,5.877503382485128E-10
0.9733992289378716,5.879657098141921E-10
0.9742957903138472,5.88294498534757E-10
0.9751923597990044,5.887055969968913E-10
0.9760889352224451,5.89164838277941E-10
0.9769855141362769,5.896389006417251E-10
0.9778820938455202,5.900977243565635E-10
0.9787786714113733,5.905157420911113E-10
0.979675243659857,5.908722963415136E-10
0.980571807191208,5.911519530140661E-10
0.9814683583740842,5.913461709963466E-10
0.9823648929398033,5.914541546695917E-10
0.983261406412408,5.914808928663426E-10
0.9841578939367768,5.914352731356543E-10
0.9850543517589286,5.913296451479848E-10
0.985950778735811,5.911787045511408E-10
0.9868471775758751,5.909984153741842E-10
0.9877435544642238,5.908073995450156E-10
0.9886399135916547,5.906269530785428E-10
0.9895362578839714,5.904791376812997E-10
0.9904325909536333,5.903864747208881E-10
0.9913289179790945,5.903708409146028E-10
0.9922252413137139,5.904520317003974E-10
0.9931215635469609,5.906448354795065E-10
0.994017888369416,5.909557969384506E-10
0.9949142171413234,5.913786624326164E-10
0.995810558483672,5.918901056066473E-10
0.9967068898234277,5.924396648234E-10
0.9976032893338813,5.929294894102994E-10
0.9984995330148799,5.931670904659903E-10
0.999396382859509,5.92241997029134E-10
NaN,NaN
NaN,NaN
NaN,NaN
NaN,NaN
NaN,NaN
NaN,NaN
NaN,NaN
NaN,NaN
NaN,NaN
NaN,NaN
NaN,NaN
NaN,NaN
NaN,NaN
NaN,NaN
NaN,NaN
NaN,NaN
NaN,NaN
NaN,NaN
NaN,NaN
NaN,NaN
NaN,NaN
NaN,NaN
NaN,NaN
NaN,NaN
NaN,NaN
NaN,NaN
NaN,NaN
NaN,NaN
NaN,NaN
NaN,NaN
NaN,NaN
NaN,NaN
NaN,NaN
NaN,NaN
NaN,NaN
NaN,NaN
NaN,NaN
NaN,NaN
NaN,NaN
