0.3145,0.001378734785658614
0.31525075075075076,-0.05770717615355192
0.3160015015015015,-0.05238412558275315
0.3167522522522523,-0.05296400480226552
0.317503003003003,-0.054110911266799996
0.3182537537537537,-0.054820022932076835
0.3190045045045046,-0.0549308752346988
0.3197552552552553,-0.05464366511305996
0.320506006006006,-0.05401580387623164
0.3212567567567567,-0.053082130704565356
0.3220075075075075,-0.05192676780940954
0.32275825825825827,-0.05073274017426139
0.32350900900900903,-0.049478877200943065
0.32425975975975974,-0.04812586070572614
0.32501051051051044,-0.04671218188792578
0.32576126126126126,-0.04535007312686525
0.326512012012012,-0.043991608872814024
0.3272627627627628,-0.04258710585701203
0.32801351351351354,-0.04117827757576253
0.32876426426426425,-0.03984860068382515
0.329515015015015,-0.03853990266764045
0.33026576576576583,-0.037206974255543805
0.3310165165165165,-0.03590576792776659
0.3317672672672673,-0.034688696886960683
0.332518018018018,-0.033494587874318714
0.3332687687687687,-0.03229093495861138
0.3340195195195195,-0.031144736465654816
0.33477027027027034,-0.03007196616644416
0.33552102102102105,-0.02901856530936764
0.3362717717717718,-0.027970905030656017
0.3370225225225225,-0.026990353783897345
0.3377732732732732,-0.026067990575341208
0.3385240240240241,-0.025162744757917133
0.3392747747747748,-0.024276310782631663
0.34002552552552556,-0.02345383201611015
0.34077627627627627,-0.022671653241113934
0.34152702702702703,-0.02191081385150695
0.3422777777777778,-0.02117356254538994
0.3430285285285285,-0.020489093967561385
0.34377927927927926,-0.01983303306675762
0.34453003003003,-0.01920494824110209
0.34528078078078084,-0.018595704208988796
0.3460315315315315,-0.018026005965460938
0.3467822822822823,-0.01748302235876454
0.3475330330330331,-0.016968027800300732
0.3482837837837838,-0.016461902719356963
0.34903453453453454,-0.015987183472385844
0.3497852852852853,-0.015542591719138427
0.35053603603603595,-0.015116942367242751
0.3512867867867868,-0.014689828097937119
0.3520375375375376,-0.014295682190342628
0.35278828828828823,-0.013929788647936706
0.35353903903903905,-0.013568584460929475
0.35428978978978976,-0.013204289233189502
0.3550405405405405,-0.01287847255936932
0.3557912912912912,-0.012569937377141151
0.35654204204204204,-0.012253151895879603
0.3572927927927928,-0.01194224927052933
0.35804354354354356,-0.011668918075557269
0.3587942942942943,-0.011397576052215412
0.359545045045045,-0.011112988064825649
0.36029579579579574,-0.010848860160062972
0.3610465465465465,-0.010611011886074606
0.3617972972972973,-0.010361607710279747
0.3625480480480481,-0.010106108041585543
0.3632987987987988,-0.009879139410156175
0.36404954954954954,-0.00966145593033036
0.36480030030030025,-0.009427442475189805
0.36555105105105107,-0.009202451165759129
0.36630180180180183,-0.009002799835701673
0.36705255255255254,-0.008796572386437301
0.3678033033033033,-0.008583091780738628
0.36855405405405406,-0.008388203558991149
0.36930480480480493,-0.008208977483514814
0.3700555555555556,-0.008017106331429241
0.37080630630630623,-0.00783604034390602
0.37155705705705694,-0.007672800264899422
0.37230780780780787,-0.007516554610780114
0.3730585585585586,-0.007357266848195074
0.37380930930930933,-0.007223209759864499
0.37456006006006,-0.0071014280410686345
0.3753108108108108,-0.0069875963998231524
0.37606156156156156,-0.006891899877298546
0.3768123123123123,-0.006827171837350161
0.3775630630630631,-0.006773697831314145
0.3783138138138138,-0.0067463688391358675
0.37906456456456455,-0.006758477532423687
0.3798153153153153,-0.006805969111662286
0.38056606606606613,-0.006878846695563448
0.3813168168168169,-0.007013954267372793
0.38206756756756755,-0.007210426334300982
0.3828183183183183,-0.0074639057261819755
0.383569069069069,-0.007796056265739551
0.38431981981981983,-0.00826094923585613
0.3850705705705706,-0.008872413347276342
0.3858213213213213,-0.009706644700701102
0.386572072072072,-0.010943484352405192
0.38732282282282277,-0.012721946771610721
0.3880735735735735,-0.01457341302131453
0.38882432432432434,-0.014574710813170442
0.389575075075075,-0.010684690641401588
0.39032582582582587,-0.004784345740400942
0.3910765765765766,-7.939505081056876E-4
0.3918273273273273,4.2711728503387267E-4
0.3925780780780781,1.0934545018061875E-4
0.39332882882882875,-7.42076894778905E-4
0.39407957957957956,-0.0016913917395409983
0.3948303303303303,-0.002603912603954865
0.3955810810810811,-0.0034177852548313084
0.3963318318318318,-0.004095687911996722
0.39708258258258256,-0.00466078796842305
0.39783333333333326,-0.005135054502878544
0.3985840840840841,-0.005517265066009025
0.39933483483483484,-0.005810306884180078
0.4000855855855856,-0.0060494815091540755
0.40083633633633636,-0.006230736799152564
0.401587087087087,-0.0063538814024910045
0.4023378378378379,-0.006437418656392885
0.40308858858858865,-0.006497226222977263
0.40383933933933935,-0.006514341085070534
0.40459009009009,-0.006503012025508827
0.40534084084084093,-0.006484688160544094
0.4060915915915916,-0.006451630534835936
0.40684234234234234,-0.0063859578114297336
0.40759309309309316,-0.006321017154922561
0.4083438438438438,-0.006260700891299624
0.40909459459459446,-0.0061853148618779335
0.4098453453453454,-0.006091572852784725
0.4105960960960961,-0.00601806906980816
0.41134684684684697,-0.0059466125963339896
0.4120975975975975,-0.00585907731964945
0.4128483483483483,-0.005772559766291194
0.4135990990990991,-0.005709535610706147
0.4143498498498499,-0.005640686113004417
0.41510060060060056,-0.00556113838657913
0.4158513513513514,-0.005497226295987728
0.4166021021021022,-0.005448380023450369
0.4173528528528528,-0.005387471421566467
0.4181036036036036,-0.005328842207151574
0.4188543543543544,-0.005287669702393888
0.4196051051051051,-0.005249564986655755
0.42035585585585583,-0.005201384403038037
0.42110660660660665,-0.005165853243724469
0.42185735735735735,-0.005140028668523637
0.42260810810810817,-0.005107655611012056
0.42335885885885877,-0.0050763612739117975
0.4241096096096097,-0.005056900510222152
0.4248603603603603,-0.005036867778983278
0.42561111111111105,-0.005009288619376752
0.4263618618618619,-0.004993191549571549
0.42711261261261274,-0.004979349493405545
0.4278633633633634,-0.004957241013598513
0.42861411411411404,-0.004936457538063235
0.4293648648648649,-0.004927463649297685
0.4301156156156156,-0.00490896663783949
0.4308663663663663,-0.004882750620458683
0.43161711711711714,-0.004867461072391714
0.4323678678678679,-0.004855607220673047
0.4331186186186187,-0.004825477027915165
0.4338693693693694,-0.0047980388898677395
0.43462012012012013,-0.004781921016495647
0.43537087087087095,-0.004758582988287671
0.4361216216216216,-0.00471671255560549
0.4368723723723724,-0.0046889972327119195
0.4376231231231231,-0.004664866191998254
0.43837387387387394,-0.004625365587755836
0.43912462462462465,-0.004577638505285794
0.43987537537537535,-0.0045466973519764226
0.4406261261261261,-0.004509524044996993
0.4413768768768769,-0.0044568842347441
0.44212762762762764,-0.004409413353525453
0.4428783783783784,-0.004372813207978353
0.4436291291291291,-0.0043230485264191786
0.4443798798798799,-0.00426872141118461
0.4451306306306306,-0.004225463462725495
0.44588138138138134,-0.004185223041334868
0.44663213213213215,-0.0041334496212795235
0.44738288288288286,-0.004092029671536221
0.4481336336336337,-0.004060450637329727
0.4488843843843844,-0.004027334390521831
0.4496351351351351,-0.003996856305167329
0.4503858858858859,-0.003985558573504272
0.45113663663663656,-0.003982317408177935
0.4518873873873874,-0.003982593210504634
0.4526381381381382,-0.004006297722582666
0.45338888888888895,-0.0040525984589998565
0.45413963963963966,-0.0041109429000106
0.4548903903903904,-0.004192862134634379
0.4556411411411412,-0.004316583400513413
0.45639189189189183,-0.004469222872957743
0.45714264264264265,-0.004652053073864057
0.45789339339339336,-0.004892517140885663
0.45864414414414406,-0.005196283363181453
0.459394894894895,-0.005553279402733681
0.4601456456456457,-0.005985425965965317
0.4608963963963964,-0.00650408019982756
0.46164714714714716,-0.007047730612276502
0.4623978978978979,-0.007449202580059603
0.46314864864864874,-0.0074456227201829435
0.46389939939939934,-0.006742675450380127
0.4646501501501501,-0.005316794650099349
0.4654009009009008,-0.003596360866094027
0.4661516516516516,-0.002171886217724059
0.46690240240240244,-0.0013373248564016102
0.46765315315315314,-0.0010611952053624155
0.46840390390390385,-0.0011780256197717956
0.46915465465465467,-0.001511646649051672
0.4699054054054053,-0.0019163405315942156
0.4706561561561562,-0.0023297083087830475
0.4714069069069069,-0.002731201668204994
0.47215765765765766,-0.003091497716920563
0.4729084084084084,-0.0033876934463708264
0.4736591591591591,-0.003644856534507676
0.47440990990990983,-0.003864560809376541
0.4751606606606607,-0.004033050604277888
0.4759114114114114,-0.004154904903161255
0.4766621621621623,-0.004259085227695816
0.47741291291291293,-0.004334108216258355
0.4781636636636637,-0.004370820982963493
0.4789144144144144,-0.004391310963593027
0.4796651651651651,-0.004405440775501923
0.48041591591591587,-0.004396450369370572
0.48116666666666663,-0.004368055714051685
0.4819174174174174,-0.0043429523179871685
0.4826681681681682,-0.004312509538609299
0.48341891891891897,-0.00426434925983863
0.4841696696696697,-0.004217308300885158
0.48492042042042033,-0.004177863760236721
0.48567117117117115,-0.00412963472513982
0.48642192192192185,-0.00407500993184208
0.4871726726726726,-0.004032637892582312
0.4879234234234234,-0.003993351775300302
0.4886741741741741,-0.00394314955668279
0.48942492492492495,-0.003902326923567012
0.4901756756756756,-0.0038719910961330095
0.4909264264264264,-0.003837557402771183
0.4916771771771772,-0.0037979776984197744
0.4924279279279279,-0.0037763622746084247
0.4931786786786787,-0.0037564795381920535
0.49392942942942947,-0.003728027524277408
0.4946801801801801,-0.0037071359119552616
0.49543093093093094,-0.003700995902471846
0.49618168168168175,-0.0036865033229128777
0.49693243243243246,-0.0036675115092623042
0.4976831831831832,-0.0036635821266341115
0.4984339339339339,-0.0036646996888358707
0.49918468468468463,-0.0036510684505509927
0.4999354354354354,-0.00364507863233254
0.5006861861861862,-0.003650681874043389
0.5014369369369369,-0.0036505563462524504
0.502187687687688,-0.0036390321339519905
0.5029384384384384,-0.0036430091422371214
0.5036891891891893,-0.00364898777739555
0.5044399399399399,-0.003641854572451378
0.5051906906906907,-0.003635579582438944
0.5059414414414415,-0.0036417886392321325
0.5066921921921921,-0.0036397721854326964
0.507442942942943,-0.003626778032034643
0.5081936936936937,-0.0036239425431243075
0.5089444444444444,-0.0036240078043650037
0.5096951951951951,-0.003609083115470091
0.510445945945946,-0.003594827642207199
0.5111966966966967,-0.003589415622370168
0.5119474474474476,-0.0035764655261107114
0.5126981981981982,-0.0035516059109688136
0.513448948948949,-0.0035367038305508247
0.5141996996996997,-0.003522816377298857
0.5149504504504504,-0.0034942692180750246
0.5157012012012012,-0.0034670514674874295
0.5164519519519519,-0.003448652954026278
0.5172027027027027,-0.0034227865911285807
0.5179534534534534,-0.0033850539059107135
0.5187042042042043,-0.0033605662193273295
0.519454954954955,-0.003337309852996913
0.5202057057057057,-0.0033016794218917334
0.5209564564564564,-0.0032681804360706794
0.5217072072072072,-0.003249811109609325
0.522457957957958,-0.0032251688775507548
0.5232087087087087,-0.003193323456277309
0.5239594594594594,-0.0031780415798538797
0.5247102102102101,-0.003173652945399917
0.525460960960961,-0.0031600473247218736
0.5262117117117118,-0.003157027336159045
0.5269624624624625,-0.0031763443308292713
0.5277132132132132,-0.003203235592800502
0.528463963963964,-0.0032295833035687893
0.5292147147147146,-0.003286646539935309
0.5299654654654656,-0.003367082971063598
0.5307162162162162,-0.0034571640652068664
0.5314669669669669,-0.0035697717415723584
0.5322177177177176,-0.00372524975610225
0.5329684684684686,-0.0039058349389263086
0.5337192192192194,-0.004106364998435211
0.53446996996997,-0.004346723909669031
0.5352207207207206,-0.004613199787605049
0.5359714714714713,-0.004858736223722564
0.5367222222222223,-0.005043748436543406
0.537472972972973,-0.005098788761029503
0.5382237237237237,-0.004917153538403742
0.5389744744744743,-0.004447315561573138
0.5397252252252253,-0.003770126298631155
0.540475975975976,-0.003026534566120575
0.5412267267267267,-0.002369764915507628
0.5419774774774775,-0.0019219044522059622
0.5427282282282281,-0.0017228428301089282
0.543478978978979,-0.0017159254197993967
0.5442297297297297,-0.0018280861586996502
0.5449804804804804,-0.002026597445909363
0.5457312312312314,-0.0022625616747220037
0.5464819819819821,-0.0024896586674767185
0.5472327327327327,-0.0026999621042377714
0.5479834834834835,-0.002902000804113722
0.5487342342342343,-0.003072515308512422
0.549484984984985,-0.0032024864842011558
0.5502357357357358,-0.003315917643878119
0.5509864864864865,-0.003412351160973298
0.5517372372372372,-0.003473137657722239
0.5524879879879879,-0.003512407527787774
0.5532387387387387,-0.0035474308103246102
0.5539894894894893,-0.0035657392233432034
0.5547402402402402,-0.003556868244633242
0.555490990990991,-0.003550799149849092
0.5562417417417418,-0.003542827331936671
0.5569924924924924,-0.0035176272999930987
0.5577432432432432,-0.003482631573236322
0.558493993993994,-0.003460775096944376
0.5592447447447448,-0.0034328433811812494
0.5599954954954955,-0.0033904895817858417
0.5607462462462466,-0.003357261428474149
0.561496996996997,-0.003333955126875364
0.5622477477477478,-0.0032985299505531515
0.5629984984984985,-0.003260914555113466
0.5637492492492492,-0.0032393407971764293
0.5645,-0.003219054799181581
0.5652507507507507,-0.003185187402394901
0.5660015015015015,-0.0031645103623177406
0.5667522522522523,-0.0031541630282286848
0.5675030030030032,-0.003135359193297993
0.5682537537537538,-0.0031126535510471454
0.5690045045045045,-0.0031084761283586837
0.5697552552552552,-0.003105061310492818
0.5705060060060061,-0.0030888519948010368
0.5712567567567568,-0.003083037809948612
0.5720075075075075,-0.003088158078378714
0.5727582582582581,-0.003084255779143244
0.573509009009009,-0.0030755502863914694
0.57425975975976,-0.0030827890215641765
0.5750105105105106,-0.0030895382911812833
0.5757612612612611,-0.0030828335247031127
0.5765120120120121,-0.003084979098408289
0.5772627627627628,-0.0030967917131280217
0.5780135135135135,-0.0030975236940932894
0.5787642642642643,-0.003092386536310658
0.5795150150150149,-0.0031010018253267956
0.5802657657657657,-0.0031089400406024287
0.5810165165165164,-0.0031006103761978265
0.5817672672672674,-0.003100807034555751
0.5825180180180181,-0.0031082363585875905
0.5832687687687688,-0.003105211278895882
0.5840195195195195,-0.0030926726611157918
0.5847702702702702,-0.003094913216666745
0.5855210210210211,-0.0030939638083719023
0.5862717717717718,-0.003077582829010994
0.5870225225225225,-0.00306631186087708
0.5877732732732732,-0.0030643549025214933
0.588524024024024,-0.003049546016451854
0.5892747747747746,-0.0030262209454896827
0.5900255255255257,-0.0030153745750924263
0.5907762762762763,-0.0030041605971419735
0.5915270270270269,-0.0029752422747929483
0.5922777777777777,-0.0029533363880509395
0.5930285285285285,-0.0029397340293166596
0.5937792792792793,-0.00291680037184815
0.59453003003003,-0.0028836514154751847
0.5952807807807808,-0.002866487782013114
0.5960315315315314,-0.002849463911741523
0.5967822822822823,-0.0028190199316336217
0.5975330330330328,-0.0027958099051391995
0.5982837837837838,-0.0027861956745448245
0.5990345345345344,-0.0027700599971578824
0.5997852852852853,-0.002748889471260431
0.600536036036036,-0.002747531128751278
0.6012867867867869,-0.002753712190897123
0.6020375375375375,-0.002752320589215408
0.6027882882882882,-0.0027658346270750395
0.603539039039039,-0.0028010848674087235
0.6042897897897899,-0.0028399147027365623
0.6050405405405406,-0.002883229895584233
0.6057912912912912,-0.0029572925775915165
0.606542042042042,-0.0030506744078857007
0.6072927927927928,-0.00314721871962699
0.6080435435435436,-0.0032682237654372698
0.6087942942942944,-0.0034166074807915822
0.609545045045045,-0.003567349450829954
0.6102957957957957,-0.0037042945745972417
0.6110465465465466,-0.003832511589223965
0.6117972972972971,-0.0039032582939178342
0.612548048048048,-0.0038621577255707785
0.6132987987987989,-0.003696561873832679
0.6140495495495495,-0.0034159661541024334
0.6148003003003002,-0.003044358918381184
0.6155510510510511,-0.0026520114378051143
0.6163018018018019,-0.0023292686672346866
0.6170525525525525,-0.002107852385412525
0.6178033033033032,-0.0019812009475732306
0.618554054054054,-0.0019588554911317904
0.619304804804805,-0.0020236767518618318
0.6200555555555556,-0.0021308158168093783
0.6208063063063064,-0.0022501889144393578
0.6215570570570568,-0.002392614474505561
0.6223078078078079,-0.0025320965126475053
0.6230585585585586,-0.00264541368385994
0.6238093093093093,-0.0027445270381890458
0.62456006006006,-0.002839867788383188
0.6253108108108109,-0.002910199687936474
0.6260615615615615,-0.00295279442847593
0.6268123123123124,-0.002994800779260301
0.6275630630630632,-0.0030276765128823407
0.6283138138138138,-0.0030333003180810295
0.6290645645645644,-0.0030311825072626905
0.6298153153153153,-0.0030340525653144365
0.6305660660660661,-0.003025886788656562
0.6313168168168171,-0.0030005948818612183
0.6320675675675674,-0.0029839783751781333
0.6328183183183183,-0.0029674685652876856
0.6335690690690691,-0.002937964042264936
0.6343198198198198,-0.0029095358078940446
0.6350705705705705,-0.002890821048350093
0.6358213213213213,-0.0028675776037791895
0.636572072072072,-0.0028349741454814503
0.6373228228228227,-0.002816000226305543
0.6380735735735736,-0.0027999114187561708
0.6388243243243243,-0.0027756217467282823
0.639575075075075,-0.0027545236167572373
0.6403258258258258,-0.002746331985121267
0.6410765765765766,-0.0027342839317211765
0.6418273273273274,-0.0027147163392013396
0.6425780780780781,-0.0027077704389986412
0.6433288288288289,-0.00270571562465953
0.6440795795795796,-0.002695287101803251
0.6448303303303303,-0.0026895708771651067
0.645581081081081,-0.002694613704458129
0.6463318318318318,-0.0026954010164093115
0.6470825825825826,-0.0026849772563822677
0.6478333333333332,-0.0026912150777304716
0.6485840840840842,-0.0027022679228366833
0.6493348348348348,-0.0027003133885281846
0.6500855855855856,-0.0026970123692006444
0.6508363363363363,-0.0027112683100777406
0.6515870870870872,-0.0027199841311250873
0.6523378378378377,-0.0027133489244101
0.6530885885885885,-0.002720166347110378
0.6538393393393396,-0.002735097069276219
0.6545900900900902,-0.0027338157470869033
0.6553408408408408,-0.002729670223967501
0.6560915915915918,-0.00274131829281804
0.6568423423423423,-0.0027486308396425588
0.6575930930930931,-0.0027373556906111415
0.6583438438438438,-0.0027393676931415437
0.6590945945945945,-0.002748058685526633
0.6598453453453453,-0.0027411190599825747
0.660596096096096,-0.0027285004982482985
0.6613468468468469,-0.002732122361103373
0.6620975975975976,-0.002730634249672445
0.6628483483483482,-0.0027102883110175086
0.6635990990990989,-0.0027017343023738177
0.6643498498498499,-0.0027004564503200906
0.6651006006006006,-0.0026835458885683533
0.6658513513513513,-0.0026599954881073584
0.6666021021021021,-0.00265313526495093
0.6673528528528527,-0.0026417498628401037
0.6681036036036034,-0.0026120165744585207
0.6688543543543544,-0.002593706991830938
0.669605105105105,-0.002584779025777837
0.6703558558558559,-0.00256097970165049
0.6711066066066067,-0.002531912463979556
0.6718573573573574,-0.002520529020122883
0.672608108108108,-0.0025084042406187043
0.6733588588588588,-0.002479037462673951
0.6741096096096094,-0.0024646937109731523
0.6748603603603603,-0.002462380431732948
0.675611111111111,-0.002450976079592139
0.6763618618618618,-0.0024363897266072992
0.6771126126126126,-0.0024463862229347835
0.6778633633633633,-0.0024604536296942564
0.6786141141141141,-0.002465058289688987
0.679364864864865,-0.002489448770121569
0.6801156156156156,-0.0025355922670775993
0.6808663663663662,-0.002579359829685976
0.681617117117117,-0.002628423032972671
0.682367867867868,-0.002707425048363868
0.6831186186186187,-0.002797427768614913
0.6838693693693694,-0.0028770666688743424
0.6846201201201203,-0.0029709352988674387
0.6853708708708709,-0.003067694506833654
0.6861216216216216,-0.0031305730101686344
0.6868723723723724,-0.0031432466829093113
0.687623123123123,-0.003110964547495095
0.6883738738738738,-0.0029946850354365256
0.6891246246246245,-0.0027850789638145055
0.6898753753753755,-0.0025628217588182507
0.6906261261261263,-0.0023813924116994484
0.6913768768768769,-0.0022282903459175073
0.6921276276276276,-0.0021104631202812606
0.6928783783783784,-0.002061758205648856
0.6936291291291292,-0.0020629529060207097
0.6943798798798799,-0.0020866551435192657
0.6951306306306307,-0.0021469157430424254
0.6958813813813812,-0.0022341217507413844
0.6966321321321319,-0.0023137286567893045
0.697382882882883,-0.0023802407074487997
0.6981336336336336,-0.0024575286384514866
0.6988843843843845,-0.002526175950877438
0.699635135135135,-0.002564811023870711
0.7003858858858859,-0.0026005258505340384
0.7011366366366366,-0.0026363759771961953
0.7018873873873873,-0.0026508186251542054
0.7026381381381381,-0.002644771707684117
0.7033888888888888,-0.0026531001173994567
0.7041396396396394,-0.0026588907533479575
0.7048903903903904,-0.0026434673403931963
0.7056411411411411,-0.002622976395901193
0.7063918918918919,-0.002606173244002332
0.7071426426426426,-0.002592211597558519
0.7078933933933934,-0.0025738650447296244
0.7086441441441441,-0.002548995926344056
0.7093948948948949,-0.002525647971624174
0.7101456456456459,-0.002511130997566273
0.7108963963963962,-0.0024947573542690345
0.7116471471471472,-0.002467658666941888
0.7123978978978981,-0.002453940620182636
0.7131486486486487,-0.0024451864509404744
0.7138993993993994,-0.002428567965130017
0.7146501501501501,-0.0024106347742609002
0.7154009009009009,-0.0024074696190122535
0.7161516516516516,-0.0024026497607805147
0.7169024024024023,-0.0023874905959077597
0.717653153153153,-0.002385133609434917
0.718403903903904,-0.0023898670117642323
0.7191546546546547,-0.002385319130017133
0.7199054054054056,-0.002378042126769661
0.7206561561561562,-0.0023831000397115526
0.721406906906907,-0.002390427523476374
0.7221576576576575,-0.002389433749420987
0.7229084084084084,-0.0023936586127059
0.723659159159159,-0.002399782603871456
0.7244099099099099,-0.0024059923660073833
0.7251606606606606,-0.0024103734704902374
0.7259114114114112,-0.0024169238885938474
0.7266621621621622,-0.002424432244486274
0.7274129129129128,-0.0024287849798991673
0.7281636636636638,-0.0024362984890080232
0.7289144144144144,-0.0024412540373375605
0.7296651651651651,-0.002447367245949069
0.7304159159159159,-0.0024509633020136784
0.7311666666666667,-0.0024557307607681253
0.7319174174174174,-0.002459359690065062
0.7326681681681682,-0.0024604561792318236
0.7334189189189191,-0.002462854040182115
0.7341696696696696,-0.002462670686877999
0.7349204204204202,-0.0024620817780214715
0.7356711711711713,-0.002459243916424894
0.7364219219219219,-0.0024560284622896084
0.7371726726726726,-0.0024521101340051477
0.7379234234234234,-0.0024441568650854784
0.7386741741741742,-0.0024382386606998097
0.739424924924925,-0.00242824511300474
0.7401756756756755,-0.002418977080045598
0.7409264264264263,-0.0024058867428030095
0.7416771771771771,-0.0023939278744052675
0.7424279279279281,-0.002379986379429787
0.7431786786786786,-0.0023636616798472336
0.7439294294294294,-0.002348498017798517
0.7446801801801802,-0.0023311113272692467
0.745430930930931,-0.002314201665068187
0.7461816816816816,-0.0022954901862471937
0.7469324324324325,-0.002278313672926644
0.7476831831831832,-0.0022615968241232257
0.7484339339339339,-0.0022434543842263614
0.7491846846846847,-0.0022295382965323643
0.7499354354354354,-0.0022152182287495242
0.7506861861861862,-0.002205220709342051
0.751436936936937,-0.0021959386541215223
0.7521876876876876,-0.002192923914633167
0.7529384384384386,-0.0021940309155704246
0.753689189189189,-0.002199208350436868
0.75443993993994,-0.002213437970003812
0.7551906906906906,-0.00223315667350496
0.7559414414414416,-0.0022629041948314943
0.756692192192192,-0.002298680158372715
0.7574429429429429,-0.0023457551415769634
0.7581936936936937,-0.0023992464007326214
0.7589444444444443,-0.0024567201857515417
0.7596951951951951,-0.002516906770694133
0.7604459459459461,-0.0025702762771932647
0.7611966966966969,-0.0026106827925484535
0.7619474474474476,-0.002625695893851976
0.7626981981981983,-0.0026072576686636366
0.763448948948949,-0.002519304863467412
0.7641996996996996,-0.0023353736134407157
0.7649504504504505,-0.0021955888549797737
0.7657012012012012,-0.0021477722798811834
0.7664519519519519,-0.002112541557511439
0.7672027027027025,-0.0020774744534055103
0.7679534534534536,-0.0020633689363322646
0.7687042042042042,-0.002069356874874889
0.7694549549549551,-0.0020936358319952886
0.7702057057057056,-0.0021319854955122175
0.7709564564564562,-0.002175738520360078
0.7717072072072073,-0.002221452681059416
0.772457957957958,-0.002261658151764198
0.7732087087087086,-0.0022986138360583525
0.7739594594594593,-0.0023276925276569937
0.77471021021021,-0.0023477857698371435
0.775460960960961,-0.002362382665288848
0.7762117117117117,-0.0023680793412833717
0.7769624624624625,-0.002369617976077855
0.7777132132132131,-0.002362756032015155
0.7784639639639641,-0.0023557541721162256
0.7792147147147149,-0.002344077571963449
0.7799654654654652,-0.002329145161811298
0.7807162162162161,-0.00231212242987347
0.7814669669669669,-0.00229292985219582
0.7822177177177176,-0.0022768381805695504
0.7829684684684683,-0.0022577873774293506
0.7837192192192194,-0.0022399164418388513
0.7844699699699701,-0.0022217120821670204
0.7852207207207208,-0.0022066817796240895
0.7859714714714716,-0.0021922585384678527
0.7867222222222222,-0.0021765890410205477
0.7874729729729729,-0.0021663199530457256
0.7882237237237237,-0.0021558219648673826
0.7889744744744743,-0.002147054147458499
0.7897252252252253,-0.0021386377765259326
0.7904759759759761,-0.0021340810962885287
0.7912267267267268,-0.0021309704804074042
0.7919774774774775,-0.0021261999855639313
0.7927282282282283,-0.002127405331368973
0.7934789789789789,-0.0021274933801209567
0.7942297297297298,-0.0021294855056867984
0.7949804804804806,-0.0021298838929774827
0.7957312312312312,-0.00213473223933644
0.7964819819819821,-0.0021402178630831464
0.7972327327327327,-0.002144355559162911
0.7979834834834834,-0.002151076035328936
0.7987342342342343,-0.0021566822319006654
0.799484984984985,-0.002164483449172371
0.8002357357357356,-0.0021706580819157648
0.8009864864864863,-0.0021779198823130286
0.8017372372372373,-0.0021855507341602947
0.8024879879879881,-0.0021912976985026212
0.8032387387387385,-0.0021994929445208443
0.8039894894894896,-0.0022042385804113204
0.8047402402402404,-0.0022115467270514555
0.8054909909909911,-0.002215552358649918
0.8062417417417418,-0.002220840254455285
0.8069924924924925,-0.0022246002785783828
0.8077432432432433,-0.0022268798152781863
0.8084939939939939,-0.0022299785889049045
0.8092447447447447,-0.0022298231598724266
0.8099954954954954,-0.002230956359786415
0.8107462462462462,-0.002228745829220738
0.8114969969969971,-0.002226926115614314
0.8122477477477479,-0.0022233578254651915
0.8129984984984985,-0.0022177113817951483
0.8137492492492494,-0.002212721876104981
0.8144999999999999,-0.0022040284425869153
0.8152507507507506,-0.002196606365159358
0.8160015015015016,-0.0021855011054851825
0.8167522522522521,-0.0021749411567023383
0.817503003003003,-0.002162550846385017
0.8182537537537538,-0.0021482735027349535
0.8190045045045046,-0.00213501965252837
0.8197552552552554,-0.0021182181966068556
0.8205060060060059,-0.0021036937404536383
0.8212567567567567,-0.0020855556335331836
0.8220075075075076,-0.002069673358155723
0.8227582582582582,-0.0020522401817640312
0.823509009009009,-0.0020351431193757347
0.8242597597597597,-0.0020198059065405158
0.8250105105105104,-0.0020036247304205945
0.8257612612612614,-0.001991166120256828
0.826512012012012,-0.001978388792165761
0.8272627627627629,-0.001970144635581768
0.8280135135135136,-0.0019641957388431136
0.8287642642642642,-0.0019616037512160955
0.829515015015015,-0.0019653973897086063
0.8302657657657658,-0.0019719553890212016
0.8310165165165165,-0.001987402298696775
0.8317672672672671,-0.0020056667187966504
0.832518018018018,-0.002033052581804265
0.8332687687687689,-0.002063980923184404
0.8340195195195196,-0.002099440406942814
0.8347702702702702,-0.0021368630415731366
0.8355210210210212,-0.0021706204895539025
0.8362717717717717,-0.0022007673000718694
0.8370225225225225,-0.0022207421552122193
0.8377732732732732,-0.002240145468533166
0.838524024024024,-0.0022328582148193558
0.8392747747747749,-0.0018795974213569092
0.8400255255255255,-0.0018525955168046376
0.8407762762762763,-0.0019766053981737537
0.841527027027027,-0.002003867134749898
0.8422777777777778,-0.0020096348623828593
0.8430285285285287,-0.0020192654020139283
0.8437792792792792,-0.0020328686592723036
0.8445300300300301,-0.0020521261282306774
0.8452807807807808,-0.0020749985410212154
0.8460315315315317,-0.00209604672358861
0.8467822822822823,-0.0021173577401507326
0.8475330330330328,-0.002131497363675433
0.8482837837837838,-0.002144063394881629
0.8490345345345345,-0.002149005214039462
0.8497852852852852,-0.0021501810094100293
0.8505360360360361,-0.0021466909009596885
0.8512867867867867,-0.0021381831774787002
0.8520375375375375,-0.0021281413953881667
0.8527882882882882,-0.0021130775076991445
0.8535390390390392,-0.002098861178681209
0.8542897897897898,-0.0020815247009129956
0.8550405405405406,-0.0020638767939930303
0.8557912912912914,-0.002046158410136903
0.8565420420420419,-0.0020271800433926124
0.8572927927927926,-0.0020116963529268617
0.8580435435435436,-0.0019936631551715008
0.8587942942942942,-0.00197967713858264
0.8595450450450449,-0.0019643127522918757
0.8602957957957957,-0.0019524457256223718
0.8610465465465466,-0.0019411737709316944
0.8617972972972973,-0.0019306494875516236
0.8625480480480479,-0.0019238676451186001
0.8632987987987987,-0.0019162244655140104
0.8640495495495495,-0.001912402153845194
0.8648003003003002,-0.0019078708091253282
0.865551051051051,-0.001906558550476431
0.8663018018018018,-0.0019061327904111858
0.8670525525525525,-0.0019058518902770188
0.8678033033033034,-0.001909336075430479
0.868554054054054,-0.0019110355941050622
0.8693048048048047,-0.0019163422949473458
0.8700555555555555,-0.0019196828890241657
0.8708063063063063,-0.0019262151979992023
0.871557057057057,-0.0019326105973872451
0.8723078078078079,-0.0019387199363457633
0.8730585585585586,-0.0019471144891988618
0.8738093093093093,-0.0019532131735725197
0.8745600600600602,-0.0019626048756095048
0.875310810810811,-0.001969010640799341
0.8760615615615617,-0.001977780383220754
0.8768123123123123,-0.0019850984622738553
0.877563063063063,-0.0019922002503781526
0.8783138138138137,-0.0020002093963043584
0.8790645645645644,-0.002005705253712249
0.8798153153153154,-0.0020132696414503076
0.880566066066066,-0.002017697576285074
0.8813168168168166,-0.002023399112044702
0.8820675675675675,-0.0020273804434023865
0.8828183183183184,-0.002030125640984176
0.8835690690690691,-0.002033712466037188
0.8843198198198197,-0.002033648056785173
0.8850705705705704,-0.0020358382532921493
0.8858213213213214,-0.0020336169654116137
0.8865720720720721,-0.002033120160519014
0.8873228228228229,-0.002029529893157578
0.8880735735735736,-0.00202532943256635
0.8888243243243242,-0.0020206341080778734
0.889575075075075,-0.0020128652133681174
0.8903258258258258,-0.0020063702386132753
0.8910765765765765,-0.0019958918732140493
0.8918273273273273,-0.001986508447459498
0.8925780780780781,-0.0019743663315989965
0.8933288288288287,-0.00196122651474542
0.8940795795795796,-0.0019480717969623598
0.8948303303303304,-0.0019316207263745683
0.8955810810810811,-0.0019171941999147034
0.8963318318318317,-0.0018986187751419891
0.8970825825825826,-0.0018823279281301383
0.897833333333333,-0.0018632053768655767
0.8985840840840841,-0.0018446659537793078
0.8993348348348348,-0.0018265027216440993
0.9000855855855856,-0.001806808797430233
0.9008363363363363,-0.0017902504895513163
0.9015870870870871,-0.001771385881894641
0.9023378378378376,-0.0017567886153166262
0.9030885885885885,-0.0017415698594374918
0.9038393393393392,-0.0017297244687034807
0.9045900900900901,-0.0017206906439619918
0.9053408408408409,-0.0017135538279026141
0.9060915915915915,-0.0017124070638599304
0.9068423423423423,-0.001712557628949965
0.9075930930930931,-0.0017195433920765835
0.9083438438438439,-0.001728379879829725
0.9090945945945946,-0.0017414848658278206
0.9098453453453452,-0.0017571983716362857
0.910596096096096,-0.0017717061533734924
0.9113468468468469,-0.0017886590187840487
0.9120975975975975,-0.0018048025021508568
0.9128483483483483,-0.0018457309601758905
0.9135990990990991,-0.0019908812947523283
0.9143498498498499,0.0021335656081830053
0.9151006006006006,-0.0016625217685687877
0.9158513513513513,-0.0017511720144619772
0.9166021021021021,-0.0017995441793727494
0.917352852852853,-0.0018328203670058205
0.9181036036036035,-0.001860572691369862
0.9188543543543544,-0.0018849765648882785
0.9196051051051051,-0.0019043311098153881
0.9203558558558558,-0.0019216447201931067
0.9211066066066067,-0.0019312307338182205
0.9218573573573572,-0.0019403000780909008
0.9226081081081081,-0.0019402491640849312
0.9233588588588587,-0.0019408564451668664
0.9241096096096096,-0.001933352386739945
0.9248603603603603,-0.0019262547871648356
0.9256111111111114,-0.0019141683527735265
0.9263618618618618,-0.0019012668075331363
0.9271126126126126,-0.0018869802003809236
0.9278633633633633,-0.001870970694272396
0.928614114114114,-0.0018559039765699281
0.9293648648648649,-0.0018395101142523532
0.9301156156156157,-0.0018241754933615573
0.9308663663663664,-0.0018093419379078025
0.9316171171171171,-0.0017945344662885117
0.9323678678678681,-0.0017825282814605044
0.9331186186186187,-0.0017694422769765066
0.9338693693693694,-0.001759998733397457
0.9346201201201201,-0.001749867553353034
0.9353708708708708,-0.001742442519337608
0.9361216216216216,-0.0017362400289794439
0.9368723723723723,-0.0017302869879475616
0.937623123123123,-0.0017282561175640254
0.9383738738738737,-0.0017241422650576543
0.9391246246246246,-0.0017253577786256052
0.9398753753753754,-0.0017236285994458311
0.9406261261261262,-0.0017269388922221685
0.941376876876877,-0.0017281659241397268
0.9421276276276276,-0.0017325137420765163
0.9428783783783785,-0.0017367243152586614
0.943629129129129,-0.0017420572035381637
0.9443798798798798,-0.0017481930329048823
0.9451306306306305,-0.0017547837330776361
0.9458813813813813,-0.001761665726611017
0.946632132132132,-0.001770068697407312
0.9473828828828826,-0.0017765402867442395
0.9481336336336336,-0.0017866419151882015
0.9488843843843843,-0.0017925840812298352
0.9496351351351351,-0.001803560482068818
0.9503858858858859,-0.0018093826590776137
0.9511366366366367,-0.0018198601431180222
0.9518873873873873,-0.0018261286572429087
0.9526381381381381,-0.0018349772221061223
0.9533888888888887,-0.0018419076555017816
0.9541396396396393,-0.0018489278282260019
0.9548903903903905,-0.0018558379397785596
0.9556411411411412,-0.0018614775033018033
0.9563918918918917,-0.0018671709308332174
0.9571426426426427,-0.0018720277177770236
0.9578933933933932,-0.0018754728821755717
0.9586441441441442,-0.0018798493299913704
0.9593948948948949,-0.0018808535845580149
0.9601456456456455,-0.0018841703135753785
0.9608963963963965,-0.0018833000415268697
0.9616471471471472,-0.0018844544551153974
0.9623978978978978,-0.001882466522074716
0.9631486486486487,-0.0018804630037122239
0.9638993993993993,-0.001877829917913576
0.9646501501501501,-0.0018724899443473136
0.9654009009009009,-0.001868898344488737
0.9661516516516516,-0.0018608179933422495
0.9669024024024024,-0.0018553138961895227
0.9676531531531534,-0.0018454775566378659
0.9684039039039037,-0.0018371774361388843
0.9691546546546549,-0.001826302683799401
0.9699054054054055,-0.0018151438725678495
0.9706561561561561,-0.0018032992561743818
0.9714069069069068,-0.0017901057608919642
0.9721576576576575,-0.0017767777923658728
0.9729084084084084,-0.001762805196174392
0.9736591591591592,-0.0017474752655632225
0.9744099099099098,-0.0017339461235108614
0.9751606606606608,-0.0017170758593546276
0.9759114114114115,-0.0017046868938408316
0.9766621621621621,-0.0016877573263945345
0.9774129129129129,-0.0016767057256816265
0.9781636636636637,-0.001661756330706976
0.9789144144144144,-0.0016523022746788435
0.9796651651651651,-0.0016416710361673026
0.9804159159159158,-0.0016350984225105697
0.9811666666666666,-0.0016304545597993492
0.9819174174174174,-0.001628936077256407
0.9826681681681683,-0.001631392935649692
0.983418918918919,-0.0016373920970028377
0.9841696696696697,-0.001646908053736837
0.9849204204204204,-0.0016617747961761714
0.9856711711711713,-0.0016783469097764875
0.9864219219219219,-0.0017021147173478732
0.9871726726726725,-0.0017287481074187115
0.9879234234234237,-0.0017865503527537373
0.9886741741741744,-0.0018912244406024837
0.9894249249249247,0.048151522675419216
NaN,NaN
NaN,NaN
NaN,NaN
NaN,NaN
NaN,NaN
NaN,NaN
NaN,NaN
NaN,NaN
NaN,NaN
NaN,NaN
NaN,NaN
NaN,NaN
NaN,NaN
NaN,NaN
NaN,NaN
NaN,NaN
NaN,NaN
NaN,NaN
NaN,NaN
NaN,NaN
NaN,NaN
NaN,NaN
NaN,NaN
NaN,NaN
NaN,NaN
NaN,NaN
NaN,NaN
NaN,NaN
NaN,NaN
NaN,NaN
NaN,NaN
NaN,NaN
NaN,NaN
NaN,NaN
NaN,NaN
NaN,NaN
NaN,NaN
NaN,NaN
NaN,NaN
NaN,NaN
NaN,NaN
NaN,NaN
NaN,NaN
NaN,NaN
NaN,NaN
NaN,NaN
NaN,NaN
NaN,NaN
NaN,NaN
NaN,NaN
NaN,NaN
NaN,NaN
NaN,NaN
NaN,NaN
NaN,NaN
NaN,NaN
NaN,NaN
NaN,NaN
NaN,NaN
NaN,NaN
NaN,NaN
NaN,NaN
NaN,NaN
NaN,NaN
NaN,NaN
NaN,NaN
NaN,NaN
NaN,NaN
NaN,NaN
NaN,NaN
NaN,NaN
NaN,NaN
NaN,NaN
NaN,NaN
NaN,NaN
NaN,NaN
NaN,NaN
NaN,NaN
NaN,NaN
NaN,NaN
NaN,NaN
NaN,NaN
NaN,NaN
NaN,NaN
NaN,NaN
NaN,NaN
NaN,NaN
NaN,NaN
NaN,NaN
NaN,NaN
NaN,NaN
NaN,NaN
NaN,NaN
NaN,NaN
NaN,NaN
NaN,NaN
NaN,NaN
NaN,NaN
NaN,NaN
NaN,NaN
