0.25,-4.166929137237082E-4
0.2503751875937969,7.135270857205881E-4
0.25075037518759374,0.0010422241176783987
0.2511255627813906,0.0010841918143924731
0.2515007503751876,8.887068356017223E-4
0.2518759379689845,4.8776560596617245E-4
0.25225112556278134,-1.1841976343340461E-4
0.25262631315657835,-9.206784774468014E-4
0.25300150075037525,-0.001786002058121661
0.2533766883441721,-0.0028527806512459015
0.25375187593796905,-0.003869859094400725
0.25412706353176584,-0.005056535040917422
0.2545022511255628,-0.00614848428391114
0.2548774387193597,-0.007365523280142734
0.2552526263131566,-0.00848874855279348
0.25562781390695344,-0.00968233673258598
0.2560030015007504,-0.01081742121461447
0.25637818909454724,-0.011974749820576305
0.25675337668834414,-0.013090275408624386
0.257128564282141,-0.01420355085065749
0.25750375187593794,-0.015283961800722803
0.25787893946973484,-0.016350769790508667
0.25825412706353174,-0.017389849288843285
0.25862931465732864,-0.018409141374110233
0.2590045022511254,-0.019403342073287616
0.2593796898449225,-0.020374244827129222
0.25975487743871933,-0.021321872847070343
0.26013006503251623,-0.022245552263553695
0.2605052526263131,-0.02314773239282252
0.26088044022011003,-0.02402528119635715
0.26125562781390693,-0.024883368304280312
0.26163081540770383,-0.025714626994285575
0.26200600300150073,-0.026528667310607473
0.26238119059529763,-0.027313960169877315
0.26275637818909453,-0.02808503700439549
0.2631315657828914,-0.02882724219515591
0.26350675337668833,-0.029557965519700895
0.26388194097048523,-0.030258255283172372
0.26425712856428213,-0.030950637752495395
0.26463231615807903,-0.03161134125352982
0.265007503751876,-0.03226269372797138
0.26538269134567294,-0.032885964356203
0.26575787893946956,-0.03349717209190603
0.2661330665332666,-0.034086368234933606
0.2665082541270636,-0.034660346035723794
0.26688344172086037,-0.035217250807788675
0.2672586293146574,-0.035754662605163474
0.2676338169084543,-0.0362799181603697
0.2680090045022511,-0.03677999061207646
0.268384192096048,-0.03727465348556925
0.26875937968984487,-0.03774338947323663
0.2691345672836419,-0.03820850719920008
0.2695097548774388,-0.03864827786802672
0.2698849424712355,-0.03908603484690961
0.2702601300650324,-0.03949669152692003
0.2706353176588295,-0.0399075158907369
0.27101050525262627,-0.04029051594535875
0.2713856928464232,-0.04067382306321395
0.27176088044022007,-0.04103364097012971
0.2721360680340169,-0.041392102444883075
0.272511255627814,-0.0417297939880462
0.27288644322161076,-0.042066007134516664
0.2732616308154078,-0.04238110018984228
0.2736368184092045,-0.0426948150943573
0.27401200600300146,-0.04298871812794321
0.2743871935967984,-0.04327994588992306
0.2747623811905953,-0.043556365140158475
0.2751375687843923,-0.04382812731448045
0.27551275637818906,-0.044088059539454556
0.27588794397198596,-0.04434191209580211
0.27626313156578297,-0.04458513174448588
0.2766383191595798,-0.0448199387404063
0.2770135067533767,-0.04504683235013652
0.27738869434717367,-0.04526480055086678
0.2777638819409705,-0.04547802937243516
0.27813906953476736,-0.04568181380629299
0.27851425712856426,-0.04588286298387387
0.27888944472236116,-0.04607169862928851
0.2792646323161581,-0.04626110504988112
0.279639819909955,-0.04643680101450736
0.2800150075037518,-0.04661119677145754
0.2803901950975488,-0.04677707166787614
0.28076538269134577,-0.04693908612856674
0.2811405702851426,-0.04709617881168526
0.28151575787893957,-0.04724744965253426
0.2818909454727363,-0.047395983063560965
0.2822661330665332,-0.047534368601899045
0.28264132066033015,-0.04767384894183904
0.283016508254127,-0.047804110290208375
0.28339169584792395,-0.047932701215804216
0.2837668834417209,-0.04805673086912087
0.2841420710355178,-0.04817725438360705
0.2845172586293146,-0.048295179255746376
0.28489244622311166,-0.04840644056112859
0.2852676338169085,-0.048517941059303994
0.28564282141070535,-0.0486216636215615
0.28601800900450225,-0.048724031386658366
0.2863931965982992,-0.048822986426523794
0.28676838419209605,-0.048919248032992066
0.287143571785893,-0.04901378061815521
0.2875187593796898,-0.049104271023341806
0.28789394697348675,-0.04919420729702638
0.2882691345672836,-0.04927772043106849
0.2886443221610805,-0.049361044765629115
0.2890195097548775,-0.049440148956002024
0.28939469734867446,-0.04951822867339965
0.28976988494247125,-0.04959432853544681
0.2901450725362682,-0.04966891051497262
0.2905202601300651,-0.04974142444984937
0.29089544772386206,-0.04981156019089121
0.2912706353176588,-0.04987906728840159
0.2916458229114556,-0.04994376076513892
0.2920210105052526,-0.0500074379865836
0.2923961980990496,-0.05006968239885861
0.29277138569284644,-0.05013080351256717
0.29314657328664323,-0.050190556301251604
0.2935217608804403,-0.0502497167845198
0.2938969484742371,-0.050304712156465946
0.29427213606803393,-0.05036033777907258
0.2946473236618309,-0.05041226285478526
0.29502251125562773,-0.050463849189045104
0.2953976988494247,-0.05051450030686329
0.29577288644322164,-0.05056455046303258
0.2961480740370184,-0.05061386696794073
0.29652326163081544,-0.050661180853954095
0.2968984492246122,-0.05070849659123079
0.29727363681840924,-0.050751594772212014
0.297648824412206,-0.05079550363669264
0.2980240120060029,-0.05083792190429414
0.2983991995997999,-0.05087997834292078
0.29877438719359684,-0.05092174855011846
0.2991495747873937,-0.05096284520318317
0.2995247623811905,-0.05100360266353385
0.2998999499749875,-0.05104082076904966
0.3002751375687845,-0.051079200683332826
0.3006503251625813,-0.051115308541211414
0.30102551275637823,-0.05115145673093491
0.301400700350175,-0.051187381812725315
0.301775887943972,-0.051223691697711064
0.30215107553776893,-0.05125936448430226
0.3025262631315659,-0.0512937061222888
0.3029014507253626,-0.05132782145209628
0.3032766383191595,-0.05136022901102998
0.3036518259129565,-0.05139245750254874
0.3040270135067534,-0.05142454329015924
0.30440220110055033,-0.05145778576633654
0.30477738869434706,-0.0514904293895825
0.30515257628814396,-0.05152359438629473
0.3055277638819411,-0.051555627343874214
0.30590295147573804,-0.05158787307816181
0.3062781390695349,-0.05161870197560792
0.3066533266633318,-0.05165005887669145
0.30702851425712846,-0.05168236097640404
0.30740370185092547,-0.05171548710773229
0.3077788894447223,-0.05174923596317226
0.30815407703851916,-0.051783826747527746
0.3085292646323163,-0.05181856975059111
0.30890445222611307,-0.051852471415243094
0.3092796398199098,-0.05188724131964397
0.3096548274137069,-0.051923583108133935
0.3100300150075039,-0.05196091811597056
0.3104052026013008,-0.05200014036634625
0.3107803901950976,-0.05204211106321744
0.3111555777888944,-0.052084216397103006
0.31153076538269137,-0.05212815030198421
0.31190595297648804,-0.05217278201521656
0.31228114057028517,-0.05221973790523878
0.3126563281640821,-0.052269322189092936
0.3130315157578789,-0.05232092189144793
0.3134067033516759,-0.052379440788324995
0.31378189094547265,-0.05243617670150582
0.31415707853926966,-0.05249961024873399
0.31453226613306656,-0.052564581112032334
0.31490745372686346,-0.05263266573856158
0.31528264132066025,-0.052707775020101114
0.31565782891445726,-0.05278253330579611
0.3160330165082541,-0.05286816450765883
0.31640820410205095,-0.05295622549685835
0.31678339169584796,-0.05305073631807621
0.3171585792896447,-0.05315502122987337
0.3175337668834417,-0.053258758876140296
0.3179089544772385,-0.05337387907050404
0.3182841420710356,-0.05349498470925209
0.31865932966483235,-0.053622053327711416
0.3190345172586293,-0.05376707194733338
0.31940970485242626,-0.053908229677216375
0.31978489244622293,-0.054065745269456796
0.32016008004002006,-0.05423455674198714
0.32053526763381684,-0.05440338447618649
0.32091045522761386,-0.05459226822675197
0.3212856428214107,-0.05478389076181293
0.3216608304152077,-0.05498336411389394
0.3220360180090045,-0.05522296898400579
0.32241120560280134,-0.05543275600541079
0.3227863931965983,-0.055683976924010815
0.3231615807903952,-0.05601827136745817
0.3235367683841921,-0.056287068527631906
0.323911955977989,-0.05673255021089134
0.3242871435717859,-0.057266872715755625
0.3246623311655828,-0.05779494388530075
0.3250375187593798,-0.056716713846063
0.3254127063531766,-0.055054776664599854
0.32578789394697344,-0.053132300412956156
0.3261630815407705,-0.051621674435700385
0.3265382691345672,-0.050282142222130864
0.32691345672836414,-0.04898556526526425
0.3272886443221612,-0.04787863716705731
0.327663831915958,-0.0467876034723073
0.32803901950975484,-0.04580673488902124
0.32841420710355185,-0.04484582110481083
0.32878939469734886,-0.043946838401847044
0.3291645822911454,-0.04306698375453054
0.3295397698849426,-0.042224167155264274
0.32991495747873933,-0.04140133727999622
0.3302901450725362,-0.040601141212497
0.33066533266633313,-0.03982412425931925
0.33104052026013003,-0.03906277103826268
0.33141570785392693,-0.03832868335319245
0.33179089544772383,-0.037608483390651766
0.3321660830415206,-0.03691781765170795
0.3325412706353176,-0.036241231166658526
0.3329164582291146,-0.03559422291249776
0.3332916458229114,-0.034960906805940925
0.3336668334167083,-0.03435630421152016
0.33404202101050523,-0.0337662475865109
0.334417208604302,-0.033203101331334105
0.33479239619809903,-0.03265624269689764
0.3351675837918959,-0.03213362860832446
0.33554277138569283,-0.03162810246784689
0.3359179589794897,-0.031144451580070797
0.3362931465732865,-0.030677406497269584
0.3366683341670836,-0.030230224971796813
0.3370435217608805,-0.029799574778570696
0.33741870935467727,-0.029386839781076868
0.3377938969484743,-0.028990517301088467
0.3381690845422711,-0.02861031366073664
0.33854427213606814,-0.028245596429772354
0.3389194597298649,-0.027895806691322078
0.3392946473236619,-0.02756023034013402
0.3396698349174587,-0.027238741957915917
0.34004502251125557,-0.02693002489460395
0.3404202101050526,-0.02663530452251789
0.3407953976988495,-0.02635105329682872
0.34117058529264643,-0.026081356240823972
0.3415457728864432,-0.025819981376733796
0.3419209604802401,-0.025573024984726564
0.34229614807403713,-0.02533339669406289
0.34267133566783387,-0.02510721636693841
0.34304652326163104,-0.024887971776053654
0.3434217108554277,-0.024680790632046205
0.3437968984492245,-0.024480556312492793
0.34417208604302135,-0.02429056823735182
0.34454727363681853,-0.024107601052668428
0.34492246123061543,-0.02393393788955814
0.3452976488244123,-0.02376701970840709
0.3456728364182091,-0.023608493987054783
0.34604802401200596,-0.02345640202125954
0.346423211605803,-0.02331187580567131
0.3467983991995998,-0.023173446303542653
0.3471735867933966,-0.023041540049450998
0.3475487743871935,-0.022915861873877195
0.34792396198099046,-0.022795727877250958
0.3482991495747874,-0.022681937573796752
0.3486743371685842,-0.022572595714358868
0.349049524762381,-0.022469927455975442
0.34942471235617806,-0.022370228689962114
0.349799899949975,-0.022277889821747703
0.35017508754377197,-0.02218710104189421
0.3505502751375687,-0.022104058834012244
0.3509254627313657,-0.022022006757177876
0.3513006503251626,-0.02194751738856841
0.3516758379189594,-0.021873781362782882
0.3520510255127564,-0.021806877380600515
0.35242621310655337,-0.021740853370583665
0.35280140070035027,-0.021680492189084955
0.35317658829414705,-0.021621916605509457
0.35355177588794384,-0.021567339629984784
0.35392696348174085,-0.0215157354300892
0.3543021510755378,-0.021466695269426097
0.3546773386693347,-0.02142140624032267
0.35505252626313155,-0.02137720858270446
0.3554277138569284,-0.021337938311458995
0.35580290145072546,-0.021298349960121827
0.35617808904452225,-0.021264006096410475
0.3565532766383192,-0.021230123456417036
0.35692846423211594,-0.021199471197161
0.35730365182591306,-0.02117046363305935
0.3576788394197098,-0.021143425083395624
0.3580540270135067,-0.021118899691152927
0.35842921460730365,-0.021094729613511713
0.35880440220110066,-0.02107441039086512
0.3591795897948974,-0.021054039794310288
0.3595547773886944,-0.021036680601794252
0.35992996498249125,-0.021020145327460524
0.36030515257628815,-0.021005338126746077
0.36068034017008505,-0.0209921154156676
0.36105552776388194,-0.020979409607937222
0.3614307153576789,-0.020969388316234377
0.36180590295147586,-0.0209591133026807
0.36218109054527264,-0.02095129372736781
0.3625562781390695,-0.020944047337163874
0.36293146573286644,-0.020938046898640005
0.3633066533266633,-0.02093308810365676
0.3636818409204603,-0.02092896084945377
0.36405702851425714,-0.02092607731303543
0.36443221610805415,-0.020923369881933572
0.36480740370185094,-0.02092234427368716
0.3651825912956479,-0.020921462481834616
0.36555777888944474,-0.02092198996870876
0.3659329664832416,-0.02092270625648509
0.3663081540770385,-0.020924673146865306
0.3666833416708354,-0.020926508603677427
0.3670585292646324,-0.020929904078723947
0.3674337168584293,-0.020932872528619903
0.3678089044522262,-0.02093706985119003
0.3681840920460231,-0.020941501555453882
0.36855927963981994,-0.020946517841471973
0.3689344672336168,-0.020952008392936615
0.3693096548274137,-0.02095772904553843
0.3696848424212106,-0.02096417455447099
0.37006003001500754,-0.020969993860114652
0.3704352176088043,-0.02097743284710248
0.3708104052026012,-0.020984229839804146
0.3711855927963983,-0.02099181649020839
0.3715607803901951,-0.02099945273649604
0.37193596798399203,-0.021007340435385026
0.37231115557778893,-0.021015436593740843
0.3726863431715858,-0.02102336621075246
0.3730615307653827,-0.021031963416988462
0.3734367183591795,-0.02103976394315179
0.3738119059529764,-0.021048551447335147
0.37418709354677343,-0.021057018806003466
0.37456228114057033,-0.021065615182219815
0.37493746873436706,-0.02107420057650261
0.37531265632816413,-0.02108264009727543
0.3756878439219609,-0.02109129764177526
0.376063031515758,-0.021099076924291117
0.3764382191095548,-0.021107711847460586
0.3768134067033518,-0.0211157520021945
0.3771885942971485,-0.021123801647939693
0.37756378189094547,-0.021131654949730183
0.3779389694847424,-0.021139337387769547
0.3783141570785392,-0.021146789267235597
0.3786893446723361,-0.021153706096231985
0.3790645322661329,-0.02116065494270391
0.3794397198599299,-0.021167094844953986
0.37981490745372687,-0.02117334457282717
0.3801900950475237,-0.021179146831382254
0.38056528264132056,-0.02118483834436008
0.3809404702351175,-0.021189783454289398
0.38131565782891447,-0.021194422831139464
0.3816908454227113,-0.021198451650755016
0.38206603301650816,-0.02120201669978947
0.3824412206103053,-0.021205112605037917
0.38281640820410195,-0.02120740153069079
0.383191595797899,-0.0212096787233765
0.38356678339169586,-0.021210655111400013
0.3839419709854927,-0.021211317664848565
0.38431715857928966,-0.021211207500967864
0.3846923461730866,-0.02121010244917127
0.38506753376688324,-0.02120855837409768
0.3854427213606804,-0.021205503927105126
0.3858179089544772,-0.0212025588259537
0.3861930965482743,-0.02119780904200724
0.38656828414207095,-0.021192370950844707
0.38694347173586785,-0.021186454336601275
0.38731865932966486,-0.021178134782121303
0.38769384692346165,-0.02117014536774005
0.38806903451725877,-0.021159331120253283
0.3884442221110555,-0.021148335228075014
0.38881940970485246,-0.021136176790268427
0.3891945972986493,-0.021121227921705454
0.3895697848924463,-0.0211077240145295
0.38994497248624294,-0.021088404085192265
0.39032016008004,-0.021069911509516145
0.390695347673837,-0.021049149374950386
0.39107053526763397,-0.021025119483663566
0.3914457228614308,-0.021002986425672457
0.3918209104552275,-0.020972569149248988
0.3921960980490245,-0.020943142113772146
0.3925712856428214,-0.020910705192605836
0.39294647323661824,-0.02087173455384038
0.39332166083041514,-0.020834351241204686
0.3936968484242121,-0.02078568592968135
0.394072036018009,-0.02073472392161287
0.39444722361180606,-0.020680271025325995
0.3948224112056028,-0.020609021013176444
0.39519759879939975,-0.020536215988713313
0.3955727863931965,-0.02044365275711758
0.3959479739869934,-0.020333707876710037
0.39632316158079034,-0.020216377559282947
0.39669834917458724,-0.020051890047902494
0.39707353676838414,-0.019870186885855307
0.39744872436218104,-0.019656343987766486
0.397823911955978,-0.019393621173190136
0.39819909954977495,-0.019105062290326155
0.3985742871435718,-0.018786196390813734
0.3989494747373686,-0.018464114591577173
0.3993246623311655,-0.0181308157723018
0.3996998499249626,-0.017882297106404224
0.4000750375187593,-0.017679414597264017
0.4004502251125562,-0.017549042036447023
0.40082541270635325,-0.017503097432869617
0.4012006003001501,-0.01752900401740295
0.4015757878939471,-0.01758433270994226
0.40195097548774383,-0.017675832822477058
0.4023261630815406,-0.017758414124243938
0.40270135067533763,-0.017837123103520484
0.4030765382691346,-0.01790076156584512
0.40345172586293154,-0.017935012327090695
0.40382691345672833,-0.017961460253987885
0.4042021010505253,-0.01794667693693359
0.4045772886443221,-0.017932681047436966
0.404952476238119,-0.017876589632054445
0.405327663831916,-0.017825303715863758
0.4057028514257129,-0.017739798326971437
0.4060780390195096,-0.017659627843214915
0.4064532266133067,-0.017551641840981527
0.40682841420710353,-0.01744899630248475
0.4072036018009004,-0.017324843637263682
0.40757878939469727,-0.01720584327853642
0.4079539769884943,-0.017071233282471995
0.4083291645822911,-0.016941495519890097
0.408704352176088,-0.016800721815611614
0.4090795397698848,-0.01666478889584413
0.4094547273636819,-0.01652027150769242
0.4098299149574787,-0.01638070525951865
0.4102051025512756,-0.016234801446120113
0.41058029014507263,-0.01609380786585743
0.4109554777388695,-0.015948638199185645
0.4113306653326664,-0.015808034098192748
0.4117058529264632,-0.01566482564941977
0.41208104052026007,-0.0155262057145393
0.412456228114057,-0.015385472607571163
0.4128314157078539,-0.015249381850100694
0.41320660330165077,-0.015112051724371516
0.4135817908954478,-0.014978923055032288
0.4139569784892447,-0.014845887714852454
0.41433216608304135,-0.014716060100790015
0.4147073536768383,-0.014587562779638642
0.4150825412706353,-0.014461860355722085
0.4154577288644321,-0.014337862285918924
0.41583291645822906,-0.01421640773141981
0.416208104052026,-0.014097245040433633
0.41658329164582275,-0.013980275752909601
0.4169584792396197,-0.013865996621191907
0.4173336668334167,-0.013753736002345387
0.4177088544272136,-0.01364405676994378
0.41808404202101046,-0.013536760863747516
0.4184592296148073,-0.013431746691193446
0.41883441720860415,-0.013329487200228182
0.41920960480240116,-0.013229138661171001
0.4195847923961981,-0.013131944871043265
0.41995997998999496,-0.01303613711222361
0.4203351675837918,-0.012943811425668967
0.42071035517758887,-0.01285268938021363
0.42108554277138555,-0.012765078433539785
0.4214607303651826,-0.012678616744656033
0.42183591795897946,-0.01259580017019502
0.42221110555277624,-0.0125137276913814
0.4225862931465732,-0.012435783254651849
0.4229614807403703,-0.012357758286136417
0.42333666833416705,-0.01228441502626954
0.4237118559279639,-0.01221117050633837
0.4240870435217608,-0.012141693428493286
0.42446223111555786,-0.012073012479955385
0.4248374187093548,-0.01200753514029642
0.4252126063031516,-0.011943176768944273
0.4255877938969484,-0.01188157618995006
0.42596298149074546,-0.011821336285188368
0.42633816908454214,-0.011763251379629703
0.4267133566783392,-0.011707096840075365
0.427088544272136,-0.011652552890720721
0.4274637318659331,-0.011600340004972039
0.4278389194597298,-0.011549193507191661
0.4282141070535268,-0.011500818832311065
0.4285892946473237,-0.011452658194355531
0.42896448224112077,-0.01140798460887323
0.4293396698349174,-0.011363412930347074
0.4297148574287144,-0.011321526899058963
0.43009004502251136,-0.01128051193939804
0.43046523261630815,-0.011241438753183565
0.43084042021010505,-0.01120370527144562
0.43121560780390195,-0.011167308140172878
0.43159079539769885,-0.011132700103855168
0.4319659829914958,-0.011098650645634518
0.43234117058529264,-0.011066938584588185
0.43271635817908943,-0.011035669079059708
0.4330915457728865,-0.011006476818184766
0.43346673336668334,-0.010977988659314172
0.43384192096048013,-0.010951045086023747
0.4342171085542772,-0.010925139183266168
0.43459229614807404,-0.01090016289439245
0.43496748374187094,-0.010876676643502642
0.43534267133566784,-0.010853679284990495
0.43571785892946485,-0.010832434878644253
0.43609304652326164,-0.01081171754902
0.4364682341170585,-0.010792326171157005
0.43684342171085544,-0.010773710631352813
0.4372186093046523,-0.010755965298512514
0.4375937968984492,-0.010739334189290748
0.43796898449224597,-0.010723061507998956
0.4383441720860431,-0.010708181703392107
0.43871935967983977,-0.010693686731234662
0.4390945472736369,-0.010680385358293845
0.4394697348674337,-0.010667458285486209
0.4398449224612307,-0.010655685776595591
0.44022011005502754,-0.01064413402204327
0.4405952976488243,-0.010633680197484532
0.4409704852426214,-0.010623513983309824
0.4413456728364181,-0.010614156834039882
0.44172086043021513,-0.010605370259974201
0.4420960480240118,-0.010597148092295047
0.4424712356178089,-0.010589572534353492
0.4428464232116058,-0.010582309156749696
0.4432216108054027,-0.01057589647020626
0.4435967983991995,-0.010569341557299577
0.4439719859929964,-0.01056389160664314
0.44434717358679343,-0.010558503456829843
0.44472236118059033,-0.010553715217480794
0.4450975487743872,-0.010549242856664663
0.44547273636818424,-0.01054517475072089
0.4458479239619811,-0.010541490274400952
0.44622311155577804,-0.01053787656205963
0.4465982991495748,-0.010534886743586349
0.44697348674337156,-0.010531805182911483
0.4473486743371685,-0.010529326106726161
0.4477238619309656,-0.010526921431277588
0.4480990495247624,-0.010524833331177078
0.4484742371185593,-0.01052290998829424
0.4488494247123563,-0.010521110328858146
0.4492246123061532,-0.010519603107729944
0.4495997998999499,-0.010517842566184946
0.4499749874937468,-0.01051664962349164
0.45035017508754377,-0.01051534270624345
0.4507253626813406,-0.010514201714111326
0.45110055027513757,-0.010513094038743896
0.4514757378689347,-0.010511989060219839
0.4518509254627313,-0.010510965242917312
0.45222611305652816,-0.010509510190895735
0.45260130065032533,-0.010508485462431294
0.4529764882441222,-0.010507124491261599
0.453351675837919,-0.010505745973916146
0.45372686343171587,-0.010504272010620161
0.4541020510255128,-0.010502710450635805
0.4544772386193097,-0.010501008995756369
0.45485242621310656,-0.010499041920230701
0.45522761380690363,-0.010497072550706739
0.45560280140070036,-0.01049478651055973
0.4559779889944971,-0.010492371151406362
0.4563531765882941,-0.010489607203909186
0.45672836418209095,-0.010486827058133506
0.45710355177588813,-0.010483269193638178
0.4574787393696848,-0.010479575656071594
0.4578539269634819,-0.01047525569925941
0.45822911455727866,-0.010470391564175384
0.4586043021510756,-0.010465105088558501
0.4589794897448724,-0.010459022364384103
0.4593546773386693,-0.010453070843187438
0.4597298649324663,-0.010445742341622082
0.4601050525262632,-0.010438559098005255
0.46048024012005995,-0.010430641906591246
0.46085542771385696,-0.01042221280009394
0.46123061530765375,-0.010413747954816784
0.4616058029014506,-0.010403918125218728
0.46198099049524777,-0.010394425588448828
0.4623561780890446,-0.010383070361793435
0.46273136568284134,-0.010371093455447086
0.4631065532766382,-0.010358326315424606
0.46348174087043503,-0.010342947515655664
0.46385692846423215,-0.010327537924089749
0.46423211605802883,-0.01030874448352617
0.46460730365182595,-0.010289789051391792
0.464982491245623,-0.010270626458529811
0.46535767883941964,-0.010250133643457773
0.46573286643321665,-0.010232302628463223
0.4661080540270135,-0.010210436800518308
0.46648324162081045,-0.010187679845112934
0.46685842921460735,-0.010161301311376589
0.46723361680840414,-0.010127759222747496
0.4676088044022011,-0.010094093387594594
0.46798399199599805,-0.010054358138139523
0.46835917958979484,-0.01001548657761159
0.46873436718359196,-0.009977564446447991
0.4691095547773888,-0.00993216663863871
0.46948474237118576,-0.00988601038657428
0.46985992996498255,-0.009828155491680604
0.4702351175587795,-0.009761106081392674
0.4706103051525763,-0.009689415438896109
0.47098549274637325,-0.009600059047713062
0.47136068034017,-0.009507139295030201
0.47173586793396693,-0.009404394435835127
0.4721110555277639,-0.009290524991454293
0.4724862431215608,-0.009169418572182769
0.4728614307153578,-0.009040989060290567
0.47323661830915437,-0.008909786856125609
0.4736118059029515,-0.008774720086277587
0.4739869934967483,-0.008660238129291318
0.4743621810905453,-0.008550946485541779
0.47473736868434213,-0.008461809159851553
0.47511255627813914,-0.00840965897782852
0.4754877438719359,-0.00836189586633446
0.475862931465733,-0.008366043980532397
0.4762381190595296,-0.008373994047019112
0.4766133066533266,-0.008416798467395018
0.4769884942471238,-0.008465317805252667
0.47736368184092043,-0.008529254591291899
0.4777388694347174,-0.008595683405646466
0.4781140570285142,-0.008663507764844204
0.47848924462231107,-0.008728300458262034
0.4788644322161079,-0.00878760418918239
0.47923961980990504,-0.008839066617160435
0.4796148074037018,-0.008883641298530968
0.4799899949974987,-0.008917262177085328
0.4803651825912956,-0.008945346665220153
0.4807403701850925,-0.008961026053465089
0.48111555777888926,-0.008973212861052831
0.4814907453726862,-0.008972707534414074
0.4818659329664833,-0.008970704642121977
0.4822411205602802,-0.008956647786371867
0.48261630815407697,-0.008942582869350593
0.4829914957478738,-0.00891774799837447
0.4833666833416708,-0.008893911261660623
0.4837418709354676,-0.00886077307717929
0.48411705852926484,-0.008829045754658546
0.4844922461230616,-0.008789569682538054
0.4848674337168584,-0.008751589183242625
0.4852426213106553,-0.008707363663913517
0.4856178089044522,-0.008664498416606981
0.48599299649824906,-0.008616921608167478
0.48636818409204613,-0.008570471938073155
0.4867433716858431,-0.008520560929886995
0.48711855927964004,-0.008471451517022409
0.4874937468734366,-0.008419955920506116
0.4878689344672337,-0.00836895603120851
0.4882441220610305,-0.008316449496476577
0.4886193096548275,-0.008264240923904265
0.4889944972486243,-0.00821129896050626
0.4893696848424212,-0.00815854333898125
0.48974487243621817,-0.008105574460009578
0.490120060030015,-0.008052724789797138
0.49049524762381197,-0.00799997439885956
0.49087043521760876,-0.007947380241278229
0.4912456228114056,-0.00789510402380571
0.49162081040520267,-0.007843159414948377
0.49199599799899957,-0.0077916037764618066
0.4923711855927963,-0.007740655563547683
0.4927463731865932,-0.007690064010276523
0.4931215607803902,-0.007640325556365499
0.4934967483741872,-0.007590725432009408
0.49387193596798395,-0.007542343512827372
0.49424712356178085,-0.007493915260420449
0.4946223111555777,-0.007447100055070935
0.49499749874937476,-0.007400154712731778
0.4953726863431716,-0.007354880965799496
0.49574787393696845,-0.007309592866616372
0.4961230615307653,-0.007265909620538117
0.49649824912456225,-0.007222296712901417
0.49687343671835893,-0.007180160272102935
0.4972486243121562,-0.0071383229218827116
0.49762381190595295,-0.007097840124201065
0.4979989994997499,-0.007057879918036576
0.49837418709354697,-0.0070190821142131505
0.49874937468734387,-0.0069810613531290314
0.4991245622811405,-0.006943905534181116
0.49949974987493756,-0.006907754006395353
0.4998749374687344,-0.0068722166805614895
0.5002501250625313,-0.006837968938288643
0.500625312656328,-0.006804048269049988
0.501000500250125,-0.0067717474088867715
0.501375687843922,-0.006739530005764953
0.5017508754377189,-0.006709124620647145
0.5021260630315159,-0.006678658186575818
0.5025012506253125,-0.006649879341116557
0.5028764382191095,-0.006621267080595482
0.5032516258129065,-0.006593991907386195
0.5036268134067032,-0.006567206727491806
0.5040020010005003,-0.006541444896994801
0.5043771885942973,-0.006516493425144686
0.5047523761880941,-0.0064921916615540394
0.5051275637818909,-0.00646894003679351
0.5055027513756877,-0.006446017856645549
0.5058779389694847,-0.0064243861613510235
0.5062531265632818,-0.006402879064018606
0.5066283141570787,-0.006382806124415455
0.5070035017508754,-0.006362967309085952
0.5073786893446723,-0.006344167710772444
0.5077538769384691,-0.0063258776289240705
0.5081290645322658,-0.0063082676754810715
0.508504252126063,-0.006291401439849684
0.5088794397198598,-0.0062749473490079045
0.5092546273136568,-0.006259481934909222
0.5096298149074537,-0.006244226434924356
0.5100050025012506,-0.006230065406117374
0.5103801900950474,-0.006216186438746915
0.5107553776888443,-0.006203058181220383
0.5111305652826413,-0.006190393506613265
0.5115057528764381,-0.006178216765650852
0.5118809404702351,-0.006166716366953959
0.512256128064032,-0.0061554493193948364
0.5126313156578288,-0.006145118809219282
0.5130065032516259,-0.006134969729114225
0.5133816908454228,-0.006125574198418176
0.5137568784392197,-0.0061164137078837475
0.5141320660330168,-0.006107843766927906
0.5145072536268137,-0.0060996002046482724
0.5148824412206103,-0.006091817196448101
0.5152576288144071,-0.006084462445806743
0.515632816408204,-0.006077467872669995
0.516008004002001,-0.006070990660875746
0.5163831915957978,-0.006064732988738832
0.5167583791895948,-0.00605902374001392
0.5171335667833916,-0.006053411983541066
0.5175087543771886,-0.006048356959634217
0.5178839419709855,-0.006043419343243884
0.5182591295647825,-0.006038968702972346
0.5186343171585791,-0.006034728071568463
0.5190095047523763,-0.006030835139183519
0.5193846923461731,-0.00602722426678768
0.5197598799399701,-0.006023774477581264
0.5201350675337667,-0.006020671728351409
0.5205102551275638,-0.006017630781176755
0.5208854427213606,-0.006015019850915264
0.5212606303151577,-0.006012432330232087
0.5216358179089545,-0.006010226990167366
0.5220110055027514,-0.006008132964319944
0.5223861930965482,-0.006006228915707323
0.5227613806903453,-0.006004482880774754
0.5231365682841422,-0.0060027921274546335
0.523511755877939,-0.006001340513838047
0.523886943471736,-0.005999838057494417
0.5242621310655329,-0.00599867470086523
0.5246373186593295,-0.005997493596988563
0.5250125062531265,-0.0059964647564799325
0.5253876938469234,-0.0059954847262428095
0.5257628814407204,-0.005994485186249585
0.5261380690345173,-0.005993593124778283
0.5265132566283142,-0.005992601623097601
0.5268884442221112,-0.005991775607621836
0.527263631815908,-0.00599085881896563
0.5276388194097048,-0.005989993158180525
0.5280140070035017,-0.005989101811822247
0.5283891945972992,-0.005988100640878462
0.5287643821910956,-0.005987071960812271
0.5291395697848923,-0.005985910805823957
0.5295147573786895,-0.005984649434291462
0.529889944972486,-0.005983267743942181
0.5302651325662832,-0.005981782767114371
0.53064032016008,-0.005980147453720553
0.531015507753877,-0.005978401447677464
0.5313906953476738,-0.005976340341056515
0.5317658829414708,-0.005974126702731212
0.5321410705352675,-0.005971591421596965
0.5325162581290647,-0.00596879909763551
0.5328914457228616,-0.005965804875712241
0.5332666333166584,-0.005962354863961655
0.5336418209104553,-0.00595888271932384
0.5340170085042522,-0.0059546685580633505
0.5343921960980491,-0.005950287652504274
0.534767383691846,-0.00594540765876064
0.5351425712856426,-0.005939932552483264
0.5355177588794396,-0.005934399317810654
0.5358929464732367,-0.005927683550668785
0.5362681340670334,-0.0059210584426740084
0.5366433216608304,-0.005913428848477923
0.5370185092546275,-0.0059052769815121095
0.5373936968484244,-0.005896834669661342
0.537768884442221,-0.005886802269587121
0.538144072036018,-0.005877010121267003
0.538519259629815,-0.005865389029481208
0.5388944472236119,-0.005853387552985541
0.5392696348174087,-0.0058408417703694005
0.5396448224112056,-0.0058262442839598265
0.5400200100050027,-0.0058120750116055706
0.5403951975987991,-0.005795028215012879
0.5407703851925962,-0.005777568412761708
0.5411455727863932,-0.0057591402214988525
0.5415207603801901,-0.00573768025993746
0.541895947973987,-0.005716695459785493
0.542271135567784,-0.005691543432434293
0.5426463231615809,-0.0056653498619631355
0.5430215107553779,-0.0056377439196443595
0.5433966983491746,-0.005605004283664042
0.5437718859429714,-0.005572063688696219
0.5441470735367684,-0.005533484750151732
0.5445222611305652,-0.005491824657406692
0.5448974487243621,-0.005448189711135103
0.5452726363181591,-0.005396512879128238
0.5456478239119562,-0.005343078242144254
0.5460230115057528,-0.0052841216527747675
0.5463981990995497,-0.0052205056897539235
0.5467733866933466,-0.005153856502862152
0.5471485742871435,-0.0050837099442865635
0.5475237618809405,-0.0050120468342970915
0.5478989494747372,-0.004939325758342283
0.5482741370685343,-0.004871745930898521
0.5486493246623312,-0.004804472282523415
0.5490245122561284,-0.004747500486530153
0.5493996998499252,-0.004700468975926976
0.5497748874437217,-0.0046564828740888855
0.5501500750375188,-0.004639063996591789
0.5505252626313156,-0.00462085158486864
0.5509004502251128,-0.0046298652087649345
0.5512756378189094,-0.00463712622066694
0.5516508254127064,-0.004670106884465082
0.5520260130065037,-0.004699428026684838
0.5524012006003003,-0.004746978640825739
0.552776388194097,-0.0047914859857754654
0.5531515757878939,-0.00484365429993716
0.5535267633816908,-0.004893843919296883
0.5539019509754876,-0.0049439697495836325
0.5542771385692846,-0.0049923624961260215
0.5546523261630816,-0.005036046562006047
0.5550275137568786,-0.005077785094589908
0.5554027013506754,-0.0051127695957974345
0.5557778889444722,-0.005145524861011384
0.5561530765382693,-0.005171055607934293
0.5565282641320661,-0.005194205385230466
0.5569034517258628,-0.005210574326925662
0.5572786393196596,-0.005224533351742135
0.5576538269134567,-0.005232491354288004
0.5580290145072537,-0.005238215396825162
0.5584042021010505,-0.005238805732752979
0.5587793896948473,-0.005237401761343587
0.5591545772886444,-0.005231649477743726
0.5595297648824413,-0.00522425772721878
0.5599049524762381,-0.005213186522833917
0.560280140070035,-0.005200821510936747
0.560655327663832,-0.005185336956530908
0.5610305152576288,-0.005168937608501553
0.5614057028514257,-0.005149873671574512
0.5617808904452225,-0.005130214427634321
0.5621560780390193,-0.005108282792374573
0.5625312656328163,-0.0050860477727242195
0.5629064532266133,-0.005061873750551186
0.5632816408204102,-0.00503761661235897
0.5636568284142074,-0.005011753101076649
0.5640320160080039,-0.004985976639792847
0.564407203601801,-0.004958895324227218
0.5647823911955977,-0.004931995518742933
0.5651575787893948,-0.004904117857020722
0.5655327663831917,-0.004876458452492232
0.5659079539769883,-0.004848120772197635
0.5662831415707853,-0.004819974447429127
0.5666583291645824,-0.004791510782738177
0.5670335167583791,-0.004763145184957561
0.567408704352176,-0.004734815054402735
0.567783891945973,-0.004706498209549749
0.5681590795397699,-0.004678471226428249
0.5685342671335667,-0.004650464015914005
0.568909454727364,-0.004622851797926547
0.5692846423211608,-0.004595329140716082
0.5696598299149576,-0.004568275022468474
0.5700350175087544,-0.004541408978328816
0.570410205102551,-0.004515019462267239
0.5707853926963481,-0.004488938970236287
0.5711605802901452,-0.004463288811534563
0.571535767883942,-0.004438098140696386
0.5719109554777387,-0.0044132639934298225
0.5722861430715357,-0.004389052079881083
0.5726613306653325,-0.004365074830146125
0.5730365182591295,-0.0043419054225810015
0.5734117058529263,-0.004318849244646781
0.5737868934467233,-0.004296775741256696
0.5741620810405202,-0.004274647267831722
0.5745372686343172,-0.004253686984189718
0.5749124562281142,-0.00423261227016814
0.575287643821911,-0.004212709207367417
0.575662831415708,-0.004192794872455913
0.5760380190095047,-0.00417384125132266
0.5764132066033018,-0.00415510058552173
0.5767883941970987,-0.004137109275530479
0.5771635817908954,-0.004119520801946545
0.5775387693846922,-0.00410247998676396
0.5779139569784894,-0.004086040575258678
0.5782891445722862,-0.0040699299498108054
0.5786643321660829,-0.004054611469338682
0.5790395197598799,-0.00403945043178356
0.5794147073536767,-0.004025230354919761
0.5797898949474739,-0.004011044669061407
0.5801650825412706,-0.003997806685703889
0.5805402701350675,-0.003984706091710188
0.5809154577288644,-0.003972318091532586
0.5812906453226613,-0.003960243877907394
0.581665832916458,-0.003948683467565669
0.5820410205102553,-0.003937616888411861
0.5824162081040518,-0.003926861026995846
0.582791395697849,-0.00391674842390181
0.5831665832916458,-0.003906781361612275
0.5835417708854428,-0.003897573563537846
0.5839169584792396,-0.0038884825153784556
0.5842921460730364,-0.003880018899246598
0.5846673336668335,-0.0038718061066947743
0.58504252126063,-0.0038640320185976454
0.5854177088544271,-0.0038566478220567585
0.5857928964482242,-0.003849528091759496
0.586168084042021,-0.0038429214056749515
0.5865432716358178,-0.003836453328394349
0.5869184592296147,-0.0038305789535179055
0.5872936468234117,-0.0038248394037031647
0.5876688344172085,-0.00381953672515002
0.5880440220110056,-0.0038144877917900624
0.5884192096048024,-0.003809757725156326
0.5887943971985993,-0.0038053351433870604
0.5891695847923961,-0.003801154792222699
0.5895447723861932,-0.0037973291402525733
0.5899199599799904,-0.0037936464581700816
0.5902951475737868,-0.0037903851381805337
0.5906703351675838,-0.0037872192928896046
0.5910455227613807,-0.003784469050452597
0.5914207103551775,-0.003781808475207614
0.5917958979489746,-0.0037794835641631608
0.5921710855427713,-0.0037773123707976666
0.5925462731365683,-0.0037753813469327074
0.5929214607303652,-0.0037736525177703554
0.5932966483241622,-0.0037720875305428114
0.593671835917959,-0.0037707801120614236
0.5940470235117558,-0.0037695516184344836
0.5944222111055528,-0.003768631826640057
0.5947973986993497,-0.0037677501445180198
0.5951725862931465,-0.003767131932982932
0.5955477738869435,-0.003766584835477852
0.5959229614807404,-0.0037662207595406134
0.5962981490745372,-0.00376598167657738
0.5966733366683342,-0.0037658471626990115
0.5970485242621312,-0.0037658883889423395
0.5974237118559276,-0.003765926900423055
0.5977988994497249,-0.0037662066426932955
0.5981740870435216,-0.0037664716503898296
0.5985492746373187,-0.0037668945287275507
0.5989244622311156,-0.0037673396451938486
0.5992996498249122,-0.003767865898003877
0.5996748374187091,-0.0037684735362000657
0.6000500250125064,-0.0037690605244029857
0.6004252126063033,-0.0037697795976991944
0.6008004002001001,-0.0037704442344590632
0.601175587793897,-0.0037711866640226166
0.6015507753876939,-0.0037718918380320937
0.6019259629814909,-0.0037726017103722454
0.6023011505752874,-0.003773310738358536
0.6026763381690845,-0.0037739638101820265
0.6030515257628816,-0.0037746183258374746
0.6034267133566785,-0.0037751781625196927
0.6038019009504753,-0.0037756903076615967
0.6041770885442721,-0.003776115108802425
0.6045522761380692,-0.003776437227340832
0.6049274637318659,-0.0037766470599122446
0.6053026513256625,-0.0037767724186587737
0.6056778389194596,-0.0037766859991187514
0.6060530265132567,-0.003776484755330357
0.6064282141070533,-0.0037760771610222876
0.6068034017008505,-0.0037754680636079446
0.6071785892946473,-0.0037746973017793468
0.607553776888444,-0.0037735647300868105
0.6079289644822412,-0.00377233937608779
0.608304152076038,-0.0037706266306026578
0.6086793396698349,-0.0037687369105400804
0.6090545272636321,-0.003766487719828414
0.6094297148574288,-0.0037637784044728013
0.6098049024512254,-0.003760977720082049
0.6101800900450225,-0.0037572789325828818
0.6105552776388196,-0.003753498467425517
0.6109304652326164,-0.003749015660852883
0.6113056528264132,-0.003744038214785354
0.6116808404202102,-0.0037387870290936515
0.612056028014007,-0.0037323696818918144
0.6124312156078039,-0.0037259344563162575
0.6128064032016008,-0.003718225857474238
0.6131815907953976,-0.003710026298905799
0.6135567783891946,-0.0037012962466099883
0.6139319659829915,-0.0036910315735980827
0.6143071535767882,-0.0036808112873121753
0.6146823411705855,-0.0036685832792204107
0.6150575287643824,-0.0036558274766747283
0.615432716358179,-0.003642234413459991
0.615807903951976,-0.003626482634181385
0.6161830915457728,-0.00361075430894813
0.6165582791395698,-0.003592149476508757
0.6169334667333666,-0.0035727203740791177
0.6173086543271634,-0.003552099043877933
0.6176838419209604,-0.0035282774612126573
0.6180590295147574,-0.0035042155532636573
0.6184342171085542,-0.003476454387022178
0.6188094047023509,-0.0034470257604177997
0.6191845922961481,-0.0034161222688369633
0.6195597798899449,-0.0033808160738063903
0.619934967483742,-0.003344637541532407
0.6203101550775386,-0.003304975911631694
0.6206853426713356,-0.003262986948828783
0.6210605302651327,-0.003219575467205237
0.6214357178589295,-0.00317327875271019
0.6218109054527264,-0.003126227164477205
0.6221860930465232,-0.0030784846440308307
0.62256128064032,-0.0030318442833195676
0.6229364682341171,-0.0029847997787112958
0.6233116558279139,-0.002943126740902973
0.623686843421711,-0.0029043229841242925
0.6240620310155078,-0.002868255750577845
0.6244372186093047,-0.0028438460302972132
0.6248124062031012,-0.0028223118743757837
0.6251875937968986,-0.002811168128738643
0.6255627813906953,-0.0028071210165862962
0.6259379689844923,-0.002812736803638225
0.626313156578289,-0.0028243355098368592
0.6266883441720864,-0.002845736152152975
0.6270635317658827,-0.002870707249349917
0.6274387193596798,-0.0029037025547630413
0.627813906953477,-0.0029382015579493257
0.6281890945472739,-0.0029775243665558443
0.6285642821410705,-0.0030170329747761624
0.6289394697348671,-0.003057721194347695
0.6293146573286642,-0.0030980703765595983
0.6296898449224612,-0.003136266605244425
0.6300650325162584,-0.0031742194951477542
0.6304402201100547,-0.0032074216407706655
0.630815407703852,-0.0032407554241187858
0.6311905952976491,-0.003267696269697353
0.6315657828914458,-0.0032952390452229653
0.6319409704852426,-0.003315514113059461
0.6323161580790396,-0.0033367473075159005
0.6326913456728366,-0.0033505810787368565
0.6330665332666334,-0.003365536359227503
0.6334417208604299,-0.003373487271402319
0.6338169084542271,-0.0033825164694939436
0.634192096048024,-0.0033852519017753494
0.6345672836418208,-0.0033890063218600607
0.634942471235618,-0.003387147762620882
0.6353176588294146,-0.0033862344853581327
0.6356928464232117,-0.0033804760915917375
0.6360680340170084,-0.003375525459805055
0.6364432216108054,-0.003366537812934257
0.6368184092046021,-0.0033581357974688027
0.6371935967983994,-0.003346521125467376
0.6375687843921962,-0.003335285442265631
0.6379439719859931,-0.003321539559648556
0.6383191595797901,-0.0033079823650768087
0.638694347173587,-0.0032925641291420235
0.6390695347673838,-0.0032771961584841624
0.6394447223611808,-0.0032604890653230526
0.6398199099549774,-0.0032437238215503516
0.6401950975487746,-0.003226068455514332
0.6405702851425714,-0.0032083071227017052
0.6409454727363679,-0.0031899941369236346
0.6413206603301651,-0.0031715561871950505
0.6416958479239621,-0.0031528357547083163
0.6420710355177589,-0.00313402732083545
0.6424462231115559,-0.003115116371614884
0.6428214107053526,-0.0030961760835771447
0.6431965982991495,-0.003077256662202087
0.6435717858929463,-0.0030584079803374054
0.6439469734867431,-0.0030396356174871276
0.6443221610805403,-0.0030210496092435276
0.6446973486743373,-0.003002563525249569
0.645072536268134,-0.0029843923190384972
0.6454477238619308,-0.002966298776706971
0.6458229114557276,-0.002948661994578648
0.6461980990495247,-0.0029310643979891127
0.6465732866433219,-0.002914057956888587
0.6469484742371188,-0.002897014442917716
0.6473236618309154,-0.002880722156291277
0.6476988494247122,-0.0028643735549421486
0.6480740370185091,-0.002848785753646805
0.6484492246123063,-0.0028332127570281696
0.6488244122061032,-0.0028183261921780234
0.6491995997998999,-0.0028035840470349263
0.6495747873936971,-0.002789419155426109
0.6499499749874937,-0.0027755254305638294
0.6503251625812907,-0.002762094174379751
0.6507003501750876,-0.00274906999217415
0.6510755377688844,-0.0027363863480684434
0.6514507253626814,-0.002724234047780957
0.6518259129564785,-0.0027122923811244075
0.6522011005502749,-0.002701006706851678
0.652576288144072,-0.0026898112788781453
0.6529514757378688,-0.002679383367456082
0.6533266633316659,-0.0026690052906348117
0.6537018509254625,-0.0026593289772446223
0.6540770385192596,-0.0026497989056034634
0.6544522261130563,-0.0026408200630356443
0.6548274137068536,-0.0026321107055083696
0.6552026013006502,-0.002623810477562568
0.655577788894447,-0.0026158994865142404
0.6559529764882439,-0.0026082533071647334
0.6563281640820413,-0.00260110525627107
0.6567033516758378,-0.00259411007506631
0.6570785392696346,-0.0025876954485700644
0.657453726863432,-0.002581378225730007
0.6578289144572288,-0.0025755953928797183
0.6582041020510254,-0.002569984206216585
0.6585792896448224,-0.0025647677763901617
0.6589544772386193,-0.002559815584665366
0.659329664832416,-0.002555142851133195
0.6597048524262131,-0.00255082425187782
0.6600800400200099,-0.0025466686011910624
0.6604552276138068,-0.0025429466368416132
0.6608304152076038,-0.002539337805279994
0.6612056028014006,-0.0025361326886625445
0.6615807903951976,-0.0025330766625639768
0.6619559779889945,-0.0025303197166498498
0.6623311655827916,-0.002527789585361395
0.6627063531765882,-0.002525464124697909
0.6630815407703854,-0.002523423711629278
0.6634567283641819,-0.002521511150129782
0.6638319159579789,-0.0025199216161749033
0.6642071035517761,-0.0025184153163062646
0.6645822911455725,-0.0025172463334251684
0.6649574787393697,-0.0025161560799902304
0.6653326663331663,-0.0025153335684878725
0.6657078539269637,-0.002514638530979475
0.6660830415207603,-0.0025141455457958666
0.6664582291145573,-0.002513812287475103
0.6668334167083542,-0.0025136281418263605
0.6672086043021511,-0.002513637302293119
0.667583791895948,-0.0025137280831790754
0.6679589794897447,-0.002514054032469645
0.6683341670835417,-0.0025144327197020064
0.6687093546773384,-0.002515032871530111
0.6690845422711356,-0.002515688319679885
0.6694597298649326,-0.0025165125152014967
0.6698349174587294,-0.0025174325630751785
0.670210105052526,-0.0025184588405203047
0.670585292646323,-0.002519612667130347
0.6709604802401203,-0.0025208192121883395
0.6713356678339171,-0.0025221857060096415
0.6717108554277136,-0.002523563065477662
0.6720860430215108,-0.0025251045495236044
0.6724612306153077,-0.0025266630648290845
0.6728364182091043,-0.0025283196530498783
0.6732116058029013,-0.0025300306405317153
0.6735867933966985,-0.0025317763435512976
0.6739619809904952,-0.002533610176620801
0.6743371685842918,-0.002535433303225401
0.6747123561780891,-0.00253736067261736
0.675087543771886,-0.002539254685144481
0.675462731365683,-0.002541206084606725
0.6758379189594795,-0.002543153322392969
0.6762131065532766,-0.002545095222945565
0.6765882941470736,-0.002547048907355759
0.6769634817408703,-0.0025489603002387213
0.6773386693346674,-0.0025508803838531127
0.6777138569284643,-0.002552734769720553
0.678089044522261,-0.002554559643971303
0.6784642321160579,-0.002556320123925619
0.6788394197098551,-0.0025580114728655083
0.679214607303652,-0.002559616591761324
0.6795897948974489,-0.0025611373465096506
0.6799649824912457,-0.002562519067681579
0.6803401700850424,-0.0025638043213804603
0.6807153576788392,-0.0025649293345650086
0.6810905452726361,-0.002565894822412375
0.6814657328664334,-0.0025667256303569235
0.6818409204602303,-0.002567287815707606
0.682216108054027,-0.002567727917442285
0.6825912956478238,-0.0025678264423553377
0.6829664832416207,-0.0025677422511155234
0.6833416708354179,-0.0025673719252123778
0.6837168584292147,-0.0025666330568665068
0.6840920460230115,-0.0025657460917516608
0.6844672336168084,-0.0025642197270990515
0.6848424212106051,-0.00256253100982276
0.6852176088044023,-0.0025602984630754295
0.685592796398199,-0.002557624158528632
0.685967983991996,-0.0025546590195489115
0.686343171585793,-0.002550814328122259
0.6867183591795898,-0.0025467873497269033
0.6870935467733865,-0.002541825685438054
0.6874687343671836,-0.002536366566334269
0.687843921960981,-0.002530379066657238
0.6882191095547773,-0.0025232286040133265
0.6885942971485743,-0.0025158782040490576
0.6889694847423712,-0.002507041070359121
0.6893446723361681,-0.002497633065741341
0.689719859929965,-0.002487410352370426
0.6900950475237619,-0.002475618709080808
0.6904702351175589,-0.0024635625227732378
0.6908454227113557,-0.002449369937822215
0.6912206103051522,-0.0024344321540363816
0.6915957978989494,-0.002418379024849153
0.6919709854927464,-0.0024001498450159204
0.6923461730865431,-0.0023814961715671445
0.69272136068034,-0.0023601457905589405
0.693096548274137,-0.0023376731443897365
0.6934717358679342,-0.0023138853511059177
0.6938469234617306,-0.002287312765345914
0.6942221110555278,-0.0022600716289380607
0.6945972986493246,-0.002230234872437286
0.6949724862431215,-0.0021989830510130643
0.6953476738369185,-0.0021666388923207813
0.6957228614307156,-0.0021321587466127992
0.6960980490245124,-0.002097120303078385
0.6964732366183091,-0.0020612770055502354
0.6968484242121061,-0.002025390847756883
0.697223611805903,-0.0019890776711210083
0.6975987993996996,-0.001955269780738784
0.6979739869934969,-0.0019222460148573667
0.6983491745872935,-0.0018913776871458206
0.6987243621810904,-0.0018653809521083729
0.6990995497748875,-0.001840961377395596
0.6994747373686844,-0.0018236612749265005
0.6998499249624813,-0.0018110501841839318
0.7002251125562787,-0.0018023768566503137
0.7006003001500749,-0.0018029887325607338
0.700975487743872,-0.0018066562687542756
0.7013506753376686,-0.0018186008373672375
0.7017258629314657,-0.0018340709965385914
0.7021010505252627,-0.0018557485720688805
0.7024762381190595,-0.0018806196402302345
0.7028514257128565,-0.001909352857082166
0.703226613306653,-0.0019402961638772308
0.7036018009004501,-0.001973024754889994
0.7039769884942471,-0.0020066391491149575
0.704352176088044,-0.002040425182481304
0.7047273636818407,-0.002073739644351093
0.705102551275638,-0.0021061665325576005
0.7054777388694345,-0.002136934197997689
0.7058529264632316,-0.002166217906840064
0.7062281140570285,-0.0021929836315216903
0.7066033016508255,-0.0022180023218637637
0.7069784892446221,-0.002239965006750286
0.7073536768384191,-0.0022601438421783193
0.707728864432216,-0.0022770529660957497
0.7081040520260128,-0.0022922430829033927
0.70847923961981,-0.002304181392464926
0.7088544272136068,-0.0023145351234349
0.7092296148074038,-0.0023218398249913825
0.7096048024012007,-0.0023276937294623673
0.7099799899949975,-0.0023308061252532352
0.7103551775887945,-0.0023326146053542114
0.7107303651825911,-0.0023320514969856253
0.711105552776388,-0.0023303103585178733
0.7114807403701853,-0.002326584413397762
0.711855927963982,-0.002321809090623466
0.712231115557779,-0.00231542699396713
0.7126063031515757,-0.002308109952894052
0.7129814907453729,-0.0022995353621273673
0.7133566783391696,-0.002290145508199995
0.7137318659329668,-0.002279809200770529
0.7141070535267634,-0.0022687719367856522
0.7144822411205604,-0.002257051734571582
0.7148574287143572,-0.0022447534721139815
0.715232616308154,-0.002231993036269426
0.7156078039019512,-0.0022187754112690185
0.7159829914957476,-0.0022052641173866887
0.7163581790895449,-0.0021914276219694344
0.7167333666833416,-0.0021774311263428607
0.7171085542771385,-0.002163236997197899
0.7174837418709357,-0.0021489661381969404
0.7178589294647326,-0.002134638283073518
0.7182341170585292,-0.0021202944382762157
0.7186093046523261,-0.002106022974852377
0.7189844922461229,-0.002091751096526414
0.7193596798399198,-0.002077696853392954
0.7197348674337168,-0.002063647349393872
0.7201100550275139,-0.002049940409228648
0.7204852426213105,-0.002036243477385766
0.7208604302151077,-0.0020229570334137515
0.7212356178089045,-0.0020097370467050033
0.7216108054027013,-0.001996936709086294
0.7219859929964981,-0.001984268531405745
0.7223611805902953,-0.001972005194533148
0.722736368184092,-0.001959961002436179
0.7231115557778892,-0.0019482793045323093
0.7234867433716857,-0.001936898831880259
0.7238619309654828,-0.001925829298625544
0.7242371185592795,-0.0019151510124806733
0.7246123061530767,-0.0019047113594629315
0.7249874937468734,-0.001894750889985049
0.7253626813406704,-0.0018849598253154447
0.7257378689344672,-0.001875727983026047
0.7261130565282644,-0.0018665833945268862
0.726488244122061,-0.0018580789029861056
0.7268634317158578,-0.001849673015657297
0.7272386193096545,-0.001841803878102507
0.7276138069034517,-0.0018341191335987535
0.7279889944972485,-0.0018268746929071258
0.7283641820910457,-0.0018199016590726008
0.7287393696848425,-0.001813270257710272
0.7291145572786394,-0.0018069853297030224
0.7294897448724362,-0.0018009481499199167
0.7298649324662332,-0.0017953295943701165
0.7302401200600301,-0.0017898706934113486
0.7306153076538271,-0.0017848920282091754
0.7309904952476238,-0.001780027211201032
0.7313656828414208,-0.0017756216953649536
0.7317408704352174,-0.001771365528775493
0.7321160580290146,-0.0017674705461557226
0.7324912456228114,-0.001763792536209336
0.7328664332166085,-0.0017603857048192862
0.7332416208104049,-0.0017572572703500819
0.733616808404202,-0.0017543121959990287
0.7339919959979989,-0.0017517010201915967
0.734367183591796,-0.0017492038135240018
0.7347423711855927,-0.0017470800783353753
0.7351175587793898,-0.0017450594229026421
0.7354927463731867,-0.0017433339526572555
0.7358679339669836,-0.0017417688884649187
0.7362431215607803,-0.0017404195890269763
0.7366183091545774,-0.0017392769226847924
0.7369934967483743,-0.0017382843915612375
0.7373686843421713,-0.001737539700021149
0.7377438719359681,-0.0017368825065088235
0.7381190595297649,-0.00173650897858791
0.738494247123562,-0.0017362142211480582
0.7388694347173587,-0.0017361453538039396
0.7392446223111558,-0.0017361843369466442
0.7396198099049525,-0.0017364030307438674
0.7399949974987495,-0.0017367564442671234
0.7403701850925465,-0.0017372450487659731
0.7407453726863431,-0.0017378908353339294
0.74112056028014,-0.001738628707094504
0.7414957478739368,-0.0017395465589834613
0.7418709354677339,-0.0017405216875622884
0.7422461230615309,-0.001741692214214421
0.7426213106553274,-0.0017429142718042548
0.7429964982491247,-0.0017442873941565485
0.7433716858429213,-0.0017457402423456294
0.7437468734367186,-0.0017473022133477573
0.7441220610305154,-0.0017489656714102554
0.7444972486243123,-0.0017507028770261167
0.7448724362181094,-0.0017525618221874927
0.7452476238119058,-0.0017544507420453291
0.7456228114057029,-0.0017564891408754744
0.7459979989994998,-0.0017585527841023937
0.746373186593297,-0.0017607218251260441
0.7467483741870934,-0.0017629361605305514
0.7471235617808906,-0.0017652195083667694
0.7474987493746873,-0.0017675702855964692
0.747873936968484,-0.0017699502814350115
0.748249124562281,-0.0017724164194987285
0.7486243121560778,-0.0017748863307327368
0.7489994997498751,-0.0017774363750878714
0.7493746873436716,-0.001779990656201167
0.7497498749374686,-0.0017825875875187205
0.7501250625312655,-0.00178520316689199
0.7505002501250624,-0.0017878266804296052
0.7508754377188592,-0.0017904766575328427
0.7512506253126563,-0.0017931014904197342
0.7516258129064531,-0.0017957507933623763
0.75200100050025,-0.0017983695146293055
0.7523761880940468,-0.0018009739783262121
0.752751375687844,-0.0018035436602559943
0.7531265632816408,-0.0018060750045157576
0.7535017508754378,-0.001808556781872723
0.7538769384692344,-0.001810978973892925
0.7542521260630316,-0.0018133225452568067
0.7546273136568284,-0.0018155923906518845
0.7550025012506251,-0.0018177569813520437
0.7553776888444222,-0.0018198090461948686
0.7557528764382191,-0.0018217530602553738
0.7561280640320162,-0.0018235198717507124
0.7565032516258128,-0.0018251819544322033
0.7568784392196097,-0.0018266047107321998
0.7572536268134067,-0.0018278713344203467
0.7576288144072033,-0.001828923042337274
0.7580040020010006,-0.0018297011283019222
0.7583791895947974,-0.0018303179078358078
0.7587543771885943,-0.0018304966594102638
0.759129564782391,-0.0018304948245555814
0.7595047523761882,-0.0018300798133827419
0.7598799399699849,-0.0018293020055614288
0.7602551275637819,-0.001828236219549568
0.7606303151575786,-0.0018265351404836165
0.7610055027513757,-0.0018245906422305607
0.7613806903451725,-0.0018219401614833679
0.7617558779389696,-0.001818838236694255
0.7621310655327663,-0.001815245225707091
0.7625062531265635,-0.0018107780803619958
0.76288144072036,-0.0018059834082504015
0.7632566283141572,-0.001800074968455549
0.7636318159079539,-0.0017936078536349219
0.764007003501751,-0.0017863727971370207
0.7643821910955476,-0.0017779583220660143
0.7647573786893446,-0.001769106636756979
0.7651325662831415,-0.0017586286890772847
0.7655077538769381,-0.0017474328065463422
0.7658829414707353,-0.001735169616218925
0.7662581290645322,-0.0017213246896167654
0.7666333166583291,-0.0017068828935554307
0.7670085042521262,-0.0016903361794931905
0.7673836918459229,-0.0016728446591030128
0.7677588794397198,-0.001654075144320157
0.7681340670335169,-0.001633330020062826
0.7685092546273135,-0.001611839142679609
0.7688844422211104,-0.001588196312078388
0.7692596298149074,-0.0015634611283626041
0.7696348174087042,-0.0015376083943999194
0.7700100050025013,-0.0015100266020460725
0.7703851925962982,-0.0014818443562409009
0.7707603801900951,-0.0014526077159476333
0.7711355677838917,-0.001422931883057258
0.7715107553776889,-0.0013929522174479974
0.7718859429714859,-0.0013634948312491208
0.7722611305652826,-0.0013343475005398256
0.7726363181590796,-0.0013064895041397843
0.7730115057528762,-0.0012806246677685548
0.7733866933466733,-0.001255522332639271
0.7737618809404705,-0.0012349367167506454
0.7741370685342674,-0.0012162972633144099
0.7745122561280642,-0.0012006970058162656
0.7748874437218609,-0.0011908111490759525
0.7752626313156579,-0.0011831592918177371
0.7756378189094548,-0.0011834328916830814
0.7760130065032517,-0.001185552234514497
0.7763881940970485,-0.0011956547105350691
0.7767633816908451,-0.0012073330412390865
0.7771385692846422,-0.0012255098764294222
0.777513756878439,-0.0012450451099895042
0.7778889444722364,-0.001268989632839863
0.7782641320660331,-0.0012939742350510292
0.7786393196598301,-0.0013212921051800569
0.7790145072536271,-0.0013491420065739417
0.7793896948474236,-0.0013775212767579241
0.7797648824412208,-0.0014058638336122919
0.7801400700350178,-0.0014333308964395019
0.7805152576288145,-0.0014602205313480289
0.7808904452226112,-0.0014852765185255983
0.7812656328164085,-0.001509319809075083
0.7816408204102052,-0.0015309483061372348
0.7820160080040018,-0.0015512733142872181
0.782391195597799,-0.001568923893737714
0.7827663831915956,-0.0015851146341224365
0.7831415707853927,-0.001598582926555505
0.7835167583791899,-0.0016105673572731842
0.7838919459729866,-0.001619938556254555
0.7842671335667835,-0.0016278869469003073
0.7846423211605802,-0.0016334127188587864
0.785017508754377,-0.001637651134695691
0.785392696348174,-0.001639710664855193
0.7857678839419711,-0.0016406478780222138
0.7861430715357678,-0.0016396650473590897
0.786518259129565,-0.0016377485283596753
0.7868934467233616,-0.001634175575735004
0.7872686343171587,-0.0016298518222991865
0.7876438219109556,-0.0016241252103746183
0.7880190095047523,-0.001617823807557196
0.7883941970985492,-0.001610360470799872
0.7887693846923461,-0.0016024769218741769
0.789144572286143,-0.0015936563563448598
0.7895197598799397,-0.001584549547707507
0.7898949474737369,-0.001574713751599047
0.7902701350675336,-0.0015647006547186836
0.7906453226613309,-0.0015541517238371729
0.7910205102551272,-0.0015435104891170488
0.7913956978489244,-0.001532509689868856
0.7917708854427215,-0.0015214787968159797
0.7921460730365182,-0.0015102528865842918
0.7925212606303151,-0.0014990286136727872
0.792896448224112,-0.0014877748686355362
0.7932716358179092,-0.0014765462943834371
0.793646823411706,-0.0014654073895855257
0.7940220110055027,-0.0014543313301191786
0.7943971985992995,-0.0014434229146834327
0.7947723861930963,-0.0014326251308465871
0.7951475737868935,-0.0014220442961594877
0.7955227613806903,-0.0014116271326673957
0.7958979489744873,-0.001401449175140317
0.7962731365682842,-0.001391492536324351
0.7966483241620811,-0.0013817749648950533
0.797023511755878,-0.001372338740134213
0.7973986993496748,-0.0013631272542334615
0.7977738869434717,-0.0013542560990435495
0.7981490745372684,-0.0013455784259272664
0.7985242621310655,-0.0013373011272401001
0.7988994497248624,-0.0013291810408101526
0.7992746373186593,-0.001321515406064407
0.7996498249124563,-0.001313985322560457
0.8000250125062529,-0.0013069123796800512
0.8004002001000499,-0.0013000037476848057
0.8007753876938468,-0.0012934977357206782
0.8011505752876436,-0.001287204880869636
0.801525762881441,-0.001281256365467494
0.8019009504752378,-0.0012755711418429864
0.8022761380690345,-0.001270167957374442
0.8026513256628314,-0.0012650732393574293
0.8030265132566281,-0.0012602003036560638
0.8034017008504255,-0.0012556775731735125
0.8037768884442226,-0.0012513147565603928
0.804152076038019,-0.001247341158418039
0.8045272636318158,-0.001243494522007201
0.8049024512256129,-0.0012400207116749547
0.8052776388194096,-0.0012366912452551227
0.8056528264132066,-0.0012336664408263169
0.8060280140070035,-0.001230828519723808
0.8064032016008001,-0.0012282300528080534
0.8067783891945973,-0.0012258555183273243
0.8071535767883942,-0.0012236602214384835
0.8075287643821909,-0.0012217214689026034
0.807903951975988,-0.00121990684618908
0.8082791395697847,-0.0012183770175781857
0.8086543271635819,-0.0012169463678342281
0.8090295147573787,-0.0012157722198089132
0.8094047023511758,-0.0012147163283474898
0.8097798899449722,-0.00121386061459429
0.8101550775387691,-0.0012131539714099987
0.8105302651325663,-0.0012125960316782451
0.8109054527263633,-0.001212214691123948
0.8112806403201598,-0.0012119350513618398
0.8116558279139567,-0.0012118558785530814
0.8120310155077537,-0.001211853187422148
0.8124062031015509,-0.0012120390368699125
0.8127813906953473,-0.0012123096115476872
0.8131565782891449,-0.0012127279293332154
0.8135317658829415,-0.001213250642082994
0.8139069534767388,-0.001213888195628004
0.8142821410705352,-0.0012146456823202859
0.814657328664332,-0.0012154879948424269
0.815032516258129,-0.0012164634804506997
0.815407703851926,-0.0012174962297243905
0.815782891445723,-0.0012186763484119355
0.8161580790395199,-0.0012199048274309716
0.8165332666333165,-0.0012212574800582173
0.8169084542271136,-0.001222671775531325
0.8172836418209104,-0.001224183573705345
0.8176588294147072,-0.0012257716748318784
0.8180340170085041,-0.001227431517771668
0.8184092046023014,-0.0012291828617872803
0.818784392196098,-0.0012309814646164251
0.8191595797898948,-0.0012328846092571405
0.8195347673836922,-0.0012348222995593693
0.8199099549774884,-0.0012368591795311186
0.8202851425712857,-0.0012389359966710769
0.8206603301650827,-0.0012410867077265418
0.8210355177588792,-0.0012432928345124414
0.8214107053526759,-0.0012455497210409631
0.8217858929464732,-0.001247875454403348
0.8221610805402704,-0.0012502303212708647
0.822536268134067,-0.0012526647457067111
0.8229114557278641,-0.0012551198071143151
0.8232866433216608,-0.0012576400544007436
0.8236618309154576,-0.0012601889511086168
0.8240370185092544,-0.001262779715884153
0.8244122061030517,-0.0012654092548254545
0.8247873936968482,-0.0012680597577913368
0.8251625812906453,-0.0012707543161197229
0.8255377688844423,-0.0012734554532477522
0.8259129564782387,-0.0012761945743948785
0.8262881440720361,-0.0012789375196959785
0.8266633316658328,-0.0012816949329584753
0.8270385192596299,-0.0012844570506484099
0.827413706853427,-0.0012872151904564715
0.8277888944472237,-0.001289970396827431
0.8281640820410203,-0.0012927106812427262
0.8285392696348175,-0.0012954273656685027
0.8289144572286142,-0.001298116803382008
0.8292896448224112,-0.0013007665813628186
0.8296648324162081,-0.00130336701600966
0.8300400200100051,-0.0013059184818106258
0.830415207603802,-0.0013083831547479015
0.8307903951975989,-0.0013107941292005746
0.8311655827913955,-0.0013130773301897494
0.8315407703851923,-0.0013152739706820803
0.8319159579789894,-0.0013173449245962416
0.8322911455727863,-0.0013192592457801527
0.8326663331665834,-0.0013210689712564246
0.8330415207603798,-0.0013226187734548533
0.8334167083541771,-0.0013240403881728442
0.8337918959479738,-0.0013252021856990145
0.8341670835417708,-0.0013261265531724696
0.8345422711355678,-0.0013268359320062098
0.8349174587293648,-0.0013271460935133708
0.8352926463231616,-0.0013272532915330985
0.8356678339169585,-0.0013268869685594993
0.8360430215107557,-0.0013261863602206576
0.8364182091045522,-0.001325102761328842
0.8367933966983493,-0.0013234320569889004
0.837168584292146,-0.0013214479891937568
0.8375437718859428,-0.0013186878816214232
0.8379189594797398,-0.0013154677934304891
0.8382941470735368,-0.0013116231075473305
0.8386693346673336,-0.0013069412159811052
0.8390445222611308,-0.0013017941950364087
0.8394197098549278,-0.0012954742181861257
0.8397948974487243,-0.0012885207205837752
0.8401700850425212,-0.001280642615889082
0.840545272636318,-0.0012716078185414938
0.8409204602301149,-0.0012619146860943042
0.8412956478239119,-0.001250615573479891
0.8416708354177087,-0.0012384633413633618
0.8420460230115061,-0.0012251159941622373
0.8424212106053024,-0.0012102837674066948
0.8427963981990995,-0.0011946077354279949
0.8431715857928966,-0.001177107874930405
0.8435467733866933,-0.0011585993025886182
0.8439219609804905,-0.001138880745177033
0.844297148574287,-0.001117665937999581
0.8446723361680839,-0.0010956544537787873
0.8450475237618805,-0.0010723408730791495
0.8454227113556779,-0.0010483090784181687
0.8457978989494747,-0.0010236628163337999
0.8461730865432716,-9.985874681095984E-4
0.8465482741370683,-9.733708394839847E-4
0.8469234617308656,-9.485004184280065E-4
0.8472986493246623,-9.242553519190904E-4
0.8476738369184595,-9.004815740641446E-4
0.8480490245122564,-8.788678828643339E-4
0.8484242121060531,-8.580832522216607E-4
0.8487993996998497,-8.390488091517991E-4
0.8491745872936468,-8.220317297252108E-4
0.8495497748874438,-8.056438461034984E-4
0.8499249624812406,-7.931612852238095E-4
0.8503001500750376,-7.842108768161187E-4
0.8506753376688344,-7.804364120641101E-4
0.8510505252626313,-7.805821743006713E-4
0.8514257128564282,-7.852907567338718E-4
0.8518009004502249,-7.930161685409885E-4
0.852176088044022,-8.045679150844108E-4
0.8525512756378191,-8.183256257070982E-4
0.8529264632316161,-8.349016093557083E-4
0.8533016508254124,-8.528736260258761E-4
0.8536768384192097,-8.72467577188944E-4
0.8540520260130066,-8.927123653930533E-4
0.8544272136068034,-9.133836209427054E-4
0.8548024012006002,-9.340937422353178E-4
0.8551775887943969,-9.541794038002621E-4
0.8555527763881939,-9.738559948637764E-4
0.8559279639819909,-9.92097988332212E-4
0.8563031515757878,-0.0010096391149987678
0.8566783391695847,-0.0010252085088400253
0.8570535267633818,-0.001039924455666443
0.8574287143571786,-0.001052382350896685
0.8578039019509756,-0.0010639349360178412
0.8581790895447722,-0.001073160093152688
0.8585542771385692,-0.0010815029664890277
0.8589294647323662,-0.0010875988640670423
0.859304652326163,-0.001092878745428044
0.8596798399199603,-0.001096104579751578
0.8600550275137567,-0.001098606204295973
0.8604302151075538,-0.0010992988061759796
0.8608054027013504,-0.001099368731232278
0.8611805902951477,-0.0010979084330257059
0.8615557778889443,-0.0010959272934957744
0.8619309654827413,-0.0010926889689087237
0.8623061530765384,-0.0010890278875517229
0.8626813406703354,-0.0010843745370428034
0.8630565282641322,-0.0010793877590912057
0.8634317158579292,-0.0010736439984497046
0.8638069034517257,-0.0010676493992304264
0.8641820910455228,-0.0010611085226912842
0.8645572786393199,-0.0010543893216284608
0.8649324662331165,-0.0010473004403836045
0.8653076538269134,-0.00104009994000741
0.8656828414207102,-0.001032678699851043
0.8660580290145072,-0.0010252038537388198
0.8664332166083045,-0.00101762715680112
0.8668084042021011,-0.0010100507560540245
0.8671835917958983,-0.0010024664947576257
0.8675587793896948,-9.949295230061539E-4
0.8679339669834916,-9.874552634304605E-4
0.8683091545772885,-9.800724883085967E-4
0.8686843421710855,-9.728028391159161E-4
0.8690595297648825,-9.656635822829046E-4
0.8694347173586794,-9.5867003401596E-4
0.8698099049524763,-9.518455684302119E-4
0.8701850925462734,-9.451819067460885E-4
0.87056028014007,-9.387234283947596E-4
0.8709354677338669,-9.324284616555258E-4
0.8713106553276638,-9.263736936985541E-4
0.8716858429214609,-9.204734651099486E-4
0.8720610305152576,-9.148457379310331E-4
0.8724362181090543,-9.093590641339171E-4
0.8728114057028514,-9.041699362071629E-4
0.8731865932966482,-8.991234185284753E-4
0.8735617808904454,-8.943571150562555E-4
0.8739369684842421,-8.897542693817934E-4
0.874312156078039,-8.854064633587789E-4
0.874687343671836,-8.812418402138328E-4
0.8750625312656327,-8.77303186766097E-4
0.8754377188594301,-8.735679808669339E-4
0.8758129064532265,-8.700266597043224E-4
0.8761880940470236,-8.667064815818176E-4
0.8765632816408204,-8.635459827899013E-4
0.8769384692346173,-8.606245393128437E-4
0.8773136568284142,-8.578291566774024E-4
0.8776888444222112,-8.552868191080916E-4
0.878064032016008,-8.528509679180185E-4
0.8784392196098049,-8.506529117250423E-4
0.8788144072036018,-8.485688066642109E-4
0.8791895947973986,-8.466829620833381E-4
0.8795647823911955,-8.449278555288814E-4
0.8799399699849924,-8.433346796423839E-4
0.8803151575787895,-8.418878001494941E-4
0.8806903451725859,-8.405660537964661E-4
0.8810655327663832,-8.39404780813986E-4
0.88144072036018,-8.383377759626557E-4
0.8818159079539769,-8.374410933696825E-4
0.8821910955477736,-8.366142798427663E-4
0.882566283141571,-8.359544664845862E-4
0.8829414707353678,-8.353667323206524E-4
0.8833166583291645,-8.349107144941961E-4
0.8836918459229613,-8.345400379208775E-4
0.8840670335167583,-8.342715933116388E-4
0.8844422211105553,-8.341023367262929E-4
0.8848174087043522,-8.340064298621086E-4
0.8851925962981491,-8.340199249637764E-4
0.885567783891946,-8.34082944171335E-4
0.885942971485743,-8.342650704778309E-4
0.8863181590795397,-8.344893737663273E-4
0.8866933466733367,-8.348091803295265E-4
0.8870685342671337,-8.351832692793395E-4
0.8874437218609302,-8.356298512229561E-4
0.8878189094547276,-8.361408546674358E-4
0.8881940970485244,-8.367036310245285E-4
0.8885692846423215,-8.373399214924665E-4
0.888944472236118,-8.380139612856407E-4
0.8893196598299148,-8.387655547382194E-4
0.8896948474237119,-8.395448655940307E-4
0.890070035017509,-8.403986497462426E-4
0.8904452226113053,-8.412846257724592E-4
0.8908204102051028,-8.422282108043322E-4
0.8911955977988995,-8.432112103623101E-4
0.8915707853926962,-8.442403640969498E-4
0.8919459729864936,-8.45317412224931E-4
0.8923211605802901,-8.464260424277027E-4
0.8926963481740872,-8.475904603069269E-4
0.8930715357678841,-8.487786063410414E-4
0.8934467233616807,-8.500270736969259E-4
0.8938219109554777,-8.512971827462183E-4
0.8941970985492746,-8.526173094517833E-4
0.8945722861430713,-8.539694667745054E-4
0.8949474737368683,-8.553604372905597E-4
0.8953226613306652,-8.567901128190335E-4
0.8956978489244624,-8.582489265849255E-4
0.8960730365182592,-8.597561943709947E-4
0.8964482241120559,-8.61284934834162E-4
0.8968234117058528,-8.628648089156707E-4
0.8971985992996501,-8.644678149965377E-4
0.8975737868934464,-8.66113519532028E-4
0.8979489744872435,-8.677901541305602E-4
0.8983241620810405,-8.694988002581642E-4
0.8986993496748372,-8.712459339079113E-4
0.899074537268634,-8.730192520694177E-4
0.899449724862431,-8.748348877901504E-4
0.8998249124562282,-8.766720537743831E-4
0.9002001000500252,-8.785482544370391E-4
0.900575287643822,-8.80450775005107E-4
0.9009504752376186,-8.823825825887857E-4
0.9013256628314156,-8.843424743692953E-4
0.9017008504252126,-8.863260310405867E-4
0.9020760380190096,-8.883383939011492E-4
0.9024512256128062,-8.903695226611709E-4
0.9028264132066034,-8.924221406710833E-4
0.9032016008004002,-8.94492025197297E-4
0.903576788394197,-8.965771032348607E-4
0.9039519759879943,-8.986719949265003E-4
0.9043271635817908,-9.007772576508239E-4
0.9047023511755876,-9.028800371382222E-4
0.9050775387693847,-9.049908717394592E-4
0.9054527263631814,-9.070836517782743E-4
0.9058279139569784,-9.091706187521296E-4
0.9062031015507754,-9.112378098359151E-4
0.9065782891445722,-9.132728832637132E-4
0.9069534767383691,-9.152915445932118E-4
0.907328664332166,-9.172362154216025E-4
0.9077038519259629,-9.191543987438276E-4
0.9080790395197598,-9.209903069004596E-4
0.9084542271135568,-9.227533246942002E-4
0.908829414707354,-9.244460801967701E-4
0.9092046023011507,-9.259947211027268E-4
0.9095797898949474,-9.274731333972439E-4
0.9099549774887448,-9.287628915176686E-4
0.9103301650825414,-9.299221540566704E-4
0.9107053526763382,-9.309169811260744E-4
0.9110805402701352,-9.316657270187041E-4
0.9114557278639319,-9.322703776092824E-4
0.911830915457729,-9.32520264259093E-4
0.9122061030515256,-9.325536711588903E-4
0.9125812906453227,-9.322738564870158E-4
0.9129564782391199,-9.315980235801589E-4
0.9133316658329167,-9.306630214442375E-4
0.9137068534267132,-9.291340922492034E-4
0.9140820410205103,-9.272591411145959E-4
0.914457228614307,-9.248617131849738E-4
0.9148324162081041,-9.21858222000422E-4
0.9152076038019012,-9.184333438732028E-4
0.9155827913956975,-9.141183177538904E-4
0.9159579789894945,-9.092813548300436E-4
0.9163331665832918,-9.036880146942428E-4
0.9167083541770885,-8.972499329744726E-4
0.9170835417708856,-8.902173537505471E-4
0.9174587293646822,-8.820605591809271E-4
0.9178339169584793,-8.732371798530974E-4
0.9182091045522766,-8.635547275153941E-4
0.9185842921460728,-8.529422065689103E-4
0.9189594797398701,-8.41725328015109E-4
0.9193346673336672,-8.295640741432061E-4
0.919709854927464,-8.168937876552359E-4
0.9200850425212603,-8.037336980046448E-4
0.9204602301150577,-7.901876394415485E-4
0.9208354177088542,-7.76561160732451E-4
0.921210605302651,-7.630748298861352E-4
0.9215857928964478,-7.500121536427262E-4
0.9219609804902451,-7.376101693233866E-4
0.922336168084042,-7.265480540778556E-4
0.922711355677839,-7.167423199541623E-4
0.9230865432716359,-7.090769840509599E-4
0.9234617308654325,-7.038161870413333E-4
0.9238369184592299,-7.006917471162616E-4
0.9242121060530262,-7.017407896197255E-4
0.9245872936468232,-7.050705632507886E-4
0.9249624812406201,-7.048051831025856E-4
0.9253376688344168,-5.636146844179639E-4
0.9257128564282139,-5.620197202100039E-4
0.926088044022011,-5.617261842198722E-4
0.9264632316158082,-5.612383383863506E-4
0.9268384192096045,-5.60619324445907E-4
0.9272136068034016,-5.598829496634964E-4
0.9275887943971987,-5.590375279000955E-4
0.927963981990995,-5.581007097187088E-4
0.9283391695847926,-5.570950905233092E-4
0.9287143571785895,-5.560398968807635E-4
0.9290895447723864,-5.549479998119916E-4
0.9294647323661827,-5.538378196263436E-4
0.9298399199599803,-5.527310987779806E-4
0.9302151075537767,-5.51641204226693E-4
0.9305902951475735,-5.505773266108618E-4
0.9309654827413706,-5.495512615100966E-4
0.9313406703351674,-5.485785114719572E-4
0.9317158579289646,-5.476629631857204E-4
0.9320910455227615,-5.468078202815915E-4
0.9324662331165581,-5.460175428352031E-4
0.9328414207103556,-5.453014148049282E-4
0.9332166083041521,-5.446555571863403E-4
0.9335917958979492,-5.440786825632416E-4
0.9339669834917458,-5.435705681175368E-4
0.9343421710855426,-5.431365019999142E-4
0.9347173586793401,-5.427680411598864E-4
0.9350925462731365,-5.424617184305993E-4
0.9354677338669334,-5.42215442231983E-4
0.9358429214607303,-5.420325284891743E-4
0.9362181090545274,-5.419025290027432E-4
0.9365932966483245,-5.418214586252553E-4
0.936968484242121,-5.417872045724372E-4
0.9373436718359182,-5.418022288976778E-4
0.9377188594297147,-5.418556372841217E-4
0.9380940470235118,-5.419437712451486E-4
0.9384692346173082,-5.420654442308885E-4
0.9388444222111055,-5.422226410240164E-4
0.9392196098049026,-5.424048683429512E-4
0.9395947973986993,-5.426090891246629E-4
0.9399699849924963,-5.42835437493567E-4
0.9403451725862929,-5.430853725476738E-4
0.9407203601800904,-5.433492642178216E-4
0.9410955477738869,-5.436247075245373E-4
0.9414707353676834,-5.439132677979513E-4
0.941845922961481,-5.442156465831088E-4
0.9422211105552775,-5.445233520859409E-4
0.9425962981490746,-5.448345047782163E-4
0.9429714857428715,-5.451520773395548E-4
0.9433466733366686,-5.454757472902357E-4
0.9437218609304655,-5.457983323366687E-4
0.9440970485242621,-5.461183540801007E-4
0.9444722361180592,-5.464400761393019E-4
0.9448474237118558,-5.467619611972723E-4
0.9452226113056527,-5.470782703956931E-4
0.9455977988994497,-5.473876584636446E-4
0.9459729864932463,-5.476959556834078E-4
0.9463481740870434,-5.479994243640563E-4
0.9467233616808404,-5.482939776466291E-4
0.9470985492746377,-5.485799159321398E-4
0.9474737368684342,-5.488620866434394E-4
0.9478489244622311,-5.491367152499165E-4
0.9482241120560279,-5.494001077760752E-4
0.9485992996498248,-5.496535436217799E-4
0.9489744872436219,-5.49901906651565E-4
0.9493496748374187,-5.50140948776268E-4
0.9497248624312156,-5.503673688284222E-4
0.9501000500250125,-5.505832930635237E-4
0.9504752376188095,-5.507936145517369E-4
0.9508504252126063,-5.50993541914648E-4
0.9512256128064032,-5.511801680087371E-4
0.9516008004001999,-5.513557812409602E-4
0.9519759879939969,-5.515269822832792E-4
0.9523511755877939,-5.516862101358404E-4
0.9527263631815911,-5.518328732300558E-4
0.9531015507753877,-5.51968759047009E-4
0.9534767383691848,-5.521002846459728E-4
0.9538519259629814,-5.522195566317518E-4
0.9542271135567787,-5.523270419642224E-4
0.9546023011505753,-5.524244507988711E-4
0.954977488744372,-5.525178085983653E-4
0.9553526763381691,-5.525988948312347E-4
0.9557278639319658,-5.526687588457929E-4
0.9561030515257629,-5.527303110378615E-4
0.9564782391195598,-5.527876434365379E-4
0.9568534267133567,-5.528332911657732E-4
0.957228614307154,-5.528683686471818E-4
0.9576038019009507,-5.528966329625448E-4
0.9579789894947476,-5.529206535609624E-4
0.9583541770885442,-5.529339730800336E-4
0.9587293646823415,-5.529372789736615E-4
0.9591045522761381,-5.529352879844998E-4
0.959479739869935,-5.529291255966257E-4
0.9598549274637319,-5.529129491407974E-4
0.9602301150575286,-5.528879290418084E-4
0.9606053026513256,-5.528591730176532E-4
0.9609804902451222,-5.528256308789879E-4
0.9613556778389195,-5.527830235884656E-4
0.9617308654327164,-5.527328853879798E-4
0.9621060530265132,-5.526798924415097E-4
0.9624812406203099,-5.526226004993333E-4
0.9628564282141071,-5.525565917494493E-4
0.9632316158079038,-5.524835659225571E-4
0.9636068034017006,-5.52410088170125E-4
0.963981990995498,-5.523316178481027E-4
0.9643571785892946,-5.522453848719556E-4
0.9647323661830917,-5.521529758132971E-4
0.9651075537768883,-5.520611107069056E-4
0.9654827413706851,-5.519640574795777E-4
0.9658579289644826,-5.518604121868541E-4
0.9662331165582793,-5.517512266916427E-4
0.9666083041520763,-5.516435813648385E-4
0.9669834917458731,-5.515304988587174E-4
0.96735867933967,-5.514115553810996E-4
0.9677338669334667,-5.512884094950242E-4
0.9681090545272638,-5.511672247798667E-4
0.9684842421210607,-5.510407568348085E-4
0.9688594297148575,-5.509088951953183E-4
0.9692346173086538,-5.507740603088983E-4
0.969609804902451,-5.50641489959785E-4
0.9699849924962484,-5.505042183503622E-4
0.9703601800900451,-5.503617542707187E-4
0.9707353676838418,-5.502176205801534E-4
0.9711105552776386,-5.500759145112194E-4
0.9714857428714357,-5.499296408083915E-4
0.9718609304652328,-5.497794636676481E-4
0.9722361180590294,-5.49628364262991E-4
0.9726113056528268,-5.494800102659417E-4
0.9729864932466233,-5.493272094733178E-4
0.97336168084042,-5.491714025095877E-4
0.9737368684342174,-5.490162919937095E-4
0.9741120560280142,-5.488637733603712E-4
0.9744872436218107,-5.487074667977707E-4
0.9748624312156079,-5.485488880461282E-4
0.975237618809405,-5.483926376494448E-4
0.9756128064032018,-5.482387789056458E-4
0.9759879939969985,-5.48082575719286E-4
0.9763631815907948,-5.479245520540523E-4
0.9767383691845923,-5.477710424479002E-4
0.9771135567783891,-5.476193122391425E-4
0.977488744372186,-5.474664279739487E-4
0.9778639319659833,-5.473138080290068E-4
0.9782391195597805,-5.471665408273081E-4
0.9786143071535769,-5.470224547316514E-4
0.978989494747374,-5.468778364070003E-4
0.9793646823411702,-5.467349623332849E-4
0.9797398699349673,-5.46600254315719E-4
0.9801150575287642,-5.464689539899847E-4
0.9804902451225611,-5.463394306031864E-4
0.9808654327163576,-5.462132764055976E-4
0.981240620310155,-5.460976963506712E-4
0.9816158079039519,-5.459864478301418E-4
0.9819909954977489,-5.458794737884113E-4
0.982366183091546,-5.457787260115638E-4
0.9827413706853425,-5.456907320484666E-4
0.9831165582791395,-5.45609614873382E-4
0.9834917458729365,-5.455349120073321E-4
0.9838669334667334,-5.454700132021242E-4
0.9842421210605304,-5.454210304760176E-4
0.9846173086543273,-5.453814658069458E-4
0.9849924962481243,-5.453525012824653E-4
0.9853676838419211,-5.45336806704061E-4
0.9857428714357177,-5.453411734866239E-4
0.9861180590295147,-5.453580159993618E-4
0.9864932466233116,-5.453900327816156E-4
0.9868684342171086,-5.45441026157925E-4
0.9872436218109055,-5.455156841955868E-4
0.9876188094047023,-5.456087130087148E-4
0.9879939969984994,-5.457215406576686E-4
0.9883691845922961,-5.458598125456687E-4
0.9887443721860929,-5.460268495632736E-4
0.9891195597798897,-5.462176800940708E-4
0.9894947473736867,-5.464359091828468E-4
0.9898699349674835,-5.4668518672404E-4
0.9902451225612807,-5.469695146455765E-4
0.9906203101550773,-5.472842504620735E-4
0.9909954977488745,-5.476316758330167E-4
0.9913706853426714,-5.480185163047332E-4
0.9917458729364681,-5.484440291609338E-4
0.9921210605302652,-5.489050404775211E-4
0.9924962481240619,-5.494033884866651E-4
0.992871435717859,-5.499432439741601E-4
0.9932466233116558,-5.505226561898606E-4
0.9936218109054529,-5.511356742143608E-4
0.9939969984992495,-5.517818185768754E-4
0.9943721860930469,-5.524640202731389E-4
0.9947473736868437,-5.531728760046969E-4
0.99512256128064,-5.539008205797959E-4
0.9954977488744373,-5.546422590538633E-4
0.9958729364682344,-5.553944913473002E-4
0.9962481240620307,-5.561430949030145E-4
0.996623311655828,-5.56874606960009E-4
0.9969984992496248,-5.575786304410912E-4
0.9973736868434216,-5.582489120507766E-4
0.9977488744372184,-5.588625822492202E-4
0.9981240620310158,-5.594018690741206E-4
0.9984992496248125,-5.598447854418726E-4
0.9988744372186091,-5.601378946718379E-4
0.9992496248124066,-5.608880144835039E-4
0.999624812406203,-5.721367588372472E-4
0.9999999999999997,-9.122968679916545E-5
