0.2875,0.006523591990018046
0.28817567567567565,0.001511285310959271
0.28885135135135126,-7.362746242202489E-4
0.28952702702702704,-0.0019560046287476103
0.29020270270270265,-0.0029389418740732973
0.2908783783783784,-0.0038701895094285605
0.29155405405405405,-0.004749277276117744
0.29222972972972977,-0.005545174360904133
0.2929054054054054,-0.006234200738440209
0.29358108108108105,-0.006805254857810435
0.29425675675675667,-0.007254730989499006
0.29493243243243233,-0.007590290158607581
0.29560810810810806,-0.007821376050173672
0.2962837837837838,-0.007957544794825805
0.29695945945945945,-0.008010450621988956
0.2976351351351352,-0.007992524416282143
0.29831081081081073,-0.007913580381028792
0.2989864864864864,-0.00778405890349532
0.2996621621621621,-0.0076137783556865105
0.3003378378378377,-0.007409126622996487
0.3010135135135135,-0.007178542023465951
0.3016891891891892,-0.006928003617099649
0.30236486486486486,-0.00666229909839112
0.3030405405405405,-0.006386826770726243
0.30371621621621614,-0.0061040612871267295
0.3043918918918918,-0.005818892709778383
0.30506756756756753,-0.005533028758894379
0.30574324324324326,-0.00524955758177512
0.306418918918919,-0.004969632814101314
0.30709459459459465,-0.004695432720754878
0.30777027027027026,-0.004428418553084338
0.3084459459459459,-0.004169108023398994
0.30912162162162155,-0.003918630400584802
0.3097972972972973,-0.0036779710017828342
0.31047297297297294,-0.003447336202965977
0.31114864864864855,-0.003227345255310532
0.3118243243243242,-0.0030184142048626547
0.31250000000000006,-0.002820089694919233
0.31317567567567567,-0.0026330924558123944
0.3138513513513513,-0.0024572863950532505
0.314527027027027,-0.0022922866700014312
0.3152027027027027,-0.002138360098274184
0.31587837837837834,-0.001994725768651357
0.316554054054054,-0.0018618593218795053
0.3172297297297298,-0.0017389855967950556
0.3179054054054054,-0.001626061097204133
0.31858108108108096,-0.0015225760557531348
0.31925675675675674,-0.0014284521825238736
0.3199324324324324,-0.0013432264137464476
0.320608108108108,-0.00126664562983841
0.32128378378378375,-0.0011981837556501857
0.32195945945945936,-0.0011378323758407358
0.3226351351351351,-0.0010849793498812735
0.3233108108108108,-0.0010396937016540733
0.3239864864864864,-0.0010011472272127857
0.3246621621621621,-9.695062593994019E-4
0.3253378378378378,-9.442780074494125E-4
0.3260135135135136,-9.253879437887794E-4
0.32668918918918927,-9.121545030073125E-4
0.3273648648648648,-9.047350154278574E-4
0.3280405405405405,-9.027249826809755E-4
0.32871621621621616,-9.060111056118707E-4
0.32939189189189183,-9.144849618874218E-4
0.3300675675675675,-9.276349242660067E-4
0.3307432432432433,-9.45713613915111E-4
0.33141891891891884,-9.681969865772393E-4
0.33209459459459456,-9.952773811845199E-4
0.33277027027027023,-0.0010264568021281111
0.3334459459459459,-0.0010618346311743452
0.3341216216216217,-0.0011010989060446668
0.3347972972972973,-0.0011443115200355405
0.33547297297297296,-0.00119105160335696
0.33614864864864863,-0.0012413759244162051
0.3368243243243243,-0.001294851586390573
0.33749999999999986,-0.0013516417434761166
0.33817567567567564,-0.0014111773081573317
0.33885135135135136,-0.001473434155893421
0.33952702702702703,-0.0015380123945785017
0.34020270270270275,-0.0016046525469527806
0.34087837837837837,-0.0016731375554009551
0.3415540540540541,-0.0017427139161886257
0.3422297297297297,-0.0018131532799814645
0.3429054054054053,-0.001883894102475613
0.34358108108108104,-0.0019541768406146917
0.34425675675675677,-0.0020234540329755004
0.3449324324324325,-0.0020905925113757604
0.3456081081081081,-0.0021549007661954005
0.3462837837837839,-0.0022150664135389265
0.34695945945945944,-0.0022700932054871216
0.3476351351351351,-0.0023182241423630717
0.3483108108108108,-0.002358022838229303
0.3489864864864865,-0.0023874803263164873
0.34966216216216217,-0.0024044909418723844
0.35033783783783795,-0.0024065024241504388
0.35101351351351345,-0.002390307056075844
0.3516891891891892,-0.002352896509549187
0.35236486486486485,-0.0022898007927387404
0.35304054054054057,-0.00219682947840142
0.3537162162162162,-0.002068555581254209
0.3543918918918919,-0.001898764533910595
0.3550675675675675,-0.0016816322714903501
0.35574324324324325,-0.0014100690595703388
0.35641891891891886,-0.0010775500835273311
0.3570945945945946,-6.792782590817565E-4
0.3577702702702702,-2.12045590238592E-4
0.3584459459459458,3.2289973244755896E-4
0.3591216216216217,9.17106361125417E-4
0.3597972972972973,0.0015530434485514994
0.36047297297297304,0.002199588658269705
0.3611486486486487,0.0028073839307382765
0.3618243243243244,0.0033085083222403034
0.3625,0.003624643897397511
0.3631756756756756,0.0036968223235626066
0.3638513513513513,0.0035251226365223716
0.364527027027027,0.003154507767918943
0.36520270270270266,0.002645822675719808
0.36587837837837833,0.0020561342086772433
0.366554054054054,0.0014329838524372181
0.36722972972972967,8.128405347030306E-4
0.3679054054054054,2.2246637872670326E-4
0.36858108108108106,-3.1885306736739066E-4
0.3692567567567567,-7.993106093915555E-4
0.3699324324324324,-0.001212851074378274
0.3706081081081081,-0.00155705597166363
0.37128378378378374,-0.0018325217222643086
0.37195945945945935,-0.0020434168862942088
0.3726351351351352,-0.0021945518127924083
0.37331081081081074,-0.002291367314933168
0.3739864864864865,-0.002340792292465222
0.37466216216216214,-0.0023488526285018146
0.3753378378378377,-0.002321681939687069
0.3760135135135134,-0.0022654450294171966
0.3766891891891892,-0.0021849966340119235
0.3773648648648648,-0.002085379552659186
0.37804054054054054,-0.0019708047052349213
0.3787162162162161,-0.0018449288102513975
0.37939189189189193,-0.0017111413401045617
0.38006756756756754,-0.0015719316151728638
0.38074324324324327,-0.0014298986220322794
0.3814189189189189,-0.0012869424790394911
0.38209459459459466,-0.00114480730847887
0.3827702702702702,-0.0010048383526837991
0.38344594594594594,-8.681353432852809E-4
0.3841216216216216,-7.357516280573403E-4
0.3847972972972972,-6.084807820547523E-4
0.38547297297297295,-4.8688901935038653E-4
0.3861486486486487,-3.714600865113853E-4
0.38682432432432423,-2.6257676147226327E-4
0.3875,-1.605369048883706E-4
0.3881756756756756,-6.55004948199446E-5
0.38885135135135135,2.246867356407912E-5
0.38952702702702696,1.0333592076987565E-4
0.39020270270270274,1.7708797168151653E-4
0.3908783783783784,2.437897642011498E-4
0.39155405405405413,3.035887186151459E-4
0.3922297297297296,3.5663093938923223E-4
0.3929054054054054,4.0306183599646804E-4
0.39358108108108103,4.43036038040714E-4
0.3942567567567566,4.7678604018881927E-4
0.3949324324324324,5.045368783106483E-4
0.39560810810810804,5.264933153370379E-4
0.3962837837837838,5.428389828954769E-4
0.3969594594594594,5.538040834030004E-4
0.3976351351351351,5.596309063950498E-4
0.3983108108108107,5.605285354127315E-4
0.3989864864864865,5.566736833565157E-4
0.3996621621621621,5.482588180886994E-4
0.40033783783783783,5.355088091842147E-4
0.40101351351351355,5.186252646220595E-4
0.40168918918918917,4.977669087140006E-4
0.4023648648648649,4.7307122088094275E-4
0.4030405405405405,4.4471341286124065E-4
0.40371621621621623,4.1284789963737695E-4
0.4043918918918918,3.775972211327312E-4
0.4050675675675676,3.390640307321973E-4
0.4057432432432431,2.9737001886121633E-4
0.40641891891891885,2.526589822839906E-4
0.40709459459459457,2.0502960934210373E-4
0.4077702702702703,1.5457792937811066E-4
0.40844594594594597,1.0139345432568983E-4
0.4091216216216216,4.56220493494265E-5
0.4097972972972973,-1.2628628990100552E-5
0.4104729729729728,-7.324122462116058E-5
0.4111486486486486,-1.361133859456809E-4
0.41182432432432425,-2.0107347451103942E-4
0.41250000000000003,-2.679530980761852E-4
0.41317567567567565,-3.3657496066855265E-4
0.41385135135135137,-4.067493782089675E-4
0.41452702702702704,-4.782415984837505E-4
0.41520270270270254,-5.507331157279368E-4
0.4158783783783784,-6.239320002069441E-4
0.41655405405405393,-6.974608059020413E-4
0.4172297297297297,-7.709100485603979E-4
0.4179054054054054,-8.437737195386491E-4
0.4185810810810811,-9.154218455317607E-4
0.41925675675675667,-9.852538407364732E-4
0.41993243243243245,-0.0010524596717260398
0.42060810810810806,-0.0011161889662052971
0.4212837837837838,-0.0011753532654070452
0.4219594594594595,-0.0012288221492209835
0.422635135135135,-0.0012752195482406102
0.4233108108108108,-0.0013129639864746852
0.42398648648648646,-0.0013402557549987376
0.4246621621621621,-0.001354876500046848
0.4253378378378378,-0.001354602465636977
0.42601351351351346,-0.001336404022546742
0.42668918918918924,-0.0012973930637826443
0.4273648648648649,-0.0012339952946978383
0.4280405405405406,-0.0011424233995990915
0.42871621621621614,-0.0010190640392205694
0.42939189189189186,-8.597260015603292E-4
0.43006756756756753,-6.613969463441557E-4
0.43074324324324315,-4.2190156613279117E-4
0.431418918918919,-1.400841232271977E-4
0.43209459459459454,1.8170298510823918E-4
0.4327702702702702,5.383561777484504E-4
0.4334459459459459,9.208234148202347E-4
0.43412162162162155,0.0013147246222322726
0.4347972972972973,0.0017015574078668313
0.43547297297297294,0.0020587096888174785
0.43614864864864855,0.0023616618614219712
0.4368243243243243,0.00258701948751507
0.4375,0.0027158272442522856
0.43817567567567567,0.002736463016396141
0.43885135135135134,0.0026485960763901685
0.43952702702702706,0.0024592497880917058
0.44020270270270273,0.0021828879338234262
0.44087837837837845,0.0018390003767141836
0.44155405405405407,0.0014507525132432728
0.4422297297297296,0.0010406529361771868
0.4429054054054054,6.289967388217446E-4
0.4435810810810811,2.3309479660742666E-4
0.44425675675675674,-1.3400627586580572E-4
0.4449324324324324,-4.6311184713000736E-4
0.4456081081081081,-7.481119681494725E-4
0.44628378378378375,-9.866413289887786E-4
0.4469594594594594,-0.0011786408159204266
0.44763513513513514,-0.0013253115138389744
0.44831081081081087,-0.0014298014590564763
0.4489864864864865,-0.0014960272901336598
0.4496621621621622,-0.001527776918668928
0.4503378378378379,-0.0015297289670875584
0.4510135135135135,-0.0015062134305194664
0.45168918918918916,-0.0014611062048845206
0.4523648648648648,-0.0013985511728879809
0.4530405405405405,-0.0013218842650254692
0.4537162162162162,-0.0012342872509089676
0.45439189189189194,-0.0011385873294418173
0.4550675675675674,-0.0010371202313122997
0.4557432432432432,-9.320694591491688E-4
0.4564189189189189,-8.251536574545897E-4
0.4570945945945946,-7.179210671209317E-4
0.4577702702702703,-6.116354888217633E-4
0.45844594594594584,-5.073601576010898E-4
0.4591216216216216,-4.05957200648033E-4
0.4597972972972973,-3.0814113714086003E-4
0.460472972972973,-2.14516249615433E-4
0.46114864864864874,-1.2550727411260104E-4
0.46182432432432424,-4.148724118899761E-5
0.46250000000000013,3.730781833180991E-5
0.4631756756756757,1.1070535089389237E-4
0.46385135135135136,1.785370931478582E-4
0.464527027027027,2.408155914705355E-4
0.46520270270270275,2.9748327902804196E-4
0.4658783783783785,3.486171976861958E-4
0.46655405405405415,3.942519763117464E-4
0.46722972972972965,4.344867192345488E-4
0.4679054054054053,4.69464163576028E-4
0.4685810810810811,4.992934231151574E-4
0.4692567567567567,5.241528492327018E-4
0.4699324324324324,5.441503807401898E-4
0.47060810810810805,5.595101780761539E-4
0.47128378378378377,5.703553363516699E-4
0.47195945945945933,5.768987899481573E-4
0.4726351351351351,5.792552929227789E-4
0.4733108108108108,5.77636443617581E-4
0.47398648648648645,5.721806302017803E-4
0.4746621621621621,5.630647387887757E-4
0.4753378378378378,5.504200928307416E-4
0.4760135135135134,5.34414545673646E-4
0.4766891891891892,5.151734329678176E-4
0.4773648648648648,4.928619981335119E-4
0.4780405405405405,4.6754854324704926E-4
0.4787162162162162,4.393857934902141E-4
0.47939189189189196,4.084620111498013E-4
0.48006756756756763,3.749004999311243E-4
0.48074324324324325,3.387855431452328E-4
0.48141891891891897,3.002060202095688E-4
0.4820945945945946,2.5926193918531117E-4
0.4827702702702702,2.1604335698823654E-4
0.48344594594594603,1.7064667085451185E-4
0.48412162162162165,1.2315016165000717E-4
0.4847972972972973,7.36602818320012E-5
0.485472972972973,2.2282791117226322E-5
0.4861486486486486,-3.086464135728387E-5
0.48682432432432426,-8.566226496119838E-5
0.48749999999999993,-1.419719846015699E-4
0.4881756756756756,-1.996239478334483E-4
0.48885135135135127,-2.5843572399111505E-4
0.48952702702702694,-3.1819583422213523E-4
0.49020270270270266,-3.7866339751610044E-4
0.49087837837837833,-4.395545212065064E-4
0.4915540540540541,-5.005339968696875E-4
0.4922297297297296,-5.612215809101689E-4
0.49290540540540545,-6.211898056636527E-4
0.49358108108108095,-6.798973445849986E-4
0.49425675675675673,-7.367793592678117E-4
0.49493243243243246,-7.911159785796873E-4
0.495608108108108,-8.421400825021256E-4
0.4962837837837838,-8.889102536568367E-4
0.49695945945945946,-9.303678274885746E-4
0.4976351351351352,-9.652921081096843E-4
0.49831081081081086,-9.92215806361834E-4
0.49898648648648647,-0.0010096124399240213
0.49966216216216214,-0.0010154557722307854
0.5003378378378378,-0.0010078486269292741
0.5010135135135134,-9.843466355399842E-4
0.5016891891891891,-9.425226574981505E-4
0.5023648648648649,-8.798745507717389E-4
0.5030405405405404,-7.935739584636416E-4
0.5037162162162162,-6.81549104701499E-4
0.5043918918918918,-5.417327863620249E-4
0.5050675675675675,-3.730008512082964E-4
0.505743243243243,-1.7565281244085468E-4
0.5064189189189189,4.8837502934681674E-5
0.5070945945945946,2.966375204275474E-4
0.5077702702702702,5.617015278100883E-4
0.5084459459459459,8.356933778950212E-4
0.5091216216216214,0.0011077938381930637
0.5097972972972973,0.0013655439545032385
0.510472972972973,0.0015952864918245533
0.5111486486486485,0.0017834174645768811
0.5118243243243243,0.001918066546577803
0.5125,0.0019900847353022926
0.5131756756756757,0.0019942797403442692
0.5138513513513512,0.0019312446136631562
0.514527027027027,0.0018044615291093998
0.5152027027027025,0.0016211290090377274
0.5158783783783784,0.0013912483654187427
0.5165540540540542,0.001127890358426978
0.5172297297297297,8.443168250333547E-4
0.5179054054054053,5.534970046918912E-4
0.5185810810810809,2.673575183838152E-4
0.5192567567567568,-4.165285000203706E-6
0.5199324324324325,-2.533019622893624E-4
0.5206081081081081,-4.742032643867786E-4
0.5212837837837838,-6.637661914970684E-4
0.5219594594594594,-8.204756014784469E-4
0.522635135135135,-9.439108981294525E-4
0.5233108108108108,-0.00103573713200847
0.5239864864864866,-0.0010979894424195838
0.5246621621621621,-0.0011330266991996481
0.5253378378378378,-0.0011441895005684403
0.5260135135135136,-0.0011344577149962683
0.5266891891891893,-0.001106851922174605
0.5273648648648649,-0.0010645045983236102
0.5280405405405405,-0.0010100119043709788
0.5287162162162162,-9.45999834664165E-4
0.5293918918918918,-8.747228277064943E-4
0.5300675675675677,-7.981232108453818E-4
0.5307432432432432,-7.180195323013736E-4
0.5314189189189188,-6.358572885136354E-4
0.5320945945945945,-5.529526980452198E-4
0.53277027027027,-4.7037508731593626E-4
0.5334459459459461,-3.890324786498091E-4
0.5341216216216214,-3.096749393970417E-4
0.5347972972972972,-2.329226435723289E-4
0.5354729729729731,-1.592813005669956E-4
0.5361486486486486,-8.912309986720391E-5
0.5368243243243243,-2.279560126612379E-5
0.5375,3.950751698078938E-5
0.5381756756756757,9.760853103149164E-5
0.5388513513513513,1.5138523792762907E-4
0.5395270270270269,2.0081800228366527E-4
0.5402027027027029,2.458193219281482E-4
0.5408783783783784,2.8647668381179487E-4
0.541554054054054,3.227766787920669E-4
0.5422297297297297,3.5482531110728194E-4
0.5429054054054053,3.8268606428317007E-4
0.543581081081081,4.064669257919704E-4
0.5442567567567569,4.262851403830487E-4
0.5449324324324324,4.422466790086131E-4
0.5456081081081081,4.545001948240104E-4
0.5462837837837837,4.631494447205085E-4
0.5469594594594591,4.68354836793607E-4
0.5476351351351351,4.70219437863184E-4
0.5483108108108107,4.6889944281647636E-4
0.5489864864864864,4.6449967818298606E-4
0.549662162162162,4.571592965877944E-4
0.5503378378378379,4.4698880669779287E-4
0.5510135135135135,4.3412124545074636E-4
0.5516891891891892,4.1864527783456394E-4
0.5523648648648651,4.006983589908758E-4
0.5530405405405405,3.8032738894898865E-4
0.5537162162162161,3.576753021828986E-4
0.5543918918918919,3.3278777201356866E-4
0.5550675675675677,3.057796687859171E-4
0.5557432432432432,2.767069795111643E-4
0.5564189189189189,2.4566257078737023E-4
0.5570945945945945,2.1270998777979283E-4
0.5577702702702704,1.7793158304462613E-4
0.5584459459459459,1.4139668115452166E-4
0.5591216216216216,1.0318795196093773E-4
0.5597972972972972,6.338206136216987E-5
0.5604729729729729,2.2072787717642133E-5
0.5611486486486486,-2.0650810108981972E-5
0.5618243243243243,-6.467391465367507E-5
0.5625,-1.0988553417904951E-4
0.5631756756756756,-1.5614020656547233E-4
0.5638513513513514,-2.0328960473780275E-4
0.5645270270270271,-2.5114890495436814E-4
0.5652027027027027,-2.995110013967998E-4
0.5658783783783783,-3.481369353235071E-4
0.5665540540540539,-3.9674659728518194E-4
0.5672297297297296,-4.4501218488586535E-4
0.5679054054054055,-4.925719765138695E-4
0.5685810810810814,-5.389568791996558E-4
0.5692567567567567,-5.836943875937361E-4
0.5699324324324325,-6.261674642669252E-4
0.5706081081081081,-6.657146039713052E-4
0.5712837837837839,-7.015360367300656E-4
0.5719594594594595,-7.327108139022762E-4
0.572635135135135,-7.582252708614414E-4
0.5733108108108106,-7.7680120539346E-4
0.5739864864864865,-7.871892298775305E-4
0.574662162162162,-7.877278601290652E-4
0.5753378378378378,-7.76864618901107E-4
0.5760135135135136,-7.527585827817574E-4
0.5766891891891892,-7.135027709670378E-4
0.5773648648648648,-6.574057907760824E-4
0.5780405405405405,-5.825458063178257E-4
0.5787162162162162,-4.8775135860161696E-4
0.5793918918918918,-3.7215860286554924E-4
0.5800675675675675,-2.355477938585405E-4
0.5807432432432431,-7.909736954483289E-5
0.5814189189189188,9.506445508968185E-5
0.5820945945945946,2.832442573284974E-4
0.5827702702702703,4.801532803447972E-4
0.5834459459459459,6.791732381295903E-4
0.5841216216216215,8.72390435434682E-4
0.5847972972972971,0.001051281885287271
0.5854729729729727,0.001207043415125379
0.5861486486486487,0.001331272193333605
0.5868243243243242,0.0014171411504958079
0.5874999999999999,0.001459583350184145
0.5881756756756755,0.0014560789922803744
0.5888513513513515,0.001407669018603439
0.5895270270270269,0.0013166534850681804
0.5902027027027028,0.0011874028037576652
0.5908783783783785,0.0010260999828213388
0.5915540540540539,8.408419159637062E-4
0.5922297297297295,6.400408176230872E-4
0.5929054054054054,4.3217047074926265E-4
0.5935810810810812,2.253691323224927E-4
0.5942567567567567,2.670804894193258E-5
0.5949324324324323,-1.5793108594017201E-4
0.5956081081081083,-3.239963517491888E-4
0.5962837837837838,-4.6861424518609133E-4
0.5969594594594594,-5.900198040298516E-4
0.5976351351351352,-6.87512901352672E-4
0.5983108108108108,-7.617572577811721E-4
0.5989864864864864,-8.138015942482736E-4
0.5996621621621623,-8.452314487598866E-4
0.6003378378378378,-8.582715651937838E-4
0.6010135135135135,-8.549698371771176E-4
0.6016891891891892,-8.376111738682449E-4
0.6023648648648648,-8.084972871019517E-4
0.6030405405405407,-7.695606402021444E-4
0.6037162162162163,-7.228793485494415E-4
0.604391891891892,-6.701764893947753E-4
0.6050675675675675,-6.129898772573579E-4
0.6057432432432431,-5.527626404934544E-4
0.6064189189189187,-4.906362311589274E-4
0.6070945945945947,-4.2767878724618124E-4
0.6077702702702703,-3.6475077918891565E-4
0.6084459459459459,-3.0258106987250325E-4
0.6091216216216215,-2.4178548910187253E-4
0.6097972972972973,-1.8286727227072907E-4
0.610472972972973,-1.2623529989406522E-4
0.6111486486486486,-7.220017734745437E-5
0.6118243243243241,-2.1049874511431608E-5
0.6125,2.706127449704653E-5
0.6131756756756757,7.196975457877364E-5
0.6138513513513514,1.1358815244097751E-4
0.6145270270270269,1.5187429724306906E-4
0.6152027027027026,1.8677062513941642E-4
0.6158783783783782,2.1833183853726945E-4
0.616554054054054,2.4652524679439974E-4
0.6172297297297296,2.714548343628402E-4
0.6179054054054054,2.9313928785471325E-4
0.618581081081081,3.116822036168211E-4
0.6192567567567566,3.271489973441133E-4
0.6199324324324325,3.3963812200137565E-4
0.6206081081081081,3.492449842699715E-4
0.6212837837837838,3.5606198380953814E-4
0.6219594594594594,3.6019944394081506E-4
0.622635135135135,3.617450090404759E-4
0.6233108108108107,3.6081087458688553E-4
0.6239864864864865,3.574821620259222E-4
0.6246621621621622,3.518620750753612E-4
0.6253378378378378,3.440368207876234E-4
0.6260135135135135,3.3410836117890005E-4
0.6266891891891894,3.2214399896485224E-4
0.627364864864865,3.082512571474669E-4
0.6280405405405405,2.924644506252479E-4
0.6287162162162161,2.7490039412221616E-4
0.6293918918918918,2.555818270609149E-4
0.6300675675675674,2.3461416716381286E-4
0.6307432432432433,2.1202653690667784E-4
0.6314189189189191,1.8790578324891414E-4
0.6320945945945945,1.6228903526030892E-4
0.6327702702702702,1.3525359714358084E-4
0.6334459459459459,1.0684331692185914E-4
0.6341216216216218,7.713455976704737E-5
0.6347972972972972,4.617934582057868E-5
0.6354729729729729,1.4061152203255031E-5
0.6361486486486487,-1.9155185244127345E-5
0.6368243243243243,-5.337173197934621E-5
0.6375,-8.850224373339793E-5
0.6381756756756756,-1.2442812399842757E-4
0.6388513513513514,-1.6102736486904156E-4
0.639527027027027,-1.9815336209507578E-4
0.6402027027027027,-2.3563616610444374E-4
0.6408783783783781,-2.7328261893412917E-4
0.6415540540540541,-3.1086747219878077E-4
0.6422297297297297,-3.481198633347164E-4
0.6429054054054054,-3.847529043117829E-4
0.643581081081081,-4.203763183706342E-4
0.6442567567567568,-4.546136748375983E-4
0.6449324324324323,-4.8695793267151277E-4
0.6456081081081079,-5.168703364310367E-4
0.6462837837837838,-5.437060209916147E-4
0.6469594594594595,-5.667048437873122E-4
0.6476351351351352,-5.850711165820194E-4
0.6483108108108105,-5.97748818922327E-4
0.6489864864864865,-6.037711610985331E-4
0.6496621621621621,-6.018505358713754E-4
0.6503378378378377,-5.90766842516592E-4
0.6510135135135136,-5.691912901493723E-4
0.651689189189189,-5.356770039570513E-4
0.6523648648648648,-4.89097641829279E-4
0.6530405405405407,-4.282120515457108E-4
0.6537162162162163,-3.5230862140030113E-4
0.6543918918918917,-2.6112435730221283E-4
0.6550675675675673,-1.5478626596809137E-4
0.6557432432432434,-3.462848011458517E-5
0.656418918918919,9.729330478919882E-5
0.6570945945945944,2.378200035529668E-4
0.6577702702702701,3.8260124451637833E-4
0.6584459459459459,5.264210981292034E-4
0.6591216216216216,6.632908278723286E-4
0.6597972972972972,7.871345179608768E-4
0.6604729729729729,8.920654978480139E-4
0.6611486486486485,9.728337081899701E-4
0.6618243243243243,0.0010257396892100954
0.6625,0.0010483462863303218
0.6631756756756756,0.001039887542794301
0.6638513513513512,0.0010017442179062856
0.6645270270270269,9.356111921082886E-4
0.6652027027027025,8.442261776924824E-4
0.6658783783783785,7.314323370487105E-4
0.6665540540540541,6.022478479383236E-4
0.6672297297297297,4.619899306565588E-4
0.6679054054054056,3.1614568727225234E-4
0.6685810810810809,1.701944751768205E-4
0.6692567567567568,2.9005612531674414E-5
0.6699324324324322,-1.0320794397452266E-4
0.6706081081081081,-2.2313566697935056E-4
0.6712837837837836,-3.285081699640033E-4
0.6719594594594595,-4.1779030386584196E-4
0.6726351351351352,-4.903325484819373E-4
0.6733108108108108,-5.463518773671887E-4
0.6739864864864865,-5.863677762110654E-4
0.6746621621621621,-6.114498786411142E-4
0.6753378378378379,-6.230586857685537E-4
0.6760135135135135,-6.225553301398572E-4
0.6766891891891892,-6.116106925935838E-4
0.6773648648648649,-5.918497708094204E-4
0.6780405405405405,-5.64638213019501E-4
0.6787162162162161,-5.315458941934536E-4
0.6793918918918921,-4.938181888901994E-4
0.6800675675675675,-4.526057305026824E-4
0.6807432432432433,-4.089923310402187E-4
0.681418918918919,-3.6382192058333554E-4
0.6820945945945945,-3.179132936421903E-4
0.6827702702702704,-2.7191537405802833E-4
0.6834459459459458,-2.263767421100623E-4
0.6841216216216217,-1.8177338965948175E-4
0.6847972972972973,-1.384846081606165E-4
0.6854729729729729,-9.682369234577833E-5
0.6861486486486487,-5.7033699300614134E-5
0.6868243243243243,-1.9327768516700026E-5
0.6874999999999998,1.6168816159057003E-5
0.688175675675676,4.932418913364064E-5
0.6888513513513512,8.007895095173145E-5
0.6895270270270272,1.0838615951216304E-4
0.6902027027027027,1.3421056311256106E-4
0.6908783783783785,1.575826893015945E-4
0.6915540540540539,1.7847252696864035E-4
0.6922297297297297,1.9696484536367554E-4
0.6929054054054056,2.130541569185498E-4
0.693581081081081,2.2683409914728048E-4
0.6942567567567567,2.3833370774604617E-4
0.6949324324324324,2.47639624472438E-4
0.6956081081081081,2.5480746276938934E-4
0.6962837837837837,2.5991562716545894E-4
0.6969594594594595,2.6303520900383963E-4
0.6976351351351351,2.64237464412215E-4
0.6983108108108109,2.6359885390296806E-4
0.6989864864864864,2.6118571023863666E-4
0.6996621621621621,2.570710120703402E-4
0.7003378378378378,2.513192765897881E-4
0.7010135135135136,2.440050416905716E-4
0.7016891891891891,2.3517694866102547E-4
0.7023648648648647,2.2491593780282274E-4
0.7030405405405405,2.1324494156047658E-4
0.703716216216216,2.0025603584696773E-4
0.704391891891892,1.8595480173730426E-4
0.7050675675675675,1.704333142978703E-4
0.7057432432432432,1.537000360264342E-4
0.706418918918919,1.3583221456521576E-4
0.7070945945945946,1.1684618300885941E-4
0.7077702702702702,9.681043705991519E-5
0.7084459459459459,7.574845977764599E-5
0.7091216216216216,5.372635917630431E-5
0.7097972972972973,3.077614636023779E-5
0.7104729729729728,6.9671540260178545E-6
0.7111486486486486,-1.765591786596866E-5
0.7118243243243242,-4.3016010176009635E-5
0.7124999999999999,-6.904753633720107E-5
0.7131756756756759,-9.566181777523593E-5
0.7138513513513512,-1.2276302852044153E-4
0.7145270270270271,-1.5024198463346912E-4
0.7152027027027026,-1.779676385840279E-4
0.7158783783783785,-2.0579188444038788E-4
0.7165540540540539,-2.335456544767416E-4
0.7172297297297298,-2.6101570672608165E-4
0.7179054054054054,-2.879910589127529E-4
0.7185810810810811,-3.141627397082066E-4
0.7192567567567567,-3.392520919779448E-4
0.7199324324324325,-3.628645562831445E-4
0.7206081081081084,-3.8458956282771094E-4
0.7212837837837838,-4.0393849334983896E-4
0.7219594594594593,-4.2032094604087364E-4
0.7226351351351354,-4.3315354271717706E-4
0.7233108108108108,-4.416104514739232E-4
0.7239864864864866,-4.4499205134203453E-4
0.7246621621621623,-4.4235008339831787E-4
0.7253378378378379,-4.327736550028405E-4
0.7260135135135136,-4.15348054665979E-4
0.7266891891891891,-3.890117069064305E-4
0.7273648648648648,-3.5304240169328305E-4
0.7280405405405405,-3.0665085937972846E-4
0.7287162162162161,-2.493964317412361E-4
0.7293918918918918,-1.8125986320071625E-4
0.7300675675675674,-1.0249543522240895E-4
0.7307432432432432,-1.4196282852053829E-5
0.7314189189189191,8.195432009732294E-5
0.7320945945945946,1.8347692829872979E-4
0.7327702702702703,2.8692472086726045E-4
0.7334459459459461,3.881081957507989E-4
0.7341216216216215,4.8214725377029914E-4
0.7347972972972973,5.642557822885947E-4
0.735472972972973,6.301965132217408E-4
0.7361486486486488,6.768927340163951E-4
0.7368243243243241,7.03306674100585E-4
0.7375,7.096261291620952E-4
0.7381756756756757,6.969090167781991E-4
0.7388513513513513,6.668742994931381E-4
0.7395270270270271,6.205872539715211E-4
0.7402027027027027,5.592837934181183E-4
0.7408783783783784,4.84837406704839E-4
0.741554054054054,3.999662235097858E-4
0.7422297297297293,3.0777666214231586E-4
0.7429054054054055,2.1163857676251537E-4
0.743581081081081,1.150887065591341E-4
0.7442567567567567,2.1301587436211292E-5
0.7449324324324326,-6.690778311865029E-5
0.7456081081081082,-1.473176014363105E-4
0.7462837837837836,-2.183401589420492E-4
0.7469594594594591,-2.7884026414060086E-4
0.7476351351351352,-3.283436701257974E-4
0.7483108108108109,-3.668926273954911E-4
0.7489864864864864,-3.9472122678715156E-4
0.7496621621621623,-4.1253405799084004E-4
0.7503378378378378,-4.212451118271868E-4
0.7510135135135132,-4.2169507067481353E-4
0.7516891891891893,-4.150337523993567E-4
0.7523648648648651,-4.0231855894388156E-4
0.7530405405405406,-3.844595471035384E-4
0.7537162162162163,-3.6253353046175715E-4
0.7543918918918922,-3.373716131139102E-4
0.7550675675675674,-3.0976347684812767E-4
0.7557432432432433,-2.8045953337810535E-4
0.7564189189189191,-2.5002244458849837E-4
0.7570945945945943,-2.1903187666228664E-4
0.7577702702702701,-1.879317347837486E-4
0.7584459459459458,-1.5709757746151085E-4
0.7591216216216217,-1.2686705510044733E-4
0.7597972972972973,-9.749684443265763E-5
0.7604729729729729,-6.92085060897217E-5
0.7611486486486487,-4.217260700289161E-5
0.7618243243243242,-1.6533793939802572E-5
0.7625,7.617056972632543E-6
0.7631756756756759,3.0184474031205593E-5
0.7638513513513514,5.113193883541012E-5
0.7645270270270269,7.041843360036476E-5
0.7652027027027027,8.802492098214796E-5
0.7658783783783784,1.0396512829876827E-4
0.7665540540540543,1.182207205395938E-4
0.7672297297297297,1.3085102946938914E-4
0.7679054054054053,1.4183777232562873E-4
0.768581081081081,1.5126161137999413E-4
0.7692567567567569,1.59125285579371E-4
0.7699324324324325,1.6550124773150862E-4
0.7706081081081082,1.7041454797050244E-4
0.7712837837837837,1.739280029300799E-4
0.7719594594594595,1.760815029987859E-4
0.7726351351351352,1.7692919553348595E-4
0.7733108108108108,1.7651838234869895E-4
0.7739864864864864,1.7489683403963002E-4
0.774662162162162,1.7211230309701218E-4
0.7753378378378377,1.682090329905451E-4
0.7760135135135134,1.6323793921619014E-4
0.7766891891891892,1.5723024700047835E-4
0.7773648648648648,1.5024395973743264E-4
0.7780405405405404,1.4229070612437256E-4
0.7787162162162162,1.334379461479443E-4
0.779391891891892,1.2368432766584738E-4
0.7800675675675676,1.131000482391546E-4
0.7807432432432434,1.0167966751704885E-4
0.781418918918919,8.948865783059838E-5
0.7820945945945946,7.652703863028594E-5
0.7827702702702702,6.285189759836094E-5
0.783445945945946,4.8470686644593765E-5
0.7841216216216215,3.3436593384649945E-5
0.7847972972972972,1.7765590435588933E-5
0.7854729729729731,1.510267141115514E-6
0.7861486486486486,-1.5300785048706956E-5
0.7868243243243243,-3.26136813895981E-5
0.7874999999999999,-5.038094041056421E-5
0.7881756756756757,-6.854368681172176E-5
0.7888513513513513,-8.7032561353095E-5
0.7895270270270269,-1.0577339900472044E-4
0.7902027027027029,-1.2467424733517268E-4
0.7908783783783783,-1.436305267097643E-4
0.7915540540540541,-1.6252827310820483E-4
0.7922297297297298,-1.8121130841613367E-4
0.7929054054054057,-1.9954248373046E-4
0.7935810810810809,-2.1729393297240758E-4
0.7942567567567571,-2.3428251404684718E-4
0.7949324324324324,-2.502251546687514E-4
0.7956081081081081,-2.648379893773213E-4
0.7962837837837838,-2.777845410700582E-4
0.7969594594594593,-2.886429649735788E-4
0.7976351351351351,-2.9702434222603E-4
0.7983108108108108,-3.023450660499526E-4
0.7989864864864865,-3.041336005556597E-4
0.7996621621621619,-3.017501861149555E-4
0.8003378378378379,-2.9456376753325805E-4
0.8010135135135137,-2.819966680141681E-4
0.8016891891891891,-2.633108099383993E-4
0.8023648648648647,-2.3808009149021053E-4
0.8030405405405405,-2.058241440196397E-4
0.8037162162162161,-1.662737862860954E-4
0.804391891891892,-1.1949982018070432E-4
0.8050675675675675,-6.574058957186288E-5
0.8057432432432433,-5.7553179080628455E-6
0.8064189189189188,5.929672442257548E-5
0.8070945945945944,1.2775162042663694E-4
0.8077702702702703,1.9721174694511948E-4
0.8084459459459459,2.645058606903764E-4
0.8091216216216213,3.253928505726323E-4
0.8097972972972972,3.7512858848905964E-4
0.8104729729729728,4.092673025320673E-4
0.8111486486486488,4.2548020201386364E-4
0.8118243243243243,4.258795094549104E-4
0.8125,4.1550706633670557E-4
0.8131756756756755,3.987154694665081E-4
0.8138513513513513,3.7684886131125143E-4
0.8145270270270268,3.4896209783434693E-4
0.8152027027027027,3.1408972839989496E-4
0.8158783783783784,2.7228789507221705E-4
0.8165540540540539,2.2465280615060072E-4
0.8172297297297297,1.7279139415174696E-4
0.8179054054054055,1.185658602467645E-4
0.8185810810810809,6.39985721812476E-5
0.8192567567567569,1.0878402237930694E-5
0.8199324324324324,-3.9193137507116685E-5
0.820608108108108,-8.49567784541922E-5
0.8212837837837835,-1.2549640576862804E-4
0.8219594594594596,-1.6012292528054723E-4
0.8226351351351352,-1.885707520670366E-4
0.8233108108108108,-2.108352184469638E-4
0.8239864864864865,-2.269901330526376E-4
0.8246621621621621,-2.374565187770045E-4
0.8253378378378379,-2.4273252500791126E-4
0.8260135135135133,-2.4324534418887237E-4
0.8266891891891892,-2.3968828349280486E-4
0.8273648648648646,-2.326420018538318E-4
0.8280405405405404,-2.2261220747700348E-4
0.8287162162162162,-2.102354155155115E-4
0.829391891891892,-1.9597026811575977E-4
0.8300675675675674,-1.8027416478022163E-4
0.8307432432432434,-1.6359113749828537E-4
0.831418918918919,-1.4622240763726492E-4
0.8320945945945944,-1.285235102204995E-4
0.8327702702702703,-1.1074451783308722E-4
0.8334459459459459,-9.309861631595981E-5
0.8341216216216217,-7.579095134128406E-5
0.8347972972972972,-5.896107635918686E-5
0.835472972972973,-4.27441117674995E-5
0.8361486486486486,-2.723834409286272E-5
0.8368243243243244,-1.2525703617585541E-5
0.8375,1.3386381662936637E-6
0.8381756756756755,1.4297542589967651E-5
0.8388513513513512,2.6332911034594493E-5
0.839527027027027,3.741584330277417E-5
0.8402027027027029,4.753904313192513E-5
0.8408783783783783,5.6707157252740205E-5
0.8415540540540538,6.490930107036085E-5
0.8422297297297296,7.218371015329756E-5
0.8429054054054055,7.850791804590052E-5
0.8435810810810811,8.394336337679101E-5
0.8442567567567566,8.847482263949073E-5
0.8449324324324324,9.215934008614152E-5
0.8456081081081083,9.499760714846961E-5
0.8462837837837838,9.703649713544427E-5
0.8469594594594593,9.82899942417548E-5
0.8476351351351352,9.879550729069936E-5
0.848310810810811,9.857552355945855E-5
0.8489864864864864,9.76601573473417E-5
0.8496621621621621,9.607536230755655E-5
0.8503378378378378,9.384658464735263E-5
0.8510135135135134,9.100418262246455E-5
0.8516891891891892,8.756298279578835E-5
0.8523648648648648,8.356118217496664E-5
0.8530405405405406,7.899902674857828E-5
0.8537162162162162,7.392279267181496E-5
0.8543918918918918,6.832357160417642E-5
0.8550675675675674,6.225049989443738E-5
0.8557432432432432,5.5691129079726656E-5
0.8564189189189191,4.869327423429333E-5
0.8570945945945944,4.124612905855783E-5
0.8577702702702703,3.339325752844369E-5
0.8584459459459459,2.5129968394955682E-5
0.8591216216216212,1.6494134341378996E-5
0.8597972972972973,7.490726203684343E-6
0.860472972972973,-1.8477488624755646E-6
0.8611486486486487,-1.1504239968766334E-5
0.8618243243243244,-2.1449168231069667E-5
0.8625,-3.165231638762411E-5
0.8631756756756758,-4.208205569937618E-5
0.863851351351351,-5.269542439495479E-5
0.864527027027027,-6.345070178726766E-5
0.8652027027027024,-7.429422843420573E-5
0.8658783783783784,-8.51624547880344E-5
0.8665540540540538,-9.59946915249298E-5
0.8672297297297298,-1.066894167076467E-4
0.8679054054054052,-1.1718034508596214E-4
0.8685810810810811,-1.2731788826411466E-4
0.8692567567567568,-1.3701027187922895E-4
0.8699324324324323,-1.460824132387895E-4
0.8706081081081082,-1.5437148273779542E-4
0.8712837837837836,-1.616870182274382E-4
0.8719594594594594,-1.6776788141690185E-4
0.8726351351351351,-1.7240859969524283E-4
0.8733108108108109,-1.752515481792079E-4
0.8739864864864865,-1.7603740021662745E-4
0.8746621621621622,-1.7440011817456555E-4
0.8753378378378378,-1.699638528745875E-4
0.8760135135135138,-1.6242341669262154E-4
0.8766891891891893,-1.5134629543729893E-4
0.8773648648648651,-1.365078762164597E-4
0.8780405405405406,-1.1765615914478542E-4
0.8787162162162163,-9.463758429863647E-5
0.8793918918918918,-6.753494905099053E-5
0.8800675675675675,-3.6508868210403856E-5
0.8807432432432433,-2.007721932585791E-6
0.8814189189189189,3.530483893292984E-5
0.8820945945945947,7.454036405711232E-5
0.8827702702702703,1.1448739260304739E-4
0.8834459459459459,1.5350165428486005E-4
0.8841216216216214,1.8886539234058553E-4
0.8847972972972973,2.1611818713376273E-4
0.8854729729729728,2.2798457186779626E-4
0.8861486486486486,2.1538570739840012E-4
0.8868243243243242,1.7746624641887395E-4
0.8875,1.4104357297037797E-4
0.8881756756756757,1.2862111644335622E-4
0.8888513513513512,1.200995534367906E-4
0.8895270270270271,1.1083717687856682E-4
0.8902027027027025,9.975717289855458E-5
0.8908783783783785,8.650469059571433E-5
0.891554054054054,7.134606538973649E-5
0.8922297297297299,5.4787443758290614E-5
0.8929054054054053,3.742897837631976E-5
0.8935810810810813,1.9955872548268804E-5
0.8942567567567569,2.9319243554059602E-6
0.8949324324324324,-1.3128859998130273E-5
0.895608108108108,-2.78253832977049E-5
0.8962837837837838,-4.087063407694766E-5
0.8969594594594592,-5.201390599775096E-5
0.8976351351351352,-6.119235197622343E-5
0.8983108108108107,-6.840849943374046E-5
0.8989864864864865,-7.363643929202422E-5
0.8996621621621622,-7.705321140991637E-5
0.9003378378378378,-7.881950602591707E-5
0.9010135135135136,-7.901299961025324E-5
0.9016891891891892,-7.791648301461301E-5
0.902364864864865,-7.569914520993629E-5
0.9030405405405405,-7.249553727184593E-5
0.903716216216216,-6.855167112199584E-5
0.9043918918918916,-6.398563706498835E-5
0.9050675675675675,-5.8950706785580505E-5
0.9057432432432432,-5.360972078123938E-5
0.906418918918919,-4.8022468861003044E-5
0.9070945945945946,-4.233686123783107E-5
0.9077702702702702,-3.662303049042317E-5
0.9084459459459456,-3.0942033517587404E-5
0.9091216216216216,-2.5376546668413224E-5
0.9097972972972973,-1.9954212616895616E-5
0.910472972972973,-1.4731452041795797E-5
0.9111486486486486,-9.736419421004383E-6
0.9118243243243245,-4.993506511766979E-6
0.9125000000000001,-5.241828920565464E-7
0.9131756756756758,3.6549753570966914E-6
0.9138513513513511,7.538299415175447E-6
0.914527027027027,1.1113954924229163E-5
0.9152027027027027,1.4382139904907113E-5
0.9158783783783785,1.734346852143708E-5
0.9165540540540542,1.9991940954959195E-5
0.9172297297297297,2.2346535093948428E-5
0.9179054054054053,2.438807366157416E-5
0.9185810810810812,2.6152670587519294E-5
0.9192567567567568,2.761511329140128E-5
0.9199324324324323,2.881441426933732E-5
0.920608108108108,2.9732918705725463E-5
0.9212837837837837,3.040049357378619E-5
0.9219594594594593,3.080978501426681E-5
0.9226351351351351,3.0981741594690584E-5
0.9233108108108106,3.091725273024893E-5
0.9239864864864864,3.0630018950461354E-5
0.9246621621621621,3.0126258797681252E-5
0.9253378378378377,2.9414558039234874E-5
0.9260135135135136,2.850644347547369E-5
0.926689189189189,2.7402146278479468E-5
0.9273648648648646,2.6121490534314505E-5
0.9280405405405405,2.4654473557717733E-5
0.9287162162162161,2.3027877502113485E-5
0.9293918918918918,2.1225892722025044E-5
0.9300675675675677,1.9277681171953328E-5
0.9307432432432432,1.7166217558519605E-5
0.9314189189189188,1.4919136791881191E-5
0.9320945945945945,1.2522142333498608E-5
0.9327702702702703,9.99846532855761E-6
0.933445945945946,7.3395120256719E-6
0.9341216216216216,4.562549582211824E-6
0.934797297297297,1.6664464383479806E-6
0.9354729729729729,-1.337502672821449E-6
0.9361486486486486,-4.442609933070637E-6
0.9368243243243244,-7.641795737552304E-6
0.9375000000000002,-1.09217491126496E-5
0.9381756756756756,-1.427586786158495E-5
0.9388513513513513,-1.7687090408389995E-5
0.9395270270270271,-2.1143341554542557E-5
0.9402027027027026,-2.462844785720562E-5
0.9408783783783782,-2.81164501177607E-5
0.9415540540540541,-3.159848390116902E-5
0.9422297297297296,-3.502361660476218E-5
0.9429054054054056,-3.839386781546099E-5
0.943581081081081,-4.163304407907737E-5
0.9442567567567569,-4.473647788686526E-5
0.9449324324324322,-4.76313788886552E-5
0.9456081081081079,-5.026936488103613E-5
0.946283783783784,-5.2597999590899357E-5
0.9469594594594591,-5.450736983652467E-5
0.947635135135135,-5.5964888012398954E-5
0.9483108108108107,-5.681960171246407E-5
0.9489864864864863,-5.701326452961654E-5
0.9496621621621619,-5.6423172196281294E-5
0.9503378378378379,-5.491146587061066E-5
0.9510135135135133,-5.24098592912286E-5
0.9516891891891892,-4.8748434403004726E-5
0.9523648648648652,-4.3878099737703674E-5
0.9530405405405404,-3.771972897371088E-5
0.9537162162162162,-3.020782486159435E-5
0.9543918918918918,-2.139342749349085E-5
0.9550675675675675,-1.1323835597388267E-5
0.9557432432432432,-1.5210521149114374E-7
0.9564189189189188,1.1898976131342589E-5
0.9570945945945946,2.4551817376197307E-5
0.9577702702702701,3.7496429401255054E-5
0.9584459459459459,5.0387713733021846E-5
0.9591216216216216,6.246303242254754E-5
0.9597972972972973,7.181898417883349E-5
0.9604729729729728,7.383581002304639E-5
0.9611486486486486,6.0743259342737624E-5
0.9618243243243241,2.981678499840311E-5
0.9624999999999999,9.471724025722778E-19
