0,-2.6361089093645558E-5
0,0.006778750313128262
0.03133243176513049,0.020128664730904657
0.0627277788234559,0.0231751813072621
0.09418604130315025,0.02468823463568381
0.12570721933162005,0.021340044183659788
0.15729131303551044,0.01501205658603445
0.18893832254071113,0.010372382541266734
0.22064824797236274,0.004377652909953557
0.25242108945486214,-0.0019827179089362767
0.28425684711186905,-0.005882239634687971
0.3161555210663112,-0.00998636907961945
0.3481171114403904,-0.013825246292326605
0.3801416183555884,-0.016472768763691838
0.4122290419326723,-0.019107002747873143
0.44437938229169993,-0.02164257025850721
0.476592639552026,-0.023731020301926663
0.508868813832307,-0.025874777289182672
0.5412079052505071,-0.027955946768416826
0.573609913923903,-0.02998607356862579
0.6060748399690896,-0.03210961799969967
0.6386026835019856,-0.034051628916426276
0.6711934446378379,-0.036064488700013074
0.7038471234912274,-0.038015689646528836
0.7365637201760739,-0.04009146385099838
0.769343234805641,-0.04195786781219323
0.8021856674925423,-0.044100426456045644
0.8350910183487442,-0.04586657788742951
0.8680592874855726,-0.04775907622059138
0.9010904750137174,-0.049520724421918336
0.9341845810432369,-0.051386817540374045
0.9673416056835626,-0.053192765164878406
1.0005615490435051,-0.05487249721892237
1.033844411231257,-0.056476757487754665
1.067190192354399,-0.05804220398625897
1.1005988925199035,-0.059776690956428465
1.1340705118341399,-0.06104086328602725
1.1676050504028799,-0.06262190772000187
1.2012025083312985,-0.06392917764484965
1.2348628857239834,-0.06535327799741557
1.2685861826849356,-0.06658434654335298
1.3023723993175753,-0.06743135338475031
1.3362215357247458,-0.06893843486854964
1.3701335920087188,-0.06974714385061313
1.4041085682711962,-0.07094328513961506
1.4381464646133177,-0.07153716951695323
1.472247281135662,-0.07269479661429042
1.5064110179382528,-0.07333280395247477
1.540637675120561,-0.07409447524094066
1.574927252781511,-0.07456299139500516
1.609279751019484,-0.07530384383774678
1.64369516993232,-0.07587325765026638
1.6781735096173247,-0.0759469023577799
1.7127147701712717,-0.0765188571962462
1.7473189516904064,-0.07663848572526102
1.7819860542704502,-0.07709703222676344
1.8167160780066052,-0.07708669212239924
1.8515090229935551,-0.0771929992867308
1.8863648893254727,-0.07733265149595364
1.9212836770960207,-0.07721422473938927
1.9562653863983568,-0.07716826851544761
1.9913100173251361,-0.07682664883729036
2.026417569968517,-0.07692648246690996
2.061588044420162,-0.07658351018403896
2.0968214407712433,-0.07627389277546835
2.1321177591124445,-0.0759820184857372
2.1674769995339664,-0.0756521917810299
2.2028991621255285,-0.07529375456743392
2.2383842469763726,-0.07482978363985461
2.2739322541752673,-0.07434657807345406
2.3095431838105105,-0.07399049706028459
2.3452170359699314,-0.07340413085876984
2.3809538107408983,-0.07283500309218345
2.416753508210317,-0.07256208837283909
2.4526161284646344,-0.07187640873963255
2.488541671589846,-0.07129498288757176
2.5245301376714955,-0.07076896472627284
2.5605815267946768,-0.07034359430968132
2.5966958390440413,-0.06993370590291442
2.632873074503797,-0.06924167075252922
2.6691132332577143,-0.06891504433599693
2.7054163153891286,-0.06839383677252733
2.7417823209809407,-0.06803866093790187
2.7782112501156235,-0.0678765935728289
2.814703102875223,-0.0674079195909189
2.8512578793413614,-0.06746359145118325
2.8878755795952387,-0.0677743153767342
2.92455620371764,-0.06757652680452435
2.9612997517889332,-0.0681367925201462
2.9981062238890734,-0.06875880898598363
3.0349756200976086,-0.06938824606712757
3.0719079404936784,-0.07055454989603281
3.10890318515602,-0.07190588025967942
3.1459613541629685,-0.07370197274481333
3.1830824475924593,-0.07640081403257712
3.220266465522036,-0.08053825609841564
3.257513408028846,-0.08643383400592755
3.294823275189646,-0.09528304551337863
3.332196067080808,-0.10640044174955846
3.369631783778317,-0.12938614123802233
3.4071304253577743,-0.1512702818545986
3.4446919918944032,-0.13658391574630058
3.48231648346305,-0.11843975533151621
3.5200039001381835,-0.10147559642151914
3.5577542419939028,-0.08589178972971584
3.595567509103935,-0.07505292135630942
3.633443701541641,-0.06608576478593725
3.671382819380017,-0.0590330307722864
3.7093848626916954,-0.05401642811147162
3.747449831548948,-0.05022374575232646
3.7855777260236914,-0.04735184017980505
3.8237685461874844,-0.04536526152014431
3.8620222921115324,-0.04410498083827452
3.9003389638666914,-0.04327639796267902
3.938718561523469,-0.042266539658515005
3.977161085152025,-0.04120135092046301
4.015666534822177,-0.040382666918980945
4.0542349106034,-0.039714151192620485
4.092866212564828,-0.03896143544711116
4.131560440775261,-0.038207624683823486
4.170317595303161,-0.037349461044646586
4.209137676216659,-0.03661551138631033
4.248020683583554,-0.036042265030401636
4.286966617471316,-0.03528664247418752
4.3259754779470905,-0.03459788076530517
4.365047265077697,-0.03400712666223954
4.404181978929634,-0.033431835931845254
4.443379619569076,-0.03292861510565553
4.482640187061884,-0.032567180951963266
4.521963681473601,-0.032051265180073195
4.561350102869455,-0.031541587968003736
4.600799451314362,-0.03110169357066405
4.64031172687293,-0.03073175054067212
4.679886929609458,-0.030353443200432328
4.7195250595879354,-0.02995201576064194
4.75922611687205,-0.02959941569201393
4.79899010152519,-0.029275272713144403
4.838817013610437,-0.028923923513562416
4.878706853190579,-0.028528692182386274
4.918659620328107,-0.028157912314142473
4.9586753150852125,-0.02780897909823508
4.9987539375238,-0.02733623033052284
5.038895487705481,-0.0269533529501069
5.079099965691573,-0.026585816829471663
5.119367371543114,-0.026272914216862554
5.159697705320851,-0.0259163829313392
5.200090967085247,-0.025471519918677292
5.240547156896487,-0.02504549829382883
5.281066274814472,-0.024627525714881412
5.321648320898823,-0.024147840943814166
5.362293295208889,-0.023633480392392103
5.403001197803739,-0.023139995168117985
5.443772028742171,-0.022650177747026618
5.484605788082712,-0.022099622743583316
5.525502475883616,-0.02152552051184069
5.566462092202872,-0.02094660855525999
5.607484637098196,-0.020401890086296826
5.648570110627047,-0.019801925894026635
5.689718512846616,-0.019184232315432943
5.730929843813829,-0.018583187680054285
5.772204103585359,-0.017977102724556663
5.813541292217614,-0.01732380778697927
5.854941409766747,-0.016659720222400247
5.896404456288656,-0.01601119132295325
5.937930431838984,-0.015359271901627477
5.97951933647312,-0.014568179958557144
6.021171170246207,-0.01377917964309502
6.06288593321313,-0.013085823601524327
6.104663625428534,-0.01238751332316374
6.146504246946816,-0.011670079130174848
6.188407797822122,-0.010963599984488948
6.230374278108361,-0.010269857367682317
6.272403687859199,-0.009571085684267181
6.3144960271280555,-0.008865507773110856
6.35665129596812,-0.00812765843612541
6.398869494432336,-0.0074013336530413115
6.4411506225734145,-0.006675602658491455
6.483494680443832,-0.005951775845585733
6.52590166809583,-0.005243876115149787
6.568371585581416,-0.004552650360572162
6.610904432952371,-0.0038770093937736875
6.653500210260243,-0.0032266602347792057
6.696158917556354,-0.0026115626499911226
6.738880554891798,-0.002042650947653217
6.781665122317443,-0.0015444056800866907
6.824512619883936,-0.0011455601773205436
6.867423047641694,-8.731517642116449E-4
6.9103964056409195,-6.97194020697207E-4
6.953432693931597,-6.490590244142233E-4
6.996531912563481,-0.0010328065932680244
7.039694061586117,-0.0015925699685989112
7.082919141048837,-0.002412309045159694
7.126207151000746,-0.004022764554775967
7.169558091490746,-0.006399113373956588
7.212971962567524,-0.009596125418283695
7.256448764279549,-0.013539085656224041
7.2999884966750885,-0.01816363874338183
7.343591159802197,-0.022069531669732845
7.38725675370872,-0.02684810496892958
7.4309852784423,-0.03040792279691214
7.474776734050372,-0.03185653642151728
7.518631120580165,-0.03086703568887568
7.562548438078709,-0.02834862338568852
7.60652868659283,-0.02462415822824858
7.650571866169152,-0.019780065946482222
7.6946779768541,-0.014592337328714797
7.738847018693905,-0.009764887572968915
7.783078991734595,-0.006544082098241818
7.827373896022001,-0.0028296558099358887
7.871731731601766,-4.2667078691911123E-4
7.916152498519334,0.0010966484763545324
7.960636196819954,0.0019576026549042898
8.00518282654869,0.0022555499413332864
8.04979238775041,0.0023955926696488787
8.09446488046979,0.002378973503573293
8.139200304751329,0.002077796350572679
8.183998660639324,0.0015770041197767962
8.228859948177893,0.0011499981819916936
8.273784167410973,9.162620785065069E-4
8.318771318382305,5.32451864141016E-4
8.363821401135457,6.739456285534157E-5
8.408934415713812,-3.0482279361679164E-4
8.454110362160566,-5.535179537700672E-4
8.499349240518743,-8.881387624778483E-4
8.544651050831183,-0.0012873769830837492
8.590015793140546,-0.001597088986981056
8.635443467489322,-0.0018909920612377885
8.680934073919818,-0.002219821945919011
8.726487612474166,-0.0025917160716006364
8.772104083194328,-0.002887574417611453
8.817783486122089,-0.003183209637935322
8.86352582129906,-0.003506782115609813
8.909331088766688,-0.0037460220211512005
8.955199288566241,-0.004116610220446702
9.001130420738821,-0.0043425525587213664
9.04712448532536,-0.004618376913105234
9.093181482366626,-0.004888645801738019
9.139301411903215,-0.005109037448385379
9.18548427397556,-0.005337855604634776
9.231730068623929,-0.005518447717473153
9.278038795888424,-0.005734118130908065
9.324410455808986,-0.005892051238123035
9.370845048425391,-0.0060115948834429354
9.417342573777256,-0.006185241434999706
9.463903031904037,-0.006234761466675137
9.51052642284503,-0.006355746045002672
9.557212746639369,-0.006430449538955899
9.603962003326032,-0.0063979144258921785
9.650774192943846,-0.006492547002392221
9.697649315531468,-0.006433108693344056
9.744587371127412,-0.0064321462482292415
9.791588359770035,-0.006383727381672927
9.838652281497533,-0.0062552902624664125
9.885779136347956,-0.0062158837230460295
9.932968924359201,-0.006048681271461203
9.98022164556901,-0.005887378248024625
10.02753730001498,-0.005784693853502511
10.07491588773455,-0.00552064822351125
10.12235740876502,-0.005386462221193663
10.169861863143533,-0.005114190604624678
10.21742925090709,-0.004902105472055975
10.26505957209254,-0.004619257060852029
10.312752826736597,-0.004344789464363137
10.360509014875813,-0.004042933235569906
10.408328136546611,-0.0037250041656331956
10.456210191785265,-0.0033983236734683635
10.504155180627905,-0.0030549917933048805
10.552163103110518,-0.002699099000810614
10.600233959268952,-0.002338275938909065
10.64836774913891,-0.0019594647832491753
10.696564472755965,-0.0015765379331976188
10.744824130155544,-0.0011943484206055812
10.793146721372931,-7.95197899515242E-4
10.841532246443283,-4.1931163046315516E-4
10.889980705401612,-2.4663916378132264E-7
10.938492098282795,3.5607139385994657E-4
10.98706642512158,7.887731149895165E-4
11.035703685952571,0.0011564773735665754
11.084403880810237,0.0015334781440103434
11.133167009728927,0.0018766736907517238
11.181993072742845,0.0022767517245961748
11.230882069886063,0.0025577956007745693
11.279834001192532,0.0029734299959961377
11.328848866696058,0.0031751111806335164
11.377926666430325,0.00358002901584859
11.427067400428891,0.003729223362111312
11.476271068725179,0.0039682177975507524
11.525537671352485,0.004020031638066047
11.574867208343978,0.0038281349686456203
11.6242596797327,0.0035579499917420144
11.673715085551567,0.0027490328282557953
11.723233425833374,0.0016617518044979248
11.772814700610784,5.5114088655858216E-5
11.822458909916339,-0.0022221072585029695
11.872166053782458,-0.004792815315464261
11.921936132241436,-0.00734474536218067
11.971769145325442,-0.01096802042541618
12.021665093066535,-0.01377143605498221
12.071623975496642,-0.015882269913804
12.121645792647566,-0.017726923104830237
12.171730544551005,-0.018130322526616185
12.221878231238525,-0.018038613756867154
12.272088852741577,-0.016362049264555985
12.322362409091498,-0.01394467990403398
12.372698900319506,-0.011234387488169366
12.423098326456689,-0.007919449058519702
12.47356068753404,-0.004964785522961704
12.52408598358242,-0.0023653576577594105
12.574674214632582,-1.672206285491732E-4
12.62532538071517,0.0016251138133047604
12.676039481860697,0.0028011193212892737
12.726816518099573,0.0034251370344023815
12.777656489462101,0.003952020193493799
12.828559395978463,0.004088635376975736
12.879525237678726,0.003911158853865497
12.930554014592861,0.003809809263153452
12.981645726750711,0.0035723593413499928
13.032800374182015,0.0032038554183929347
13.084017956916409,0.0029138700588445814
13.135298474983411,0.0026123360301811946
13.186641928412435,0.0022693700225424693
13.238048317232785,0.0019858592947109574
13.28951764147366,0.0016324885808613602
13.341049901164146,0.0012146860255358265
13.392645096333233,0.0010333841790361234
13.444303227009796,7.225153009507718E-4
13.496024293222607,3.551167236005384E-4
13.547808295000335,9.483021787776603E-5
13.599655232371543,-1.805251127592751E-4
13.651565105364687,-4.791862146069553E-4
13.70353791400813,-7.96980142758552E-4
13.755573658330123,-0.0010630703377416837
13.80767233835881,-0.001326924971774181
13.859833954122246,-0.0015901877984239457
13.912058505648378,-0.0018334257540898048
13.964345992965049,-0.0021041769496099945
14.016696416100013,-0.0023387586905567067
14.069109775080907,-0.002559647751975434
14.12158606993528,-0.002759337635234897
14.174125300690584,-0.002917600780994545
14.226727467374165,-0.003131328084476671
14.27939257001327,-0.00330966370132144
14.332120608635064,-0.0034627094829947904
14.384911583266593,-0.0035684381576251934
14.437765493934817,-0.003681886177049753
14.490682340666606,-0.0037863938353365507
14.543662123488723,-0.003878086632485983
14.596704842427842,-0.003939683130038637
14.649810497510542,-0.003969864339599965
14.702979088763303,-0.0039589398405788356
14.756210616212515,-0.003964311120396862
14.809505079884477,-0.003969433786318785
14.862862479805388,-0.003956140536159077
14.916282816001365,-0.003914584408293772
14.96976608849842,-0.003844325836089601
15.023312297322478,-0.003748728671716428
15.076921442499374,-0.0036281841071616324
15.13059352405486,-0.0034970543236798476
15.184328542014585,-0.003352490878400395
15.238126496404107,-0.003215363628768492
15.291987387248907,-0.0030551209652898586
15.345911214574366,-0.0028743131035074533
15.399897978405784,-0.0026743707133635884
15.453947678768367,-0.0024591706821937252
15.508060315687235,-0.002231000741291286
15.562235889187418,-0.0020086196868228092
15.616474399293862,-0.0017646096587718278
15.670775846031423,-0.0015097808587765016
15.725140229424879,-0.0012462092699546865
15.779567549498916,-9.767691673360467E-4
15.834057806278125,-7.042570194554852E-4
15.88861099978703,-4.303702291764638E-4
15.94322713005006,-1.5734134547919928E-4
15.997906197091558,1.2548159424141713E-4
16.052648200935792,4.141937485760403E-4
16.10745314160694,6.998564225163035E-4
16.162321019129088,9.804164199689988E-4
16.21725183352626,0.0012550257342950476
16.27224558482238,0.001542381653902572
16.327302273041294,0.0018104028479879394
16.38242189820678,0.0020677238551039213
16.43760446034251,0.002312396187066543
16.492849959472093,0.0025426088877104295
16.548158395619055,0.0027549779583399808
16.603529768806837,0.0029456577181009563
16.6589640790588,0.0031049892726097623
16.71446132639824,0.003218890246695822
16.77002151084835,0.003258336226844287
16.825644632432255,0.003268544156967804
16.88133069117301,0.003039070423606402
16.93707968709358,0.002555768886698756
16.99289162021686,0.0017245088507561238
17.048766490565665,4.64436440925417E-4
17.10470429816273,-0.0012716404415712157
17.160705043030713,-0.0036372613682788342
17.216768725192207,-0.0060468998206049855
17.272895344669717,-0.008562989817846652
17.329084901485672,-0.010918265442382896
17.385337395662436,-0.013030261935746787
17.44165282722229,-0.014367465970877425
17.498031196187434,-0.014734934716054993
17.554472502580012,-0.014075356056927946
17.610976746422086,-0.012523766011531748
17.66754392773563,-0.01032762800721484
17.724174046542565,-0.007817653997594697
17.780867102864732,-0.005299139258422856
17.837623096723895,-0.0030197343511542134
17.894442028141754,-0.0012649163815407916
17.951323897139925,1.4889619936174186E-4
18.00826870373996,0.001229378052370428
18.065276447963345,0.002180812246438002
18.122347129831486,0.002595213257979658
18.179480749365716,0.0028207850620549095
18.236677306587314,0.002943108519061022
18.293936801517468,0.0029565389866081635
18.351259234177302,0.0028751794924109244
18.408644604587884,0.002723368160911578
18.4660929127702,0.0025173780522652293
18.52360415874517,0.002271492420487254
18.581178342533644,0.0019692632585483526
18.638815464156405,0.0017542705764351419
18.69651552363417,0.0015389559507608206
18.754278520987583,0.0013062569052200259
18.81210445623723,0.0010554902789054234
18.86999332940362,7.898300691197612E-4
18.927945140507198,5.138371577250134E-4
18.985959889568345,2.936020734625307E-4
19.044037576607373,5.2012396573430605E-5
19.10217820164453,-1.8400061805633194E-4
19.160381764700006,-4.276429692362973E-4
19.2186482657939,-6.549675469233194E-4
19.276977704946276,-8.5242181334048E-4
19.335370082177118,-0.0011201028501042207
19.39382539750634,-0.001305210607167005
19.45234365095381,-0.0015151796287191334
19.51092484253932,-0.001715790465408834
19.569568972282593,-0.0019098466369879066
19.6282760402033,-0.0020786345197257414
19.687046046321043,-0.002255077115653593
19.74587899065536,-0.002409178216225571
19.804774873225735,-0.002539909137708289
19.86373369405158,-0.0026867434388407586
19.922755453152238,-0.0028144857314026067
19.981840150547015,-0.002907042832564988
20.040987786255133,-0.002975681903859578
20.100198360295764,-0.0030924518406403806
20.159471872688012,-0.00315424359915203
20.218808323450926,-0.00317497497866532
20.278207712603486,-0.00323163616283453
20.337670040164625,-0.003263498202055954
20.397195306153204,-0.0032464678600396327
20.45678351058803,-0.003231869958849778
20.516434653487845,-0.003230923877113566
20.576148734871342,-0.0031816055642320414
20.635925754757146,-0.0031260209216753647
20.69576571316383,-0.0030394905623828015
20.755668610109904,-0.002987427244025075
20.815634445613814,-0.0028862172146090397
20.87566321969396,-0.002749105911368591
20.935754932368674,-0.0026561129822463454
20.995909583656235,-0.002521783422199516
21.056127173574872,-0.002345251547295554
21.116407702142748,-0.0022154890533374397
21.17675116937796,-0.002047779063347862
21.237157575298575,-0.001849363288014891
21.297626919922575,-0.0016835980135576772
21.358159203267903,-0.0014835388323226997
21.418754425352446,-0.0012826483419572834
21.479412586194023,-0.001074912128508548
21.540133685810407,-8.530785785736087E-4
21.60091772421932,-6.674105581301762E-4
21.661764701438422,-4.1060811181163186E-4
21.722674617485314,-1.9134902525017066E-4
21.78364747237756,3.025002684613001E-5
21.844683266132645,2.7146279810415317E-4
21.905781998768013,4.3346543565754195E-4
21.966943670301063,6.873118457334055E-4
22.028168280749128,9.241193014581796E-4
22.089455830129488,0.0011149736643078748
22.150806318459377,0.0013467155311036297
22.21221974575597,0.0015096171203445626
22.273696112036387,0.0017216958087369141
22.335235417317705,0.001863682442572585
22.39683766161694,0.0020333246646353173
22.45850284495106,0.002165462174533963
22.52023096733698,0.002269240605450959
22.582022028791563,0.00238450041623417
22.64387602933162,0.002418685584959794
22.705792968973913,0.002488549302737217
22.767772847735156,0.0023860015452164826
22.829815665631997,0.0022708018360733293
22.891921422681055,0.0018536485623042878
22.954090118898883,0.001068553535575682
23.016321754301984,-6.922684142144442E-5
23.078616328906826,-0.0021214043182482146
23.140973842729807,-0.004149773964022789
23.203394295787284,-0.007361557795709912
23.265877688095575,-0.009524351688075052
23.328424019670933,-0.012142144660541601
23.391033290529567,-0.013368568345128751
23.453705500687647,-0.013549162611380306
23.516440650161275,-0.012287946107304269
23.579238738966517,-0.010440881713805127
23.642099767119394,-0.007515974258615114
23.705023734635873,-0.0054364398704572665
23.768010641531873,-0.003012967104931721
23.831060487823265,-0.0014533048866501132
23.894173273525876,-1.407844657680921E-4
23.95734899865548,7.205375846544113E-4
24.020587663227815,0.0012621378193271434
24.08388926725856,0.0017004398578263488
24.147253810763353,0.0018775348139177654
24.210681293757776,0.0021017628381727604
24.27417171625738,0.0021511538396089486
24.337725078277675,0.002173879757565606
24.40134137983409,0.002147669504864975
24.46502062094205,0.00201735082451183
24.5287628016169,0.0019420322147236963
24.59256792187396,0.0017618149501375266
24.656435981728514,0.001601440667844117
24.720366981195763,0.0013840396642910086
24.7843609202909,0.0012390902091508093
24.848417799029065,0.0010453817005612138
24.91253761742534,7.927127962964186E-4
24.976720375494764,6.493852421288264E-4
25.040966073252346,4.440775480083654E-4
25.10527471071305,2.3143638279302922E-4
25.16964628789178,6.007493268537244E-5
25.23408080480341,-1.3792646990323605E-4
25.298578261462772,-3.345408361215867E-4
25.363138657884644,-5.055690025997004E-4
25.427761994083756,-6.859645210331891E-4
25.492448270074824,-8.689382495511896E-4
25.557197485872486,-0.0010307327594175012
25.622009641491356,-0.0011896927341044801
25.686884736946016,-0.0013455731404807955
25.751822772250975,-0.0014988306954087658
25.816823747420727,-0.0016345216143572906
25.88188766246972,-0.0017493934717952378
25.947014517412338,-0.0018910707087449784
26.01220431226295,-0.0020034384601124483
26.077457047035885,-0.002072983369747514
26.14277272174539,-0.002192828221993057
26.20815133640572,-0.0022677050374156145
26.27359289103107,-0.002331472487300047
26.339097385635576,-0.002397633929988441
26.40466482023336,-0.002447877953381531
26.470295194838503,-0.0024653064399511294
26.535988509465017,-0.0024864114809725587
26.6017447641269,-0.002512833147326723
26.66756395883811,-0.0025067262032373444
26.733446093612542,-0.0024703612604413086
26.799391168464084,-0.00245725038178701
26.86539918340656,-0.0024276589664414252
26.93147013845375,-0.002367024634460944
26.997604033619417,-0.0022894373934572183
27.063800868917276,-0.0022300087550288696
27.13006064436099,-0.0021482199220164435
27.1963833599642,-0.0020429250594291445
27.262769015740513,-0.0019313353980454327
27.329217611703466,-0.0018158446971766027
27.395729147866586,-0.0016929079276142426
27.46230362424336,-0.0015539269696974918
27.52894104084723,-0.001423176610339412
27.595641397691583,-0.0012606164800888942
27.662404694789807,-0.001100523250590709
27.72923093215521,-9.330725813350632E-4
27.796120109801095,-7.518922442124393E-4
27.86307222774072,-5.63479364798264E-4
27.930087285987288,-3.918721836926355E-4
27.997165284553983,-2.0238464232794344E-4
28.064306223453958,-1.2481679611846066E-5
28.1315101027003,1.756773290461661E-4
28.198776922306095,3.5856993496489743E-4
28.266106682284363,5.462399066437072E-4
28.333499382648093,7.426816871062146E-4
28.40095502341025,9.442784775317746E-4
28.468473604583767,0.001135771953521002
28.536055126181513,0.001317872606830074
28.603699588216344,0.0014878467559142823
28.671406990701087,0.0016434430969616094
28.739177333648502,0.0017823555152991963
28.80701061707134,0.0018852152523460195
28.874906840982316,0.0020163563551998795
28.942866005394094,0.0021248289830895464
29.010888110319307,0.0022312804085618952
29.07897315577057,0.0023262233233828753
29.147121141760433,0.002391564092316294
29.21533206830144,0.002458551990964855
29.283605935406094,0.0025388423074777337
29.35194274308684,0.0026175471645190117
29.420342491356124,0.0026266759388652904
29.48880518022634,0.002417265826646149
29.557330809709836,0.0017048767515206273
29.625919379818942,1.8468617199534861E-4
29.69457089056597,-0.002101854840100725
29.763285341963147,-0.0053485942484425494
29.832062734022717,-0.008902165942062487
29.900903066756875,-0.011878389409601548
29.96980634017776,-0.013406661408043273
30.038772554297513,-0.013017580731083653
30.10780170912823,-0.010922436113830553
30.17689380468195,-0.007842227922837564
30.246048840970712,-0.00466572032390115
30.315266818006513,-0.0020381794504183977
30.384547735801302,-2.1748398601170014E-4
30.45389159436702,8.714687861366297E-4
30.52329839371555,0.0014619088770011649
30.59276813385875,0.001792980904778978
30.66230081480846,0.0019993170021661106
30.731896436576488,0.002172505828712245
30.80155499917458,0.002328037015412152
30.87127650261448,0.002456334174293188
30.941060946907903,0.0025485728851353455
31.0109083320665,0.002597348594506123
31.08081865810192,0.0026042220660935284
31.15079192502578,0.002588096924139933
31.220828132849643,0.0025314717162468704
31.290927281585056,0.002447081769772186
31.361089371243544,0.002341931981894896
31.431314401836577,0.00222129500440447
31.501602373375615,0.0020896716789872713
31.57195328587209,0.0019509563110721732
31.642367139337377,0.0018073585510658477
31.712843933782846,0.001661872614409499
31.783383669219834,0.0015152307978741745
31.853986345659624,0.0013792257117262296
31.924651963113497,0.0012542408079163295
31.995380521592708,0.0011305194574947736
32.066172021108436,9.869204729772332E-4
32.13702646167187,8.531996269320638E-4
32.20794384329418,7.486289835077879E-4
32.27892416598647,6.327071112943069E-4
32.34996742975983,5.19557941087357E-4
32.42107363462534,4.1217477595660904E-4
32.492242780594005,3.1094355883555156E-4
32.563474867676845,2.188539345160088E-4
32.63476989588484,1.3290076103597502E-4
32.706127865228915,6.423007906574726E-5
32.77754877572001,-1.3498358967743329E-5
32.84903262736899,-7.902235697398687E-5
32.920579420186726,-1.3369113465507864E-4
32.99218915418404,-1.7524096362484678E-4
33.063861829371746,-2.031802604068517E-4
33.1355974457606,-2.1745201857856512E-4
33.20739600336136,-2.3481260328374426E-4
33.27925750218475,-2.468121468336408E-4
33.35118194224143,-2.442501341692755E-4
33.42316932354208,-2.2592391017033542E-4
33.49521964609734,-1.9171949449183778E-4
33.5673329099178,-1.413268040937668E-4
33.639509115014036,-9.141934117871958E-5
33.71174826139661,-2.8387455029939117E-5
33.78405034907602,3.473903853225928E-5
33.85641537806278,1.0917915714164749E-4
33.92884334836735,2.018206417643186E-4
34.00133426000017,3.1284118549323856E-4
34.07388811297165,4.3537615984275694E-4
34.14650490729219,5.448078967341852E-4
34.219184642972124,6.734459509139703E-4
34.2919273200218,8.19136688525374E-4
34.36473293845153,9.794617961093148E-4
34.43760149827157,0.0011263624824815431
34.51053299949218,0.0012913460233467428
34.58352744212359,0.0014683383165779976
34.65658482617599,0.001646641177887192
34.72970515165955,0.0018315529745534396
34.80288841858443,0.0020270058494402956
34.876134626960734,0.002224294124908465
34.94944377679856,0.002403921666733947
35.02281586810799,0.0026308822944796544
35.09625090089905,0.0028398076564687996
35.16974887518175,0.003023860022665354
35.2433097909661,0.0032603047599495424
35.316933648262044,0.003464890888623081
35.390620447079534,0.0036751149375526984
35.464370187428486,0.0038788346410085443
35.538182869318774,0.004091718848093568
35.61205849276027,0.004291556277849301
35.68599705776282,0.004471637770803707
35.759998564336215,0.0046750702969633896
35.834063012490255,0.00485271250511747
35.90819040223472,0.0049916451866246206
35.98238073357932,0.005174649769603362
36.05663400653377,0.005304556980900197
36.130950221107774,0.005400323990838241
36.20532937731098,0.005545774826172626
36.27977147515304,0.005636829438264491
36.35427651464357,0.00574077406270668
36.42884449579215,0.0059344344793386735
36.503475418608346,0.006170394171325306
36.578169283101715,0.006554893418526377
36.652926089281756,0.00702851965976793
36.727745837157975,0.0072160426639103275
36.802628526739845,0.006697334019388437
36.87757415803679,0.00459542345252647
36.95258273105826,8.562042065902596E-4
37.027654245813636,-0.004249231705051835
37.102788702312296,-0.009308478639333173
37.177986100563594,-0.011375573506150602
37.25324644057686,-0.01010503322260484
37.32856972236139,-0.005710642940524675
37.40395594592647,-8.20681701820256E-4
37.47940511128136,0.003219834684174871
37.55491721843531,0.005560867948697625
37.63049226739749,0.0064956452762095
37.70613025817713,0.006713599800946726
37.78183119078338,0.006743389870357566
37.857595065225375,0.00678072190036428
37.93342188151225,0.00691411655677523
38.0093116396531,0.007123360552875267
38.08526433965699,0.0073275099556534065
38.16127998153298,0.007552019985768482
38.2373585652901,0.0077042393301312235
38.31350009093735,0.00786385094881867
38.38970455848374,0.007940591774840543
38.4659719679382,0.008030651753584224
38.542302319309684,0.008050982045616583
38.61869561260711,0.008096707202469078
38.69515184783939,0.008059911450400721
38.77167102501537,0.00809773944988564
38.848253144143925,0.008048418843917089
38.92489820523389,0.008069597221492586
39.00160620829405,0.008025277138298748
39.07837715333321,0.008035939046244547
39.155211040360136,0.008005757169463688
39.23210786938357,0.008009767728095816
39.30906764041222,0.008001190836248357
39.38609035345482,0.007998748845488497
39.46317600852002,0.00800584316324319
39.5403246056165,0.008008505934199559
39.61753614475289,0.008029864059785726
39.6948106259378,0.008050941799499944
39.772148049179826,0.008078449180645892
39.84954841448756,0.00812552679580624
39.92701172186953,0.008157350374505228
40.004537971334294,0.008213125220189297
40.082127162890366,0.008272535409639173
40.15977929654621,0.008342805038414131
40.237494372310316,0.008435206130475726
40.31527239019113,0.008520290804831548
40.39311335019708,0.008624190683732987
40.47101725233658,0.008731493290739481
40.54898409661802,0.008862363860617214
40.62701388304976,0.008991172484230573
40.70510661164016,0.00914815299110569
40.78326228239755,0.00930495787863964
40.861480895330224,0.009475558788028526
40.93976245044648,0.009672886789995925
41.01810694775459,0.009861843463588954
41.096514387262786,0.01007609062013141
41.17498476897931,0.01031459930451492
41.25351809291237,0.010536987225426328
41.33211435907015,0.01079778290266071
41.410773567460815,0.011065251206792694
41.489495718092535,0.011337118258674575
41.56828081097342,0.011631704649596558
41.647128846111585,0.011944541301421583
41.72603982351514,0.012250770389531542
41.805013743192134,0.012586254712812796
41.88405060515062,0.012925049591797973
41.96315040939865,0.013284079095346605
42.042313155944214,0.013650807685736328
42.121538844795325,0.014026884930858468
42.20082747595996,0.01440947726066036
42.28017904944606,0.014811520027045702
42.35959356526158,0.015225692802327702
42.439071023414435,0.015642481797602917
42.51861142391252,0.016067258243812076
42.59821476676372,0.016503232854334474
42.677881051975916,0.01694763475986213
42.75761027955692,0.017403864810389233
42.83740244951457,0.017860304124901295
42.91725756185669,0.018319265136066652
42.99717561659104,0.01877949196756443
43.077156613725414,0.019264655367401625
43.157200553267565,0.019741418528714798
43.23730743522521,0.020211009813778626
43.31747725960608,0.020666627358905208
43.39771002641787,0.021158308722778248
43.478005735668255,0.021638490941990034
43.55836438736489,0.022099683062499972
43.63878598151544,0.022541714284816567
43.71927051812751,0.022983998930486364
43.79981799720871,0.02344687773276677
43.88042841876665,0.02386434605388944
43.961101782808875,0.02427962957680775
44.04183808934295,0.024707368266766238
44.12263733837643,0.025150640170892614
44.203499529916805,0.025599647291875773
44.284424663971585,0.026115403815888213
44.36541274054828,0.02684007526972066
44.446463759654314,0.027899920818545
44.52757772129716,0.029342936074323332
44.60875462548426,0.030761422921127532
44.689994472223006,0.03078343075928912
44.77129726152081,0.02727072471117611
44.85266299338505,0.01839205471957642
44.93409166782308,0.008246900917226248
45.01558328484226,0.004299826932729965
45.09713784444992,0.010386914221403051
45.178755346653354,0.020666802077229412
45.26043579145988,0.028325160355400968
45.34217917887676,0.031513868870455736
45.42398550891126,0.0322866721349232
45.50585478157062,0.031947439307545525
45.587786996862086,0.03166951364634837
45.66978215479285,0.031664014023281964
45.75184025537011,0.03191615658454071
45.83396129860106,0.03228705594140339
45.91614528449284,0.03271587096971244
45.99839221305261,0.033134677644369046
46.0807020842875,0.03354512421141631
46.16307489820462,0.03392302625963515
46.245510654811056,0.03427394514992496
46.32800935411391,0.03458917705853965
46.41057099612022,0.03489346948992386
46.493195580837046,0.03516731927265306
46.575883108271434,0.035425289556836353
46.658633578430376,0.03567073190456674
46.74144699132088,0.035907750211859185
46.82432334694994,0.03614365754609174
46.90726264532451,0.036376040952502464
46.99026488645154,0.03661606666486683
47.073330070338,0.03685490046856067
47.15645819699077,0.037107942115940686
47.23964926641676,0.03736042383036614
47.32290327862289,0.03763234565741633
47.406220233616,0.037907898436418244
47.48960013140295,0.03820227697298076
47.57304297199061,0.038498163771845235
47.65654875538578,0.03882020819079392
47.74011748159528,0.03914340844658072
47.823749150625915,0.039497127658533346
47.90744376248445,0.03985201432139247
47.99120131717766,0.04024166501733683
48.0750218147123,0.04063292672344902
48.15890525509509,0.04106291890202133
48.24285163833276,0.04149531350025046
48.32686096443202,0.04196990232626902
48.41093323339955,0.04244843227297616
48.49506844524202,0.04297219249568096
48.57926659996611,0.04350236893576812
48.663527697578445,0.04408030547005123
48.747851738085664,0.04466810622944402
48.83223872149439,0.0453056587565406
48.91668864781122,0.045957405081684465
49.00120151704272,0.046660352353675015
49.08577732919549,0.04738254051807252
49.170416084276056,0.04815681605809699
49.255117782290974,0.048946776149566384
49.339882423246785,0.0497968911781798
49.424710007149976,0.05067998869595895
49.509600534007056,0.0516035184563941
49.59455400382452,0.05256084807858262
49.67957041660882,0.05357356351458064
49.76464977236642,0.05462555830431742
49.84979207110377,0.055734661740334215
49.93499731282727,0.05689112064793142
50.02026549754335,0.05810240587065364
50.105596625258414,0.059367416984974254
50.190990695978826,0.060679329784988974
50.276447709710965,0.06205760052830148
50.3619676664612,0.06349050504534065
50.44755056623585,0.06499536870568098
50.533196409041246,0.06655177303159039
50.61890519488372,0.06818206237780479
50.704676923769554,0.06987462965827662
50.79051159570505,0.07165869060951727
50.876409210696465,0.07349408316534953
50.96236976875006,0.07542957871090505
51.04839326987207,0.07741217120198529
51.13447971406875,0.07950918873185871
51.220629101346304,0.08166940814395271
51.30684143171093,0.08394065831841453
51.393116705168836,0.08628299781863866
51.47945492172617,0.0887537117872595
51.56585608138912,0.0912756298371701
51.65232018416384,0.09394286719417025
51.738847230056436,0.09668386169078248
51.825437219073045,0.09958591259901561
51.912090151219786,0.1025453581058077
51.99880602650274,0.10566101539588336
52.085584844928,0.10884863059602345
52.17242660650164,0.1122433472390341
52.2593313112297,0.11571626111543316
52.346298959118236,0.11937055671707829
52.43332955017328,0.12312093786013734
52.52042308440084,0.1271302979058794
52.60757956180692,0.1313020676564655
52.69479898239752,0.1357308948702117
52.78208134617861,0.140356078240854
52.86942665315615,0.14548136365796158
52.95683490333611,0.1513438614572453
53.044306096724405,0.15853283211376104
53.131840233326976,0.16741734941484485
53.21943731314975,0.1753029717159906
53.3070973361986,0.17272808129190392
53.39482030247943,0.14598099993609864
53.482606211998124,0.12067536640654045
53.57045506476054,0.16630670406723969
53.6583668607725,0.18222309624656677
53.746341600039884,0.18269977981369545
53.834379282568484,0.17980280568823442
53.92247990836413,0.17698633876556616
54.01064347743263,0.17518441627451406
54.09886998977975,0.17404152939010978
54.18715944541128,0.1732672990839766
54.27551184433299,0.17260243183983878
54.36392718655061,0.17211259966847525
54.45240547206989,0.17158344821882904
54.540946700896576,0.1711043945301521
54.629550873036344,0.170618145316655
54.718217988494914,0.17015583592875436
54.806948047277984,0.16959671129769982
54.89574104939122,0.16913871261185306
54.98459699484029,0.16857162607804566
55.07351588363086,0.168049057608622
55.16249771576855,0.16749190295786395
55.25154249125901,0.16698982453538852
55.34065021010785,0.16638690954583651
55.429820872320676,0.16590894552657057
55.51905447790308,0.16530073106173618
55.60835102686065,0.16482568230442066
55.69771051919894,0.16424395194404387
55.78713295492353,0.16374254415491765
55.87661833403996,0.16317140893960375
55.96616665655375,0.16265173350953624
56.05577792247044,0.16208549070668105
56.14545213179555,0.16155137401911226
56.235189284534556,0.16097662468257343
56.32498938069296,0.16042359854372773
56.414852420276254,0.15983380837873287
56.50477840328988,0.15925684690160788
56.5947673297393,0.15864545776095124
56.68481919962996,0.15803679198289508
56.774934012967286,0.15739975454458405
56.8651117697567,0.1567606685722929
56.955352470003625,0.15608301894131488
57.045656113713434,0.15540001668720188
57.13602270089152,0.1546875510932347
57.22645223154328,0.15395264828657634
57.31694470567404,0.15319907702298827
57.407500123289175,0.15240712504845982
57.49811848439405,0.1516087166239396
57.588799788993946,0.15075194904348316
57.6795440370942,0.14989939504171676
57.77035122870014,0.14897546188797156
57.861221363817045,0.14806181144350014
57.9521544424502,0.14706573849352295
58.0431504646049,0.1460840615680792
58.134209430286376,0.14501045601572674
58.2253313394999,0.14395386575662095
58.31651619225073,0.1427951052071623
58.40776398854407,0.14165853506673207
58.49907472838516,0.1404090363585011
58.5904484117792,0.13918483761687903
58.68188503873138,0.13783779837566665
58.773384609246904,0.13651624317508557
58.86494712333095,0.1350775764930895
58.95657258098867,0.13364582788153914
59.04826098222523,0.13209268533962742
59.14001232704579,0.13055428404960479
59.231826615455454,0.1288859363570064
59.32370384745937,0.12722390924083296
59.415644023062654,0.12544004973382689
59.5076471422704,0.12363431316433014
59.599713205087696,0.12173069500524802
59.69184221151964,0.11979223451036633
59.784034161571284,0.11772962093732746
59.8762890552477,0.11565547162303652
59.96860689255396,0.11344382291311729
60.06098767349507,0.11119416704534749
60.15343139807608,0.10884296083970837
60.24593806630202,0.10640537158975058
60.33850767817787,0.10387356435004742
60.43114023370866,0.10127076468948845
60.52383573289937,0.09853547181847183
60.616594175754976,0.09571389807894738
60.70941556228045,0.09279482383900112
60.802299892480754,0.08974234406027205
60.89524716636083,0.08660719975666616
60.98825738392563,0.08333016786910875
61.08133054518008,0.07990428781870892
61.174466650129084,0.07637696147327108
61.26766569877756,0.0727240029222224
61.36092769113043,0.06888823975530617
61.45425262719256,0.06492661593874088
61.547640506968825,0.06085922797611568
61.641091330464114,0.056660492756911866
61.73460509768327,0.05231726521210832
61.82818180863115,0.04801724033138658
61.921821463312604,0.04366884855081572
62.01552406173244,0.03928222846227789
62.109289603895505,0.03490634544759249
62.2031180898066,0.03151397324970659
62.29700951947052,0.031262385872645786
62.39096389289206,0.03704631906675172
62.48498121007603,0.04089146851970419
62.57906147102715,0.0017359193380619652
