0.12537638888888888,-0.10453194019360004
0.126272840896452,0.023241410849834446
0.12716929290401513,0.02884360350155649
0.1280657449115782,0.02712893141688063
0.12896219691914138,0.024803846821719922
0.1298586489267045,0.021931021022518395
0.13075510093426762,0.01924313697820301
0.1316515529418307,0.016406842638547494
0.1325480049493938,0.013913272753554567
0.13344445695695697,0.011407729812658416
0.13434090896452006,0.009239672591851095
0.1352373609720832,0.007136937049490627
0.13613381297964622,0.005313265454103872
0.1370302649872095,0.003615359419061261
0.13792671699477252,0.002113109008321922
0.13882316900233568,7.907118253153932E-4
0.1397196210098988,-4.306471800479923E-4
0.14061607301746193,-0.0014264914290670024
0.14151252502502507,-0.002411866464005042
0.14240897703258815,-0.0031413091764098105
0.14330542904015126,-0.003933536424229031
0.1442018810477144,-0.004458114434105588
0.14509833305527753,-0.005092514397674966
0.14599478506284055,-0.0054636106041600005
0.14689123707040375,-0.00596741785566945
0.14778768907796683,-0.006225604796030819
0.14868414108553002,-0.006606296509897131
0.14958059309309316,-0.0067756403274836586
0.1504770451006562,-0.007028146270559465
0.15137349710821932,-0.007106030893290741
0.15226994911578245,-0.007206676441755796
0.1531664011233455,-0.007173796576379905
0.15406285313090867,-0.007075932649962671
0.1549593051384718,-0.006867137022631663
0.1558557571460349,-0.006481477312701341
0.156752209153598,-0.0059422242253463495
0.1576486611611612,-0.004995492042845615
0.1585451131687243,-0.003507073399312034
0.15944156517628746,-5.343930040092918E-4
0.1603380171838505,-0.009775017873794355
0.16123446919141363,-0.011576378017491494
0.16213092119897676,-0.010553270815989254
0.16302737320653987,-0.009170032901669338
0.16392382521410295,-0.008140915177082661
0.1648202772216661,-0.007332339293729491
0.16571672922922923,-0.006823150043016961
0.16661318123679236,-0.006478530178562567
0.16750963324435547,-0.00627415000735922
0.16840608525191858,-0.006213136944954473
0.16930253725948166,-0.006157424095716723
0.1701989892670448,-0.006250746059420155
0.17109544127460785,-0.0062558102557276635
0.17199189328217107,-0.006415313290504749
0.1728883452897342,-0.006434139039089279
0.17378479729729723,-0.006603529426468339
0.17468124930486037,-0.006617021913978954
0.17557770131242348,-0.006763543232123583
0.17647415331998664,-0.0067730500204449895
0.17737060532754975,-0.006878991838512793
0.17826705733511294,-0.006896008060129414
0.17916350934267603,-0.006953430557596926
0.18005996135023913,-0.006990747043465693
0.18095641335780216,-0.006997276022389618
0.18185286536536538,-0.007060375103243471
0.18274931737292846,-0.0070174589249269205
0.18364576938049162,-0.007089565206849387
0.18454222138805473,-0.007004888027771249
0.1854386733956179,-0.0070544767125981685
0.18633512540318103,-0.006895676631539004
0.18723157741074412,-0.006896306582270728
0.1881280294183072,-0.006670163158021815
0.1890244814258704,-0.0065086150318917286
0.1899209334334334,-0.006179364433088622
0.19081738544099655,-0.005800720072664194
0.19171383744855974,-0.005247887719187657
0.1926102894561228,-0.0045798741068909
0.19350674146368585,-0.004233524210869331
0.19440319347124896,-0.005898591069525383
0.19529964547881204,-0.008172027099770622
0.1961960974863753,-0.00864284229279376
0.19709254949393845,-0.00818396039977578
0.19798900150150156,-0.007529671169466081
0.19888545350906464,-0.006952405646066147
0.19978190551662775,-0.0064987196999020825
0.2006783575241908,-0.0061845161700942175
0.20157480953175405,-0.005970734235719985
0.2024712615393171,-0.00584955358522361
0.20336771354688013,-0.005789594311529817
0.2042641655544434,-0.005778766866649355
0.20516061756200638,-0.005796934632360247
0.2060570695695696,-0.005834439768677995
0.20695352157713273,-0.005880920450542669
0.20784997358469579,-0.005929740022924432
0.20874642559225884,-0.005977710862610844
0.20964287759982198,-0.006020255062938897
0.2105393296073851,-0.006058665666191444
0.21143578161494825,-0.006089276834386992
0.21233223362251144,-0.00611628799550692
0.21322868563007447,-0.006135990278916793
0.2141251376376376,-0.006153123390645258
0.2150215896452007,-0.006163799926102689
0.21591804165276385,-0.006171633838596018
0.21681449366032704,-0.006171872260207513
0.2177109456678901,-0.006165197811248264
0.21860739767545317,-0.00614589231157231
0.21950384968301637,-0.0061115112992080655
0.22040030169057945,-0.006056965129152183
0.22129675369814264,-0.005974279683739004
0.22219320570570572,-0.005856905046260074
0.22308965771326894,-0.005699608179290488
0.22398610972083202,-0.005487795028393858
0.2248825617283951,-0.005219117320305995
0.22577901373595818,-0.00488838848686859
0.22667546574352132,-0.004542971535260712
0.2275719177510844,-0.00439560519754917
0.2284683697586475,-0.004935562280761944
0.22936482176621065,-0.006082325648176922
0.23026127377377376,-0.006823183851859866
0.23115772578133686,-0.006866827007267484
0.23205417778889992,-0.0065555214192592245
0.23295062979646317,-0.006161431594107371
0.2338470818040263,-0.005803924405783176
0.2347435338115893,-0.005522314961429613
0.23563998581915255,-0.0053197598141446955
0.2365364378267156,-0.005187401285618905
0.23743288983427882,-0.005112318149044036
0.23832934184184187,-0.005081032279324755
0.239225793849405,-0.005080564870266277
0.24012224585696804,-0.005100755250514745
0.24101869786453126,-0.005132372263678333
0.24191514987209423,-0.00516922640203045
0.24281160187965747,-0.005206066554343565
0.24370805388722053,-0.005240159312969426
0.24460450589478372,-0.005269404949255183
0.2455009579023469,-0.005293111130039355
0.24639740990990996,-0.005311351989541793
0.24729386191747302,-0.0053246993208838035
0.24819031392503624,-0.005334292852629381
0.24908676593259935,-0.005340899678193268
0.24998321794016234,-0.005345021377448242
0.2508796699477256,-0.005346081961340551
0.25177612195528876,-0.005342639892279048
0.252672573962852,-0.005331809965390148
0.25356902597041486,-0.005310751434873188
0.2544654779779781,-0.005275074047674486
0.2553619299855411,-0.005219844815767774
0.2562583819931043,-0.005138643401355148
0.2571548340006673,-0.005026992343444977
0.2580512860082305,-0.00487847185836277
0.2589477380157937,-0.0046914557337626285
0.2598441900233566,-0.004471848974651901
0.26074064203091984,-0.004253008095588858
0.26163709403848295,-0.004141395731920059
0.2625335460460461,-0.004341079969684187
0.26342999805360917,-0.004919663183586828
0.26432645006117234,-0.005511254682361653
0.2652229020687355,-0.005754870201109936
0.26611935407629855,-0.005675651760281742
0.2670158060838618,-0.005444149034027005
0.26791225809142477,-0.0051840823835869985
0.2688087100989878,-0.004954392971556628
0.26970516210655093,-0.0047757112012537005
0.27060161411411404,-0.004649450957590071
0.27149806612167726,-0.004569674099407842
0.27239451812924037,-0.004527189485392591
0.2732909701368035,-0.0045124730969599075
0.27418742214436664,-0.004516648485625038
0.27508387415192975,-0.00453282950189396
0.2759803261594928,-0.0045556904900082105
0.27687677816705597,-0.004581354381981909
0.27777323017461913,-0.004606937489561583
0.27866968218218213,-0.004630421766000014
0.27956613418974535,-0.004651034147094893
0.2804625861973086,-0.004668272698759353
0.2813590382048715,-0.004682470187209005
0.28225549021243473,-0.0046937095011986025
0.28315194221999784,-0.004702288128341394
0.2840483942275609,-0.0047081731055911005
0.284944846235124,-0.004710903718608367
0.28584129824268717,-0.00470922711638675
0.2867377502502502,-0.004701626885077086
0.28763420225781333,-0.004685462154464469
0.28853065426537644,-0.004658237103937296
0.2894271062729396,-0.004616876359491504
0.2903235582805026,-0.004557455370536227
0.2912200102880658,-0.004476273974089196
0.2921164622956289,-0.004370096129597466
0.2930129143031921,-0.004237755204714252
0.2939093663107551,-0.004085408635715843
0.29480581831831837,-0.003934635767606513
0.2957022703258815,-0.0038429179596149
0.2965987223334446,-0.003913326100364817
0.2974951743410077,-0.004215288389626719
0.29839162634857086,-0.004625447344930877
0.2992880783561339,-0.0049032494715866804
0.300184530363697,-0.0049530759876527134
0.3010809823712601,-0.0048396368501463435
0.30197743437882324,-0.0046583661243014855
0.3028738863863864,-0.004473403154016324
0.3037703383939497,-0.004316311704975274
0.3046667904015127,-0.0041978623519807415
0.3055632424090759,-0.004117914932521752
0.30645969441663884,-0.0040713849801379065
0.30735614642420206,-0.004051251894953201
0.30825259843176517,-0.004050261447925083
0.30914905043932817,-0.004061865850383998
0.3100455024468913,-0.004080501873986205
0.31094195445445455,-0.004101849916323245
0.3118384064620177,-0.004122816479435683
0.31273485846958077,-0.004141417288847487
0.3136313104771439,-0.00415650696853039
0.314527762484707,-0.004167675218967648
0.31542421449227004,-0.004175510923646549
0.31632066649983315,-0.00418096062559221
0.31721711850739637,-0.004185129712492186
0.31811357051495953,-0.004188511977049291
0.31901002252252253,-0.004190926303432829
0.31990647453008586,-0.004191827305021638
0.3208029265376488,-0.004189703118931449
0.3216993785452117,-0.004182786079386008
0.32259583055277485,-0.004168304717205856
0.32349228256033813,-0.004143262939152355
0.3243887345679012,-0.004104126173250664
0.3252851865754642,-0.004047460585260801
0.3261816385830275,-0.003970570082666971
0.32707809059059073,-0.003872844959315063
0.3279745425981538,-0.0037584395886948365
0.3288709946057168,-0.0036418722411539007
0.32976744661328006,-0.0035574477874962527
0.33066389862084306,-0.0035650263896275843
0.33156035062840616,-0.003719161474344731
0.3324568026359694,-0.003987315342625392
0.33335325464353266,-0.004233658822850981
0.3342497066510955,-0.004345960911391427
0.33514615865865865,-0.004319839230407533
0.33604261066622176,-0.004210986177089809
0.33693906267378493,-0.004074890836339632
0.33783551468134804,-0.003946304621701507
0.3387319666889111,-0.0038414786226993727
0.33962841869647425,-0.003765000296058313
0.3405248707040374,-0.003715256189672077
0.3414213227116003,-0.003687701514663953
0.34231777471916364,-0.0036769643948903153
0.34321422672672686,-0.003678146216626654
0.34411067873428985,-0.0036872766893869782
0.3450071307418529,-0.0037010065626818757
0.3459035827494161,-0.0037164857529243507
0.34680003475697924,-0.003731693594680326
0.3476964867645423,-0.0037454847249749337
0.34859293877210534,-0.003757349635186166
0.3494893907796686,-0.0037670041536285405
0.3503858427872316,-0.00377468342084672
0.3512822947947947,-0.0037805499493761764
0.352178746802358,-0.0037847987748817697
0.35307519880992105,-0.0037873652208782493
0.3539716508174842,-0.0037877112988352465
0.35486810282504727,-0.003785039842947071
0.3557645548326104,-0.003778197900273127
0.3566610068401736,-0.00376559856938467
0.35755745884773654,-0.003745879420369009
0.35845391085529976,-0.0037169887811433237
0.35935036286286287,-0.003675969493276982
0.36024681487042604,-0.003620703701634594
0.3611432668779892,-0.0035503579862467736
0.36203971888555214,-0.0034671448533883384
0.3629361708931154,-0.0033801973898539895
0.3638326229006784,-0.003310114209708107
0.36472907490824147,-0.0032930745616378825
0.36562552691580474,-0.0033690315227643923
0.3665219789233678,-0.0035389906498353215
0.3674184309309308,-0.0037331835606635565
0.36831488293849407,-0.003860043611700804
0.3692113349460571,-0.003882557470760067
0.3701077869536203,-0.0038227504364613143
0.37100423896118345,-0.0037227373440416253
0.37190069096874667,-0.0036166082750592196
0.3727971429763097,-0.003523923891043207
0.3736935949838727,-0.0034530507411697628
0.374590046991436,-0.0034052951281464427
0.37548649899899905,-0.003378144415519575
0.3763829510065621,-0.0033673244322860382
0.3772794030141251,-0.0033681963314264106
0.3781758550216884,-0.0033763976770955335
0.37907230702925143,-0.0033882174380042676
0.3799687590368145,-0.003400794395081842
0.38086521104437787,-0.003412144836697183
0.3817616630519409,-0.0034210666420504137
0.3826581150595039,-0.0034270404331999543
0.38355456706706714,-0.0034302503068718002
0.38445101907463025,-0.0034321146852309796
0.38534747108219336,-0.003433595710131054
0.3862439230897564,-0.003435174301391908
0.3871403750973195,-0.003436915174072714
0.38803682710488263,-0.00343874235684113
0.38893327911244585,-0.0034400169183399824
0.389829731120009,-0.003439406152126844
0.3907261831275722,-0.0034355748899044625
0.3916226351351352,-0.003426198580007329
0.3925190871426983,-0.0034089904100196603
0.3934155391502615,-0.0033814682394784565
0.3943119911578244,-0.0033414810303420213
0.39520844316538767,-0.0032877431404480088
0.3961048951729509,-0.0032217749270447476
0.3970013471805137,-0.003149226441452995
0.39789779918807683,-0.003084404902249861
0.39879425119564005,-0.0030514402775181524
0.39969070320320316,-0.003079840309635698
0.4005871552107664,-0.0031826332682822335
0.40148360721832943,-0.0033278639626530687
0.40238005922589243,-0.0034507743681821373
0.40327651123345554,-0.0035051495530636976
0.404172963241019,-0.0034890204532992326
0.40506941524858203,-0.0034270331690155844
0.40596586725614514,-0.0033472551844316374
0.40686231926370825,-0.0032698475127413036
0.4077587712712712,-0.0032054935760719655
0.4086552232788344,-0.0031578776100966706
0.4095516752863976,-0.003126464505621908
0.4104481272939607,-0.003108760263672104
0.4113445793015239,-0.0031019884344713838
0.41224103130908685,-0.0031032962552463897
0.4131374833166499,-0.0031097798848796192
0.41403393532421306,-0.003118870581912715
0.4149303873317761,-0.00312862240115074
0.4158268393393395,-0.0031377169252935276
0.4167232913469026,-0.0031455155636284553
0.4176197433544657,-0.0031517223350465678
0.41851619536202883,-0.003156236022465378
0.4194126473695918,-0.0031593009803002215
0.420309099377155,-0.0031611683023776483
0.42120555138471794,-0.003162048618277639
0.4221020033922813,-0.003161872866940182
0.4229984553998445,-0.003160181166060907
0.42389490740740754,-0.00315674174397724
0.42479135941497037,-0.003150969460142363
0.42568781142253376,-0.003142550227883049
0.4265842634300967,-0.0031297067537881204
0.42748071543765986,-0.003110680495793782
0.42837716744522314,-0.0030831972103369516
0.42927361945278614,-0.003046137936941239
0.43017007146034913,-0.0029994966289173457
0.4310665234679126,-0.002946426389226789
0.4319629754754755,-0.002895045851721195
0.4328594274830387,-0.002860817526571198
0.43375587949060157,-0.00286463985627611
0.43465233149816485,-0.0029225323154690942
0.43554878350572795,-0.0030239809686185256
0.43644523551329106,-0.0031264277651206086
0.4373416875208542,-0.0031874050135154443
0.4382381395284175,-0.0031928104478482515
0.43913459153598033,-0.0031542453079152774
0.4400310435435436,-0.003093396393101424
0.44092749555110694,-0.003029055676981629
0.4418239475586698,-0.00297301416462781
0.44272039956623294,-0.0029307316607997103
0.44361685157379616,-0.0029031479113546758
0.4445133035813592,-0.0028885495206668584
0.44540975558892226,-0.002883976645913934
0.4463062075964853,-0.0028861983958280626
0.4472026596040484,-0.002892162655425389
0.4480991116116115,-0.002899321568325618
0.44899556361917464,-0.0029057845059062364
0.4498920156267379,-0.0029103413942109767
0.45078846763430086,-0.0029124071643329657
0.451684919641864,-0.002912262028382251
0.45258137164942724,-0.002911294632014518
0.4534778236569902,-0.002910359792871134
0.4543742756645534,-0.0029098919162006665
0.45527072767211657,-0.0029101407555395206
0.45616717967967957,-0.002911105458075057
0.4570636316872428,-0.00291277502427323
0.45796008369480606,-0.0029144099755896726
0.45885653570236906,-0.0029149851366571436
0.45975298770993217,-0.002913314722304124
0.4606494397174951,-0.0029075655573704453
0.4615458917250583,-0.0028958406105262908
0.4624423437326215,-0.002876355478512446
0.4633387957401846,-0.0028476675689355544
0.46423524774774777,-0.0028092421065551974
0.4651316997553109,-0.0027635794555107137
0.46602815176287393,-0.002716550773570113
0.46692460377043704,-0.00267922321864146
0.46782105577800004,-0.0026669196647487806
0.46871750778556337,-0.0026946339091564416
0.4696139597931266,-0.002764039247109631
0.4705104118006895,-0.002849443061513033
0.47140686380825253,-0.0029147010359085166
0.4723033158158159,-0.0029400287341157343
0.4731997678233791,-0.002926371424162065
0.47409621983094213,-0.002886658344009207
0.4749926718385049,-0.002836422760178118
0.47588912384606824,-0.002787630171164328
0.4767855758536316,-0.0027469444340605734
0.47768202786119474,-0.002716735671810258
0.47857847986875746,-0.002696893077063022
0.4794749318763208,-0.002686491143395513
0.48037138388388384,-0.0026837418056143503
0.48126783589144706,-0.0026861138949142234
0.4821642878990101,-0.002691386938694783
0.4830607399065733,-0.0026977344685491875
0.48395719191413644,-0.0027038078062745726
0.4848536439216994,-0.0027087923301243283
0.48575009592926244,-0.0027123767543215153
0.48664654793682577,-0.0027144686991133204
0.4875429999443888,-0.0027151080038090776
0.488439451951952,-0.0027145649820874535
0.48933590395951504,-0.0027131888347872286
0.49023235596707826,-0.002711247707038091
0.4911288079746414,-0.002708714728593575
0.4920252599822044,-0.0027055191767957672
0.49292171198976753,-0.0027024350374415377
0.4938181639973306,-0.0026990781055726116
0.4947146160048938,-0.0026947783805527582
0.4956110680124569,-0.002687637846203627
0.4965075200200201,-0.002676258406107503
0.4974039720275831,-0.002658742054122783
0.4983004240351465,-0.002634481011012832
0.4991968760427092,-0.00260359472780885
0.5000933280502726,-0.0025692094676958307
0.5009897800578358,-0.0025374643265715538
0.5018862320653991,-0.002519149857714613
0.5027826840729619,-0.0025266010095154313
0.5036791360805248,-0.0025674092727173492
0.5045755880880881,-0.0026301898912066204
0.5054720400956513,-0.002684477249138324
0.5063684921032143,-0.0027118272541009503
0.5072649441107774,-0.00270890561648263
0.5081613961183408,-0.0026821943463686917
0.5090578481259037,-0.0026436669345063957
0.5099543001334671,-0.0026042136246697987
0.5108507521410299,-0.0025707863931698906
0.5117472041485931,-0.00254658652726086
0.5126436561561561,-0.0025319187209184714
0.5135401081637193,-0.002525310946661197
0.5144365601712825,-0.002524525732512654
0.5153330121788455,-0.0025271706024700895
0.5162294641864088,-0.002531047649932867
0.5171259161939717,-0.0025344088741126244
0.5180223682015348,-0.0025360743113183467
0.5189188202090983,-0.0025354927619146536
0.519815272216661,-0.0025331833779412933
0.5207117242242244,-0.0025301973492889668
0.5216081762317875,-0.0025273377873253635
0.5225046282393507,-0.0025250363100897035
0.5234010802469136,-0.002523583673899016
0.5242975322544768,-0.002523117648478218
0.5251939842620399,-0.002523642604130092
0.5260904362696028,-0.0025251889215735517
0.5269868882771661,-0.0025269705011888885
0.5278833402847292,-0.0025282925013540834
0.5287797922922923,-0.0025279729362252465
0.5296762442998553,-0.002524641116709983
0.5305726963074184,-0.002516611493738694
0.5314691483149816,-0.0025026176712939856
0.532365600322545,-0.0024816562318664267
0.5332620523301078,-0.0024541399527194642
0.5341585043376711,-0.002423023687058088
0.5350549563452341,-0.0023927147931336323
0.5359514083527973,-0.0023705442220788445
0.5368478603603601,-0.0023662909300715016
0.5377443123679236,-0.002388640453376516
0.5386407643754868,-0.002437549792605518
0.5395372163830499,-0.002489092817886018
0.5404336683906131,-0.0025220456463079946
0.541330120398176,-0.002531336072857726
0.5422265724057393,-0.0025187679490763643
0.5431230244133023,-0.0024914356773404274
0.5440194764208655,-0.0024583816175826425
0.5449159284284283,-0.0024267952899699407
0.5458123804359915,-0.002400702622621101
0.5467088324435546,-0.0023818490330268205
0.5476052844511178,-0.0023707740266864226
0.5485017364586807,-0.0023664887542107775
0.5493981884662444,-0.002366982245215231
0.550294640473807,-0.0023703188797966185
0.55119109248137,-0.002374821789064869
0.5520875444889333,-0.00237918414963216
0.5529839964964967,-0.002382505493978694
0.5538804485040597,-0.002384336498091822
0.554776900511623,-0.0023846155751359684
0.5556733525191857,-0.0023834084994439854
0.5565698045267489,-0.0023808557369656225
0.5574662565343118,-0.002377257746971625
0.5583627085418753,-0.0023730836043971072
0.5592591605494385,-0.0023687197259183975
0.5601556125570014,-0.002364432613848376
0.5610520645645647,-0.00236151362884945
0.561948516572128,-0.002360208722749711
0.5628449685796909,-0.0023595355989634668
0.5637414205872537,-0.0023588078769236076
0.564637872594817,-0.0023562348633229652
0.5655343246023804,-0.0023506700184981535
0.5664307766099433,-0.002340416635095797
0.5673272286175062,-0.002325129019636026
0.5682236806250697,-0.002304762883327935
0.569120132632633,-0.0022819777463418734
0.5700165846401958,-0.002261037803633585
0.570913036647759,-0.002249131399080205
0.5718094886553219,-0.00225394654264754
0.5727059406628853,-0.0022818631547396884
0.5736023926704482,-0.0023216554761181303
0.5744988446780115,-0.0023471628443751157
0.5753952966855748,-0.0023567820932263186
0.5762917486931378,-0.0023505493271653312
0.5771882007007008,-0.0023319071262494903
0.5780846527082639,-0.0023077326742219875
0.578981104715827,-0.002284331702364851
0.57987755672339,-0.002265605250863175
0.5807740087309533,-0.002253182835471061
0.5816704607385166,-0.002246816682094734
0.5825669127460794,-0.0022451086851013147
0.5834633647536428,-0.002246268234483801
0.5843598167612057,-0.0022484589533867563
0.5852562687687688,-0.002250103368349353
0.5861527207763318,-0.0022500823089802264
0.5870491727838949,-0.002247932841576923
0.5879456247914581,-0.0022443927349535433
0.5888420767990215,-0.0022404062352397265
0.5897385288065844,-0.0022362818638106043
0.5906349808141473,-0.00223251639116184
0.5915314328217108,-0.002229498670017948
0.5924278848292736,-0.0022274531587346664
0.5933243368368369,-0.0022264588258558878
0.5942207888444001,-0.0022265788406775604
0.5951172408519633,-0.002227869904885045
0.5960136928595262,-0.00222952642709195
0.5969101448670892,-0.0022311345754274566
0.5978065968746524,-0.0022314833341592353
0.5987030488822158,-0.002229598840369403
0.5995995008897784,-0.00222396799888355
0.6004959528973416,-0.002213837365351812
0.6013924049049049,-0.002199107093394104
0.602288856912468,-0.0021809253882621444
0.6031853089200311,-0.0021606102172574836
0.6040817609275942,-0.0021412706472365888
0.6049782129351572,-0.002127528481757963
0.6058746649427207,-0.0021254436563860695
0.6067711169502837,-0.002141588072321176
0.6076675689578469,-0.0021791940328546905
0.6085640209654097,-0.0022078137721325865
0.6094604729729731,-0.0022201970125659636
0.610356924980536,-0.0022203150153256423
0.6112533769880991,-0.0022086817116328764
0.6121498289956622,-0.0021890087736921807
0.6130462810032258,-0.0021667097955467376
0.6139427330107889,-0.0021461233630984955
0.614839185018352,-0.0021301947330402905
0.6157356370259148,-0.0021204465404781585
0.6166320890334781,-0.0021164107019809577
0.6175285410410408,-0.002116635265793261
0.6184249930486043,-0.0021194403723577503
0.6193214450561673,-0.0021233071944649603
0.6202178970637304,-0.002126995241823606
0.6211143490712938,-0.00212960400456633
0.6220108010788568,-0.0021305697472319717
0.6229072530864199,-0.0021297104557889334
0.6238037050939828,-0.0021271463122603854
0.6247001571015459,-0.002123063395233878
0.6255966091091089,-0.0021176830643343343
0.6264930611166725,-0.0021113671824864243
0.6273895131242355,-0.0021047776284557366
0.6282859651317985,-0.002098975535074241
0.6291824171393615,-0.0020950804773804546
0.6300788691469243,-0.0020936191858002286
0.630975321154488,-0.0020942968765301478
0.631871773162051,-0.002096035788687187
0.6327682251696142,-0.002098199113520264
0.6336646771771772,-0.00209912718350424
0.6345611291847402,-0.0020978737466377426
0.6354575811923032,-0.0020928381742992296
0.6363540331998669,-0.002083777625952917
0.6372504852074298,-0.0020703629293074436
0.6381469372149928,-0.0020546388186195113
0.6390433892225559,-0.0020393429698213486
0.639939841230119,-0.0020289619342777464
0.6408362932376822,-0.0020283673652864813
0.6417327452452454,-0.0020486481972005702
0.6426291972528084,-0.0020751606023574507
0.6435256492603717,-0.0020812637099487
0.6444221012679342,-0.00208147948108265
0.6453185532754978,-0.002074661014505902
0.6462150052830608,-0.0020621807416797678
0.6471114572906241,-0.002047969436782634
0.6480079092981873,-0.00203545915603926
0.6489043613057505,-0.0020265964507521946
0.6498008133133134,-0.002021920167766467
0.6506972653208765,-0.0020207667112415633
0.6515937173284396,-0.0020217875515675487
0.6524901693360025,-0.0020235014713313
0.653386621343566,-0.00202451102974444
0.6542830733511291,-0.0020237825626483316
0.6551795253586922,-0.0020210148648333957
0.6560759773662553,-0.002017138677626943
0.6569724293738182,-0.002012819756352503
0.6578688813813813,-0.002008254448745691
0.6587653333889448,-0.002003608797512697
0.6596617853965077,-0.0019993026996818312
0.6605582374040706,-0.001995766917960766
0.6614546894116338,-0.0019932113173660973
0.6623511414191974,-0.0019916738241573207
0.6632475934267601,-0.0019912839599650384
0.6641440454343233,-0.0019921085245081793
0.6650404974418864,-0.0019933395033768877
0.6659369494494491,-0.001994779305067293
0.6668334014570126,-0.001995227281016105
0.6677298534645755,-0.0019940895950346835
0.668626305472139,-0.001990218118878015
0.6695227574797019,-0.001984164586454134
0.6704192094872652,-0.0019757870956983357
0.6713156614948282,-0.0019650421132644535
0.6722121135023915,-0.0019525142956692938
0.6731085655099548,-0.0019403304647961602
0.6740050175175176,-0.0019310461025163525
0.6749014695250806,-0.0019279222906566505
0.6757979215326441,-0.0019375229385686053
0.6766943735402068,-0.0019722792586896985
0.6775908255477702,-0.001980142528428355
0.6784872775553332,-0.0019791657644978645
0.6793837295628963,-0.001974104006869577
0.6802801815704591,-0.001963384727769826
0.6811766335780223,-0.0019488381729160355
0.6820730855855857,-0.001933865377720162
0.682969537593149,-0.0019218343117999408
0.6838659896007119,-0.0019146379661978976
0.6847624416082749,-0.0019121204520751833
0.6856588936158379,-0.00191325141408958
0.6865553456234014,-0.0019165956171513963
0.6874517976309645,-0.0019207791035672605
0.6883482496385275,-0.0019246390604007737
0.6892447016460906,-0.0019272870234667045
0.6901411536536539,-0.0019281344572404321
0.691037605661217,-0.0019268684794971893
0.6919340576687798,-0.0019234915804768843
0.6928305096763434,-0.0019182722484312252
0.6937269616839059,-0.0019115014610621203
0.6946234136914693,-0.001903518493638255
0.6955198656990326,-0.0018949548924483371
0.6964163177065956,-0.0018872049900349327
0.6973127697141587,-0.0018820851357287819
0.6982092217217217,-0.0018795551400967757
0.6991056737292849,-0.0018797181126360195
0.700002125736848,-0.0018821424886306028
0.7008985777444114,-0.001885809654810814
0.7017950297519742,-0.0018901577313668498
0.7026914817595373,-0.0018936534647121266
0.7035879337671006,-0.001895490863275344
0.7044843857746635,-0.0018940954327765604
0.7053808377822268,-0.001889224949169443
0.7062772897897899,-0.001880234885078109
0.7071737417973534,-0.0018685399463769792
0.7080701938049163,-0.0018557642091655419
0.7089666458124793,-0.0018443837040740727
0.7098630978200423,-0.001837089976237202
0.7107595498276055,-0.0018585583434340559
0.7116560018351682,-0.0018736690976466261
0.7125524538427317,-0.0018657526804091266
0.7134489058502951,-0.0018615773257178118
0.7143453578578579,-0.001855551087734995
0.7152418098654211,-0.0018479938467718352
0.7161382618729846,-0.00184101924764088
0.7170347138805472,-0.0018361169738572377
0.7179311658881106,-0.0018339632735499545
0.7188276178956737,-0.0018343218477815774
0.7197240699032366,-0.0018362347883332845
0.7206205219107998,-0.0018384275782872858
0.7215169739183632,-0.0018396835651749031
0.7224134259259262,-0.0018390682004511376
0.7233098779334889,-0.0018365460535554351
0.7242063299410524,-0.0018331072650498283
0.7251027819486152,-0.0018290834247714906
0.7259992339561786,-0.0018245699454036272
0.7268956859637414,-0.0018197053120103275
0.7277921379713044,-0.0018146621662807685
0.7286885899788678,-0.0018098416489600426
0.729585041986431,-0.0018057515319912728
0.7304814939939942,-0.001802599422835322
0.7313779460015573,-0.001800379043949402
0.7322743980091204,-0.001799268859687617
0.7331708500166833,-0.001799345114591234
0.7340673020242466,-0.0017998063441176351
0.7349637540318094,-0.001800659625195586
0.735860206039373,-0.0018008142423951673
0.7367566580469359,-0.0018004265001577736
0.7376531100544991,-0.001799474536279349
0.7385495620620622,-0.0017980352738829078
0.7394460140696252,-0.0017949534321922036
0.7403424660771885,-0.0017899668079667099
0.7412389180847514,-0.0017829237540113757
0.7421353700923147,-0.0017752531195771148
0.7430318220998777,-0.0017679798744821072
0.743928274107441,-0.0017617957512249059
0.744824726115004,-0.0017632974857672843
0.7457211781225671,-0.0018046600682022878
0.7466176301301303,-0.0017888509293595672
0.7475140821376932,-0.001780350765823336
0.7484105341452564,-0.0017724465502876852
0.7493069861528195,-0.001762627256558588
0.7502034381603826,-0.00175210842078186
0.7510998901679458,-0.0017439459670352256
0.7519963421755085,-0.0017397877798210263
0.752892794183072,-0.0017396079345394185
0.7537892461906354,-0.0017425181289527493
0.7546856981981984,-0.001747272006993304
0.7555821502057616,-0.001752595202473448
0.7564786022133246,-0.0017573780826512007
0.757375054220888,-0.0017607412833005839
0.758271506228451,-0.0017620745184279934
0.7591679582360139,-0.0017610305617480032
0.7600644102435767,-0.0017574844463776529
0.7609608622511401,-0.0017515750465437751
0.761857314258703,-0.0017437088475687284
0.7627537662662666,-0.0017343377861780392
0.7636502182738297,-0.0017241661736157033
0.7645466702813924,-0.001714925900015199
0.765443122288956,-0.0017080746509549388
0.7663395742965189,-0.0017042375962144612
0.7672360263040818,-0.0017030100721224075
0.7681324783116451,-0.0017044991158652113
0.7690289303192079,-0.0017081993994148112
0.7699253823267713,-0.0017132095778722301
0.7708218343343344,-0.0017190319907473312
0.7717182863418978,-0.0017242305108442272
0.7726147383494608,-0.0017280954432909868
0.7735111903570239,-0.0017290366650781048
0.7744076423645871,-0.001726754940779611
0.7753040943721502,-0.001720321947179772
0.776200546379713,-0.0017105936886489313
0.7770969983872764,-0.0016986538671664086
0.7779934503948396,-0.0016862481651818044
0.7788899024024025,-0.0016714204687203829
0.7797863544099656,-0.0017104243558836304
0.7806828064175284,-0.0017010519743406582
0.781579258425092,-0.0016865157147258657
0.7824757104326552,-0.0016809032521872852
0.783372162440218,-0.0016763539217252738
0.7842686144477812,-0.001672878597775116
0.7851650664553446,-0.001671318398923203
0.7860615184629074,-0.0016718286433508019
0.78695797047047,-0.0016742264430292294
0.7878544224780338,-0.0016777376631738838
0.788750874485597,-0.0016812315638066958
0.7896473264931598,-0.00168356180608099
0.7905437785007231,-0.001683891453639359
0.7914402305082862,-0.0016825043444173775
0.7923366825158494,-0.0016802335509922932
0.7932331345234124,-0.0016771266987574904
0.7941295865309757,-0.0016731739711770036
0.7950260385385389,-0.0016684705923043252
0.7959224905461019,-0.0016632131110074161
0.7968189425536648,-0.0016576336654195722
0.7977153945612281,-0.0016521017319429188
0.7986118465687917,-0.0016472082398945726
0.799508298576354,-0.0016431575066853982
0.8004047505839174,-0.0016398878788624856
0.8013012025914806,-0.0016376374249942114
0.8021976545990436,-0.0016364839465572007
0.8030941066066064,-0.001635685641376102
0.8039905586141698,-0.0016355628438526732
0.804887010621733,-0.0016358176996938924
0.8057834626292962,-0.0016376884635422506
0.8066799146368594,-0.00164005613116144
0.8075763666444224,-0.001642428822866716
0.8084728186519853,-0.0016433660746396185
0.8093692706595484,-0.0016424998150879706
0.8102657226671116,-0.0016391177635767327
0.811162174674675,-0.0016340794237984495
0.8120586266822377,-0.001627305713248011
0.8129550786898013,-0.0016168238333839717
0.813851530697364,-0.001603572663383368
0.8147479827049272,-0.0016573296346472594
0.8156444347124906,-0.0016221842648688237
0.8165408867200534,-0.001610542506096171
0.8174373387276167,-0.0016013888680446698
0.8183337907351798,-0.001593331246654417
0.8192302427427429,-0.0015881513718608996
0.8201266947503059,-0.001586859455624382
0.8210231467578695,-0.0015893082529620506
0.8219195987654321,-0.0015946368478842285
0.8228160507729952,-0.0016015550390274299
0.8237125027805583,-0.0016088384682359602
0.8246089547881218,-0.00161537215734559
0.8255054067956844,-0.001620247151227812
0.8264018588032475,-0.001622802211649179
0.8272983108108107,-0.0016226350282415353
0.8281947628183742,-0.0016195783641844252
0.8290912148259374,-0.0016136557367455965
0.8299876668335006,-0.0016051141388089781
0.8308841188410632,-0.0015945912958394983
0.8317805708486262,-0.0015831203793577207
0.8326770228561897,-0.001572651984986254
0.8335734748637524,-0.0015641326775740019
0.8344699268713159,-0.0015582512895911398
0.835366378878879,-0.0015552163305668203
0.8362628308864419,-0.0015545718228205023
0.8371592828940051,-0.0015565193744991566
0.8380557349015687,-0.0015605205896889233
0.8389521869091315,-0.0015657930223274658
0.8398486389166944,-0.0015718939261794586
0.8407450909242579,-0.0015774760873223893
0.8416415429318208,-0.0015819209568736143
0.8425379949393837,-0.001583632392228301
0.8434344469469469,-0.0015822729046345203
0.8443308989545102,-0.0015767888216901256
0.8452273509620734,-0.001567941039310491
0.8461238029696363,-0.0015574065442400288
0.8470202549771996,-0.0015453994342284397
0.8479167069847625,-0.0015180054131317365
0.848813158992326,-0.0016207165069240257
0.8497096109998891,-0.0015443172268214528
0.8506060630074516,-0.0015315552192400996
0.8515025150150152,-0.0015266100807824765
0.8523989670225782,-0.0015244651746400195
0.8532954190301414,-0.0015250350380842197
0.8541918710377046,-0.0015280879121431158
0.8550883230452678,-0.001532902313059451
0.8559847750528312,-0.001538669680853692
0.8568812270603936,-0.0015442718359950946
0.8577776790679569,-0.0015485750445144873
0.8586741310755198,-0.0015508407644088367
0.859570583083083,-0.0015516472616633335
0.8604670350906463,-0.001551476054534944
0.8613634870982092,-0.0015501465820129529
0.8622599391057728,-0.0015475315080779666
0.8631563911133356,-0.0015436663787202333
0.8640528431208985,-0.001538734706970383
0.8649492951284621,-0.0015330029152882906
0.8658457471360248,-0.0015267415150460246
0.866742199143588,-0.001520254952624368
0.8676386511511514,-0.001514174732599563
0.8685351031587143,-0.0015086803665328025
0.8694315551662775,-0.0015036174028993643
0.8703280071738406,-0.001499252658613285
0.8712244591814038,-0.0014956970300175434
0.8721209111889666,-0.0014924508701232202
0.8730173631965301,-0.0014910771268640572
0.8739138152040932,-0.0014916165830413002
0.8748102672116562,-0.001494185157759315
0.8757067192192192,-0.0014972838503686811
0.8766031712267829,-0.0015004864447968583
0.8774996232343453,-0.0015023534776255852
0.8783960752419089,-0.0015026486698108863
0.879292527249472,-0.0015003890638645545
0.8801889792570349,-0.0014961688263270586
0.8810854312645976,-0.0014893438075703053
0.8819818832721613,-0.001475701576338463
0.8828783352797241,-0.0014149731482368873
0.8837747872872876,-0.001496160464136998
0.8846712392948505,-0.0014688507651267012
0.8855676913024138,-0.0014584038282569824
0.8864641433099769,-0.0014518523176496024
0.8873605953175397,-0.0014493212655502343
0.8882570473251031,-0.0014509779622580304
0.8891534993326662,-0.0014564363796234058
0.8900499513402291,-0.0014647672674389766
0.8909464033477923,-0.0014746265581424113
0.8918428553553559,-0.0014846667175140358
0.8927393073629184,-0.0014937807291536993
0.8936357593704817,-0.0015010277078247379
0.8945322113780452,-0.0015056993739937566
0.8954286633856082,-0.0015073366157337753
0.8963251153931713,-0.0015057154543015503
0.8972215674007344,-0.0015008164479538156
0.8981180194082974,-0.001492808449462072
0.8990144714158603,-0.0014821486466615641
0.8999109234234235,-0.0014703804255400284
0.9008073754309865,-0.0014595718557007533
0.9017038274385503,-0.0014504675190291948
0.9026002794461125,-0.0014432110588534033
0.9034967314536758,-0.0014382741897509272
0.9043931834612389,-0.001435749005167125
0.9052896354688023,-0.00143499217003499
0.9061860874763653,-0.001436120876474588
0.9070825394839288,-0.0014383367719390313
0.9079789914914913,-0.0014407029737149234
0.9088754434990544,-0.0014425413733032359
0.9097718955066177,-0.0014423296749749574
0.9106683475141811,-0.0014393901608141997
0.9115647995217442,-0.001432241325104898
0.9124612515293071,-0.0014211317251646863
0.9133577035368703,-0.0014066434273710654
0.9142541555444337,-0.001392146229451944
0.9151506075519964,-0.001380614559630803
0.9160470595595597,-0.0013731849931028998
0.916943511567123,-0.001338745147862669
0.9178399635746862,-0.0014805640741894974
0.918736415582249,-0.0013964052349505734
0.9196328675898123,-0.0013974127617574267
0.920529319597375,-0.0013998300001261431
0.9214257716049384,-0.00140348156918699
0.9223222236125016,-0.00140894340932442
0.9232186756200644,-0.0014156974581674938
0.9241151276276274,-0.0014230015331470668
0.925011579635191,-0.0014299340989813152
0.9259080316427537,-0.0014355074206756895
0.9268044836503171,-0.0014392693847841028
0.9277009356578801,-0.0014420348261780576
0.9285973876654434,-0.0014439310727674512
0.9294938396730066,-0.0014446622212999376
0.9303902916805687,-0.0014440331450548407
0.9312867436881321,-0.0014420283245950862
0.9321831956956959,-0.001438788790024864
0.9330796477032587,-0.0014345603368904041
0.9339760997108221,-0.0014296343887254999
0.9348725517183857,-0.001424284503151511
0.9357690037259482,-0.001418733374419153
0.9366654557335116,-0.0014136301102738015
0.9375619077410745,-0.0014091624542079142
0.9384583597486373,-0.0014051421010999419
0.9393548117562007,-0.0014017464834909848
0.9402512637637641,-0.001399531358209309
0.9411477157713272,-0.0013990350122961505
0.94204416777889,-0.0014010653031796612
0.9429406197864533,-0.0014035828470552213
0.9438370717940161,-0.001405067183539047
0.9447335238015795,-0.001401563700313729
0.9456299758091427,-0.001389069373104103
0.9465264278167057,-0.0013607460660772922
0.9474228798242689,-0.0013095788400577081
0.9483193318318317,-0.0012277130244010988
0.9492157838393954,-0.0011157586607681365
0.9501122358469583,-9.994691333580401E-4
0.9510086878545214,-9.803065498818827E-4
0.9519051398620849,-6.331381731277244E-4
0.9528015918696474,-0.0015013844986971898
0.9536980438772108,-0.0014434386300481287
0.9545944958847735,-0.0014053825341535631
0.9554909478923366,-0.001382215129939053
0.9563873998998998,-0.0013700174306145044
0.9572838519074632,-0.001366230546213929
0.9581803039150262,-0.0013685615504453093
0.9590767559225893,-0.0013748419425478361
0.9599732079301526,-0.0013829417411411575
0.9608696599377158,-0.0013912864803754892
0.961766111945279,-0.0013986438807682864
0.9626625639528422,-0.0014040437104735732
0.963559015960405,-0.0014068052421116156
0.9644554679679677,-0.0014065125306669335
0.965351919975531,-0.0014029930754651154
0.9662483719830943,-0.00139634302665021
0.9671448239906577,-0.0013871036229495392
0.9680412759982207,-0.0013771348397829933
0.9689377280057836,-0.0013683272483766367
0.9698341800133469,-0.0013618257754417333
0.9707306320209097,-0.0013579124578985996
0.971627084028473,-0.0013566967825762073
0.9725235360360361,-0.0013588154155001085
0.9734199880435994,-0.0013647205851112097
0.9743164400511625,-0.0013742378551273148
0.9752128920587254,-0.001388337374271218
0.9761093440662885,-0.001407416284391039
0.9770057960738517,-0.0014323590200992268
0.9779022480814153,-0.0014652697259688156
0.9787987000889782,-0.0015087814420329658
0.9796951520965411,-0.0015689438103654828
0.9805916041041043,-0.0016551797926017875
0.9814880561116672,-0.0017865892657119875
0.9823845081192304,-0.0019963211494468712
0.9832809601267932,-0.0023415966604191795
0.9841774121343561,-0.00293043135099448
0.9850738641419198,-0.003962035557602959
0.9859703161494829,-0.005828284331381481
NaN,NaN
NaN,NaN
NaN,NaN
NaN,NaN
NaN,NaN
NaN,NaN
NaN,NaN
NaN,NaN
NaN,NaN
NaN,NaN
NaN,NaN
NaN,NaN
NaN,NaN
NaN,NaN
NaN,NaN
NaN,NaN
NaN,NaN
NaN,NaN
NaN,NaN
NaN,NaN
NaN,NaN
NaN,NaN
NaN,NaN
NaN,NaN
NaN,NaN
NaN,NaN
NaN,NaN
NaN,NaN
NaN,NaN
NaN,NaN
NaN,NaN
NaN,NaN
NaN,NaN
NaN,NaN
NaN,NaN
NaN,NaN
NaN,NaN
NaN,NaN
NaN,NaN
