0.249625,-0.002496901097857826
0.2500006312306329,-0.00928249677343188
0.25037546755806467,-1.319850355665194E-4
0.25075018090569107,0.0053847957495978295
0.25112518770348574,0.006886381434089915
0.25150064890249607,0.00631977747443181
0.2518764724362518,0.004596236079421442
0.2522523181799651,0.0022773623867797864
0.2526276088551799,-5.270016681226922E-4
0.2530020456841855,-0.0036069071107978105
0.25337626301968325,-0.006837957611221631
0.2537508018947621,-0.01014187045964217
0.25412594485372797,-0.01346784196215935
0.25450171725555715,-0.016784029254544933
0.2548778909911024,-0.020072783091256693
0.2552539906470757,-0.023325948643056794
0.2556293214382692,-0.026474845979477392
0.2560037531282221,-0.02956058892999964
0.2563779923343896,-0.032581014826743256
0.25675256243527383,-0.03553650249240563
0.25712772466108996,-0.03842533802181283
0.25750347958272946,-0.04124927509249624
0.2578795710730457,-0.04401520004464993
0.25825549274828274,-0.04672981398888714
0.25863055848839156,-0.04933287276315266
0.25900487897240476,-0.05183492918470895
0.25937915933754496,-0.05428150730299067
0.25975386701398956,-0.05666977847636935
0.26012920529504,-0.0589988977228002
0.2605051153528707,-0.06127281452703179
0.2608812807763821,-0.06349440006029061
0.26125713461498723,-0.06568105018913031
0.2616320189641525,-0.06773957755170124
0.2620062719906124,-0.06970867244761382
0.26238058342808335,-0.07163873756976193
0.2627553797015242,-0.07352290953447149
0.26313081985154707,-0.07535922611000803
0.2635067979787153,-0.07715187114451319
0.2638829482135772,-0.07891342685676307
0.2642586522418323,-0.08063830968728533
0.2646333446404487,-0.08221312411593057
0.26500755502703155,-0.0837318757659311
0.26538193142804506,-0.08522500270624808
0.2657568512848761,-0.08668289471750976
0.2661324223810751,-0.08810387934408345
0.26650848576834385,-0.08949322047187093
0.26688462124806184,-0.090865570624547
0.26726015674784487,-0.09219696963561123
0.26763468701697096,-0.09337289775120212
0.26800887530615075,-0.094517903292548
0.2683833248925255,-0.09565571528118412
0.26875836544892484,-0.09676693002884476
0.26913405476031893,-0.09785083035971985
0.26951018155252404,-0.09891586592676987
0.2698862714429555,-0.09997928533507366
0.2702616095714158,-0.1009732239746963
0.2706360073397462,-0.10183416702694653
0.27101019718260677,-0.10269332215575469
0.2713847358201509,-0.10354490065682999
0.27175990393300276,-0.10437954862283094
0.27213570745116933,-0.1051979606881471
0.27251188145407773,-0.10601067256985941
0.27288789668861135,-0.1068307579898671
0.2732630204007947,-0.10753536849132439
0.2736373127420016,-0.10816124259683327
0.2740115244024288,-0.10879914929766984
0.2743861646875693,-0.1094349832209074
0.2747614640039056,-0.11005706007818165
0.2751373756080489,-0.11067023007207992
0.2755135799760693,-0.11128569075726205
0.27588949186783696,-0.11191557595651491
0.2762644032892436,-0.11242462037082945
0.2766386178136574,-0.11287095917190758
0.2770128705078756,-0.11333650383176144
0.27738762224629326,-0.1138042431807716
0.2777630522457467,-0.11426773682040989
0.27813906031444935,-0.11472934527213174
0.2785152717648981,-0.11520271507632691
0.2788910450175333,-0.11568781100342654
0.2792657534284672,-0.11602918189179189
0.2796399158789608,-0.11634908491415599
0.28001422823012234,-0.11669110041007498
0.2803891016543326,-0.11703793423702145
0.28076466298807523,-0.11738482090175839
0.2811407574616885,-0.1177411647605194
0.2815169541016282,-0.11811884422031149
0.2818925538864517,-0.11847245336550201
0.28226708435864384,-0.11868841207743985
0.28264121976582945,-0.11892512068366601
0.2830156080022782,-0.11918066844122972
0.28339060951746875,-0.11944187038614607
0.28376629784203117,-0.11970683836635414
0.28414246284367806,-0.11998187416551465
0.2845186167073301,-0.12028455093876318
0.28489401251972857,-0.12054627715041273
0.28526839570941975,-0.12068789532287685
0.285642527378672,-0.1208581569233056
0.28601700662800134,-0.12104847727578523
0.28639214215961467,-0.12124651255478694
0.2867679532478856,-0.12145373123933918
0.2871441732760305,-0.12167630457763982
0.2875202564138692,-0.1219320296616747
0.2878954297299136,-0.12209265272451915
0.28826969594963625,-0.12218813726835472
0.28864384632194334,-0.12231978950537921
0.28901842992488896,-0.12246770930340925
0.28939370250236984,-0.12262399794699205
0.2897696279843217,-0.12278539819644696
0.2901458827840277,-0.12296560575662244
0.29052186288067,-0.12318032770328324
0.2908968100041787,-0.1232988451551048
0.2912709879152642,-0.12335813338777148
0.2916451777641059,-0.12345217033851119
0.2920198774887813,-0.12356862657707202
0.29239528887058464,-0.12369416307237419
0.2927713195674387,-0.12383116631100662
0.29314758794943224,-0.1239942479823936
0.29352343061810326,-0.12417618146727194
0.29389815991430673,-0.12421662379655747
0.29427227739353695,-0.1242658657880576
0.2946465261198104,-0.124345795681288
0.2950213517516565,-0.12443943373390688
0.2953969010668925,-0.12454294000814708
0.2957730245206747,-0.12465973173485563
0.29614928163463833,-0.12480588112009192
0.29652494929793083,-0.12495518056714097
0.29689948479862954,-0.12496808325227256
0.2972735681203532,-0.12500324258581058
0.29764789329214036,-0.12506720299575055
0.29802285263695166,-0.12514460247007486
0.2983985369905414,-0.12523228448471307
0.29877473879658784,-0.12533384272608578
0.29915095805991987,-0.12548134684566042
0.29952641666679625,-0.12558092447425315
0.29990079028711075,-0.12557652470024006
0.30027486482526106,-0.12560977755454153
0.30064928282233955,-0.12566589697261635
0.30102438206644455,-0.1257342395375719
0.30140019634284987,-0.1258136251763361
0.30177645907669787,-0.12591000009451583
0.3021526098700693,-0.12604113320939084
0.30252783819659385,-0.12612590309759303
0.3029020817157903,-0.12610517060742385
0.3032761711101049,-0.1261390105976502
0.30365069625442465,-0.1261922220003959
0.30402593934268635,-0.12625752754355546
0.30440187617931347,-0.12633499358227873
0.30477818038207316,-0.12643248952982336
0.3051542305138175,-0.12656650748011702
0.3055292199271797,-0.12660512337254398
0.30590336425758297,-0.1266084744355005
0.3062774907526774,-0.12664844275330142
0.3066521356571125,-0.12670725237554553
0.30702752461463734,-0.1267793233033127
0.30740357444601824,-0.12686612959892438
0.3077798978982999,-0.1269798997318403
0.3081558113588956,-0.1271259271589901
0.30853056830525794,-0.12714925854102083
0.30890464280304697,-0.12717038212136006
0.30927882692107306,-0.12722919612467493
0.30965360207296144,-0.12730763384647145
0.3100291362789607,-0.1274014477820059
0.3104052865258568,-0.12751263859513942
0.3107816040960687,-0.1276542922248461
0.31115734290378394,-0.1278272612925861
0.311531889186206,-0.12785722797323565
0.3119059221989785,-0.12792752342859628
0.3122801832511456,-0.12803114359647774
0.3126550976686424,-0.12815561339000137
0.3130307747129134,-0.1282994448430741
0.3134070105026328,-0.1284669833085214
0.3137832939348855,-0.12867555985445847
0.3141588200423893,-0.1288884144295999
0.3145331886045594,-0.1289887672355901
0.3149072067261068,-0.12913533450239506
0.315281561883431,-0.12931631171743488
0.31565662219995083,-0.12952853198798972
0.3160324371650647,-0.12976712369345794
0.3164087411525097,-0.13003876266132
0.31678495994753636,-0.1303631100464763
0.3171602472893055,-0.13066397550847172
0.31753447210772107,-0.13088996243252557
0.3179085007619837,-0.13116976178289302
0.31828296544647744,-0.13149832667503913
0.31865817603085744,-0.13186104088356937
0.31903412136134707,-0.13225892621787755
0.3194104733468565,-0.13269976544216222
0.31978659410659005,-0.13320239801994538
0.32016163140424475,-0.13363353675175746
0.3205357452483127,-0.134045349201796
0.32090980810689845,-0.1345113007055967
0.32128439567853057,-0.13500931350463613
0.32165975878985487,-0.13552922161302708
0.32203582499392513,-0.13606390602951596
0.3224122030029844,-0.13655300621110394
0.322788189173228,-0.13703563583953257
0.3231629791601818,-0.13725788498583597
0.3235370132527337,-0.1369284838471658
0.32391113222611023,-0.13342958491057974
0.32428585476290067,-0.12185231935460869
0.3246615567677688,-0.10656141365616158
0.325037545631237,-0.06829284975353804
0.3254139223157288,-0.06473272527292227
0.32578973325646804,-0.06301824332357595
0.3261642969254785,-0.06134146444559946
0.3265382811490278,-0.0597748672642015
0.3269124767233218,-0.05831873016220254
0.3272873433972693,-0.0569544427342178
0.3276630101698025,-0.05566865299020818
0.3280392780344284,-0.0544503086079095
0.32841562585802103,-0.05329369166977288
0.32879122193616256,-0.052176638218289766
0.3291655907854755,-0.05107646869995135
0.3295395536475752,-0.05002555144706029
0.3299138441361984,-0.04901447841657616
0.3302888622825881,-0.048038632487987516
0.3306646747805194,-0.0470963516244646
0.3310410183159322,-0.04618734752902412
0.3314173060627582,-0.04531533789895084
0.33179265619460424,-0.04446503007856597
0.3321668668079708,-0.043630694195597536
0.3325408353475532,-0.04283485159315636
0.33291523739164264,-0.0420677263401962
0.3332904120799218,-0.041332903478240965
0.3336663628094653,-0.04062814165678587
0.33404276104620534,-0.03995344844400032
0.334418953470714,-0.039312350781926984
0.33479404420245323,-0.038687809421113904
0.33516813095365783,-0.03808042722418978
0.33554213008717804,-0.03750512598277849
0.33591665831739936,-0.03695635284533606
0.33629199281643796,-0.03643246224515826
0.3366680725335974,-0.035932635439748874
0.33704450273273423,-0.03545706735908341
0.33742056276725885,-0.03500899655721773
0.3377953921917312,-0.03456443101495645
0.33816938865153706,-0.03414032345792366
0.33854344207128123,-0.03373948841872112
0.33891810904115444,-0.03335828408865337
0.339293603721804,-0.032995542395729896
0.33966979976030715,-0.032650685318569427
0.3400462354511613,-0.03232445736999125
0.34042212191014004,-0.032018342426241346
0.3407967074758563,-0.031708854912095075
0.3411706452566462,-0.03141866171245107
0.3415447744683411,-0.031144951781158583
0.34191959043955883,-0.0308854021170606
0.3422952432798046,-0.030639213039694753
0.3426715404038844,-0.030406082159074845
0.3430479523305158,-0.030187346516379932
0.34342362218096445,-0.029981232436877822
0.34379799654308046,-0.029770127648193267
0.3441719057762179,-0.029575105619101174
0.3445461304860925,-0.029391810449926756
0.34492110354460076,-0.029218686387073187
0.34529690992546813,-0.029055194845060972
0.3456732899088954,-0.028900780902525902
0.3460496456155273,-0.02875796523037249
0.34642506532137207,-0.028623287784375947
0.3467992658389219,-0.028482660587820497
0.34717317479097526,-0.028354770544721346
0.3475475125224014,-0.02823542502940239
0.3479226484687496,-0.02812343682443125
0.3482986015969208,-0.028018432663631267
0.348675044179584,-0.02792057205616934
0.34905130890803765,-0.02783246028874725
0.3494264577331076,-0.027743424225203997
0.34980052127357425,-0.02765355761026191
0.35017445700031397,-0.027573083317497832
0.3505489236890307,-0.027498676923495127
0.35092422615146995,-0.027429588775391516
0.3513003162894766,-0.027365614970333046
0.35167679750675407,-0.027307226766661908
0.35205293249537484,-0.027257481177553326
0.3524278072259685,-0.027200217717294518
0.3528017689160613,-0.027146164050068172
0.35317575624433306,-0.027098822753997893
0.3535503652642541,-0.0270558517934732
0.35392583510961223,-0.027016747187543922
0.35430204967303064,-0.02698143401031915
0.3546785426684221,-0.026950704209867952
0.3550545061057776,-0.026927168839082152
0.35542912104390406,-0.026892520586455172
0.3558030143372924,-0.02686324908079839
0.35617707614479205,-0.02683885804164598
0.3565518386343828,-0.02681766743381868
0.35692747421355536,-0.026799311959478826
0.3573037978436256,-0.026783806396889515
0.35768027276648573,-0.02677221079720577
0.3580560204384433,-0.026766080212707304
0.3584304060596951,-0.026747651925872615
0.3588042628179988,-0.026735352245244526
0.35917842014138424,-0.026726695226643303
0.3595533452167757,-0.02672040579203379
0.35992914274111315,-0.026716411604881116
0.3603055577413043,-0.02671475953314598
0.36068198211853264,-0.026717410436686222
0.3610574731966435,-0.02671936387348313
0.36143166881367705,-0.026713349833872795
0.36180551944976685,-0.026713091650881333
0.3621797913017394,-0.026715266504497116
0.3625548854344456,-0.026719170011136037
0.3629308377009002,-0.02672469095064238
0.3633073224789521,-0.02673213649777048
0.3636836597414091,-0.026744016556768956
0.3640588718260592,-0.02675139823744316
0.3644329161204503,-0.02675391647336932
0.3648067887590246,-0.026761181972292856
0.3651811918255922,-0.026770298765244643
0.365556459030816,-0.02678072560418042
0.3659325564904254,-0.026792393910769947
0.36630908700113607,-0.026805779940767147
0.36668529782876963,-0.026823876863360352
0.36706022395942967,-0.026833296866855563
0.3674341540414906,-0.026841584051383937
0.36780807503133006,-0.026853477568596105
0.3681826236868975,-0.026866748136042323
0.3685580653771995,-0.026880985777988836
0.3689342955128275,-0.02689617540606541
0.36931084449958707,-0.02691293009378328
0.3696868862428634,-0.026934434023267596
0.3700615372131548,-0.026944521034660825
0.37043538848067525,-0.026955948540805384
0.3708093822622211,-0.02697015585195874
0.3711840888613796,-0.026985378013100282
0.37155970428691365,-0.027001445127036724
0.3719360522151821,-0.027018293018223716
0.37231258976681086,-0.027037157585156436
0.3726884159996138,-0.02705865618289178
0.3730628186445296,-0.027067142965533978
0.37343662507899195,-0.027080342199327766
0.37381071408259475,-0.02709515869989882
0.3741855882263585,-0.02711062080380176
0.37456137303203385,-0.027126525633988027
0.37493781973807083,-0.027142998626780015
0.37531431164709095,-0.02716131146330877
0.37568988052635977,-0.027181589331158468
0.3760640758819215,-0.027188174215910584
0.37643786910559124,-0.02720090770082081
0.3768120734842143,-0.027214515864332173
0.3771871226763618,-0.02722844505981461
0.37756307065290834,-0.027242589402399247
0.37793959514696984,-0.027257198437695213
0.3783160047183096,-0.027274263351731404
0.3786912864238264,-0.027288488070886283
0.379065315479148,-0.027294321101636036
0.3794391254393106,-0.027303702136781766
0.3798134630104026,-0.02731418076908141
0.3801886918684599,-0.027324674363436156
0.3805647934779834,-0.027335138668502387
0.3809413713009348,-0.027345949048995382
0.3813176586566984,-0.027359880694773138
0.38169264206872994,-0.02736584114341706
0.3820665439733387,-0.027368174765382978
0.382440398595978,-0.027373048063897995
0.3828148846653042,-0.02737808883296525
0.38319029508163466,-0.027382842951655398
0.3835665380890292,-0.027387234507618322
0.3839431421085391,-0.027392337550178125
0.3843192640001947,-0.027400587013547646
0.3846939553886634,-0.0273947467908589
0.38506776762204564,-0.02739107089866406
0.38544169301366393,-0.02738822056010195
0.3858163410856622,-0.027384867937081614
0.38619193257640766,-0.02738070679117871
0.38656830130126585,-0.027375745728679315
0.38694489970314644,-0.027370710946019335
0.3873208082042989,-0.02736822717576132
0.38769523466876105,-0.027351311017860324
0.38806899242165066,-0.027336164354730574
0.38844301205364434,-0.027320359581151824
0.3888178327678494,-0.027303716186772617
0.38919360206022774,-0.027285437193210537
0.3895700783878506,-0.027265555710874963
0.38994663744845776,-0.02724519014726968
0.3903222860632013,-0.027223898708206747
0.3906964867868546,-0.027188331507114097
0.39107022385336276,-0.027154276265516242
0.39144435915209164,-0.027117375744957307
0.3918193605068744,-0.027077178008667012
0.3921953011689138,-0.02703307288033469
0.3925718634103177,-0.026984727082710942
0.39294834553295227,-0.026933157649180695
0.3933237006426248,-0.026873383134728184
0.3936977191264041,-0.026797822969714134
0.39407146717840014,-0.026715276809330602
0.39444573731930926,-0.026622001195628475
0.39482092457263296,-0.0265151157727668
0.3951970271321413,-0.026391584471661636
0.39557365041746706,-0.026248080038047517
0.39595001485383663,-0.02608243889986656
0.3963250610491129,-0.02588297705842027
0.3966989385347513,-0.025638927287162275
0.39707272717119657,-0.02536318023346717
0.397447148561293,-0.02505126048894836
0.397822524284353,-0.024708458248846318
0.3981987768208387,-0.024347375629156696
0.39857543417395574,-0.024018823436968307
0.39895163683831947,-0.023699602490370307
0.39932637590694414,-0.023411322459932042
0.39970015179004414,-0.023171943187402573
0.4000740081625408,-0.022982824873194908
0.4004485953478696,-0.02284186015845765
0.4008241600673774,-0.022761187291701027
0.4012005472472175,-0.0227421897984151
0.40157720548346115,-0.022794549880242536
0.4019531970652435,-0.022849699107271974
0.4023276535061226,-0.02289941091350231
0.40270136491669345,-0.02294255579337456
0.40307531412886166,-0.022969874755454853
0.4034500784135526,-0.022975661123832942
0.403825828771317,-0.022957876041130035
0.40420233227224633,-0.02291664722176844
0.4045789582512483,-0.022854215181245204
0.40495468929873935,-0.02277108988576628
0.4053289011710894,-0.022660800131734136
0.40570258382253577,-0.02253502246474237
0.40607664858866804,-0.022396506923373707
0.4064515987329714,-0.02224666302769517
0.4068275285069268,-0.022087283580019795
0.40720412621532454,-0.02192022217498743
0.40758068116921226,-0.02174824851634163
0.40795611411024746,-0.021569798390910718
0.4083301268685063,-0.02138105863376726
0.40870381404549994,-0.0211925167664133
0.40907801501781815,-0.021002753272014757
0.4094531576779878,-0.020812223421610983
0.40982925831773626,-0.020621588321295754
0.41020592542879153,-0.02043167689557075
0.4105823674263624,-0.02024493712364722
0.41095748071762295,-0.020053434718386713
0.41133133785114584,-0.019862223722668132
0.4117050605132766,-0.019674868156465648
0.41207941502889633,-0.019490388347603832
0.41245475302239337,-0.019308748760787857
0.4128310120191617,-0.019130124573631883
0.41320771999658445,-0.018954890782189694
0.4135840038955445,-0.018784983568506206
0.41395879831755833,-0.018612889330246504
0.4143325409054474,-0.018443232000953203
0.41470632797272666,-0.018278541030141718
0.4150808514725607,-0.018117723791486993
0.4154563855691854,-0.017960660165114564
0.415832787983828,-0.017807406642176372
0.4162095053070198,-0.01765830873248672
0.4165855823133006,-0.017515206536800502
0.4169600749478942,-0.01736845957471841
0.41733374254228456,-0.01722691155239816
0.4177076206527238,-0.017090001655172552
0.4180823256905075,-0.016957042999902465
0.41845805332441816,-0.01682791619535529
0.41883458071675245,-0.016702679469326447
0.41921127227789046,-0.016581773648303263
0.4195870904869735,-0.0164657652323914
0.4199613190271016,-0.01634640386475504
0.4203349489965264,-0.016233013162096202
0.42070894244559376,-0.01612370580258927
0.42108383905211777,-0.016018057988135624
0.4214597549295153,-0.015915957908037924
0.42183638547685026,-0.015817451109404912
0.4222130122547094,-0.015723366618239594
0.4225885266429643,-0.015631114861797864
0.422962538755564,-0.015538427478125321
0.4233361660408416,-0.015450772374352283
0.423710296120719,-0.015366582924201335
0.4240853908252074,-0.015285597574988478
0.4244614857582577,-0.015207623098509331
0.42483819391241173,-0.01513285754424921
0.4252147133144784,-0.01506194534828852
0.4255899009143294,-0.014992896612303111
0.4259637416902217,-0.014922819151889007
0.42633739898678424,-0.014857229571979668
0.42671168473782445,-0.014794632698172943
0.42708698178415716,-0.014734768907497755
0.4274632441843013,-0.01467754896355215
0.4278400016059891,-0.014623029660413773
0.42821636781527694,-0.01457231236193993
0.4285912220578249,-0.014520892054840015
0.4289649349005788,-0.014470349581629684
0.4293386526678331,-0.014423267410392002
0.42971311037488674,-0.014378638659756799
0.4300886107924202,-0.014336260921367212
0.4304650255204636,-0.014296066563746065
0.4308418001682398,-0.014258145868691703
0.4312179635949709,-0.01422461641003817
0.43159249852734394,-0.014186436030742797
0.43196612522654404,-0.014152098517514295
0.4323399320574585,-0.014120097767636244
0.43271457582109735,-0.014090029676715738
0.43309027804872485,-0.014061769854365101
0.43346682684846155,-0.014035311301021725
0.4338435828856066,-0.014011003766962647
0.43421948886710043,-0.01398931289479035
0.43459374040011717,-0.013963664619990606
0.43496731932983024,-0.013941432846951643
0.43534123976271094,-0.013921085118760421
0.43571607923408023,-0.013902281380222087
0.4360919771443968,-0.013884912483429285
0.4364686373894337,-0.013868982328386377
0.43684533515510277,-0.013854898535187142
0.43722093756134495,-0.013842623938970212
0.4375949544119732,-0.01382661916730704
0.4379685234447822,-0.013813643229992187
0.4383425816589114,-0.013802168257904826
0.4387176259638071,-0.013791905673698814
0.4390937123988267,-0.01378276359794125
0.4394704595531044,-0.013774770247002683
0.4398470561833734,-0.01376854457452144
0.44022232220409,-0.013762488639578116
0.4405961503916124,-0.013753972719644268
0.4409697420881805,-0.013747860851899883
0.44134395625024864,-0.013742876297482578
0.44171920836364903,-0.013738801251547498
0.4420954704433559,-0.013735564458166753
0.44247227525462296,-0.013733211293043012
0.44284872476645715,-0.01373363453335492
0.44322364509952217,-0.013729872732651284
0.4435973332447329,-0.013727276874653223
0.44397098337818874,-0.013726002655618448
0.44434537453924394,-0.013725493603054093
0.44472083910810994,-0.01372561987420061
0.44509726359846896,-0.013726361681815255
0.4454740936956208,-0.013727892263878194
0.44585034356855174,-0.013731507081322801
0.446224926404808,-0.013730543502516764
0.4465985132154785,-0.013730979630628666
0.44697224622218384,-0.013732434172560058
0.447346824184808,-0.01373442061841861
0.44772249604265435,-0.013736813783225584
0.4480990625045997,-0.013739593279048161
0.44847588191186294,-0.01374292794312614
0.44885188044997926,-0.013748214212047154
0.44922616332160303,-0.013748368493145653
0.449599695090027,-0.013749945374934305
0.4499735433063377,-0.013752476157208073
0.4503483242202793,-0.013755261850606139
0.450724201535642,-0.013758220276738571
0.4511008888134962,-0.0137613693718626
0.4514776561782692,-0.013765095468066878
0.451853347051461,-0.013769404387915398
0.45222737377055366,-0.013769053404034833
0.4526008861471179,-0.013770417130184223
0.45297487209370624,-0.013772081677512434
0.4533498649595933,-0.013773768855911033
0.4537259420422936,-0.013775431939153683
0.4541027280189485,-0.013777072526234379
0.4544794026892951,-0.013779368839799765
0.4548547494685645,-0.013780172648786277
0.4552285663877014,-0.013778061119654201
0.4556020871321211,-0.013776994744778238
0.45597621968085517,-0.01377586511703257
0.4563514146707536,-0.013774453021472465
0.4567276650140882,-0.013772687969534018
0.4571045099531993,-0.013770758579004451
0.4574810432227134,-0.013769642675389519
0.4578560444282958,-0.013764260411460654
0.4582297291967799,-0.013758203441226559
0.4586033356373894,-0.013752298071909176
0.4589776848185245,-0.013745909852752189
0.45935313597636745,-0.013738879363357865
0.45972958705522454,-0.013731149687611858
0.46010647963315116,-0.013722799912735706
0.46048280826014176,-0.013714969184793877
0.460857415340929,-0.013702393657009012
0.46123091288484996,-0.013688875379314956
0.461604507005563,-0.013674818993708848
0.46197894909816284,-0.0136599505386395
0.4623545272133527,-0.013643947331130814
0.46273106750645265,-0.01362676247108414
0.4631079398985099,-0.0136085499228305
0.46348406820168275,-0.01359032471547828
0.4638584811801157,-0.013565608139021666
0.46423210246306057,-0.013540727150723523
0.4646060313382984,-0.01351462079950878
0.46498090040220613,-0.013486835047082322
0.4653568733422986,-0.013456398051519087
0.4657336470809438,-0.013424101429112458
0.46611045917930133,-0.013389879418186566
0.46648610173896926,-0.013353589148750112
0.4668598806349336,-0.013309933848474178
0.4672329995752422,-0.013264659369396975
0.4676065589402525,-0.013216013798512961
0.46798119287097434,-0.013162588521057549
0.46835706666382676,-0.01310394841053832
0.468733879308586,-0.013039705594460032
0.46911087080814795,-0.012969482368741184
0.46948685794044714,-0.012891242590377706
0.469861452788657,-0.012801887985178478
0.4702356160744824,-0.012704141404553075
0.4706099808513885,-0.012596042951829057
0.4709847193305927,-0.012475363518525356
0.47135992687210415,-0.012343017481470986
0.4717356829011275,-0.012200028771574754
0.4721116361042891,-0.012048018891152694
0.47248705145993825,-0.01188813941801168
0.4728619279520452,-0.01173059301490307
0.4732368461816054,-0.011572629732182907
0.47361194771509785,-0.011424651449988853
0.47398697066730194,-0.011291266581311077
0.4743620481209168,-0.011179032777177814
0.4747374422402643,-0.011094100224275594
0.4751129658538298,-0.011042523953714908
0.4754881078730099,-0.011018115977242492
0.4758630845107105,-0.011020834730145751
0.4762382741178216,-0.01104817009512414
0.4766135877165734,-0.011096110672446539
0.47698863731471075,-0.01115697218923437
0.4773636957243275,-0.011227539817025059
0.4777390238451276,-0.011302328782071717
0.4781144176488927,-0.011380782449641243
0.4784894612869582,-0.011447402916420723
0.4788645028825099,-0.011506869064488105
0.47923979864597793,-0.011557592118784129
0.47961513247182963,-0.011598976198036947
0.47999014722309263,-0.01162791758689498
0.48036522887946465,-0.011647235831533188
0.4807405711911387,-0.011656915288208801
0.48111589711848474,-0.011657418860817224
0.48149089662794703,-0.011647294298689582
0.4818659926215211,-0.011629809422669902
0.4822413418417513,-0.01160528395741695
0.4826166313227533,-0.011573097810022552
0.48299161997412005,-0.011533474601967788
0.48336674472091873,-0.011489412269976206
0.48374211401472644,-0.011441065930463325
0.48411737296961277,-0.011388801648190835
0.48449235573193045,-0.011331441913907423
0.4848675050013184,-0.01127168890830166
0.4852428851811993,-0.01120967542088005
0.485618107048619,-0.011145015054756615
0.4859930896597412,-0.011077474435981343
0.48636826645402,-0.011008876202848234
0.4867436557958593,-0.010939431936591242
0.4871188399773777,-0.010868097546609515
0.48749382659546736,-0.010795545565222135
0.48786903048019714,-0.010722828545398634
0.4882444242868078,-0.010650254452162769
0.48861957085580016,-0.010576209331862874
0.48899456570287697,-0.010502157426034262
0.4893697965294472,-0.01042855186709657
0.489745189993799,-0.010355801764735802
0.4901203001404687,-0.010281853080361284
0.49049530694776283,-0.010208779702295858
0.4908705643246524,-0.010136578033006148
0.4912459526053046,-0.010065680578107588
0.4916210289120637,-0.009993807950757145
0.49199605103358146,-0.009923241965435344
0.4923713338530883,-0.009853941961650755
0.49274671128447617,-0.009786194338895349
0.4931217571528655,-0.009718219957863278
0.4934967976798729,-0.009651558316086361
0.49387210462760606,-0.009586367674020704
0.49424746523746205,-0.009522983841800305
0.49462248570619405,-0.009459302768559639
0.4949975471763421,-0.0093973428565609
0.4953728765366001,-0.00933694410085614
0.49574821454070084,-0.009278363609685288
0.4961232148571085,-0.009219591532975335
0.4964982996821892,-0.00916276199041801
0.49687364931532363,-0.009107570196231825
0.4972489585857463,-0.00905404211121769
0.4976239451454849,-0.009000599343303446
0.4979990550927189,-0.008949122065344135
0.4983744222146873,-0.008899318718199378
0.49874969821749077,-0.008850932094218954
0.4991246767775471,-0.008802967207559386
0.4994998132056517,-0.00875689093906947
0.49987519464266833,-0.008712498295971906
0.5002504343274407,-0.008669231863330918
0.5006254101285701,-0.008626684122366252
0.5010005739449624,-0.008585904046408872
0.501375966037031,-0.008546802305092036
0.501751167544077,-0.00850853770748481
0.5021261454501654,-0.00847122433106145
0.5025013371686732,-0.008435547198372412
0.5028767358317618,-0.008401519399381642
0.5032518985262487,-0.008368041678045512
0.503626883015055,-0.00833567624690738
0.5040021027104261,-0.008304823321128306
0.5043775033798074,-0.008275582263400529
0.5047526278649427,-0.008246630969679359
0.5051276230154954,-0.008218893464046594
0.5055028703257902,-0.008192546269556558
0.5058782679629649,-0.008167748611391126
0.5062533561340963,-0.008143010878822205
0.5066283656105008,-0.008119538818329051
0.5070036397193961,-0.008097346088873567
0.5073790288025062,-0.008076626241024466
0.5077540838591431,-0.008055778660323705
0.5081291109179892,-0.008036204242634432
0.5085044105785178,-0.00801779949735494
0.5088797851521848,-0.008000778581701026
0.5092548115467994,-0.007983480885376096
0.509629859071344,-0.007967437291676737
0.5100051826565382,-0.007952456216164907
0.5103805365106823,-0.00793876567795208
0.5107555397080333,-0.007924661859908557
0.5111306102886718,-0.007911773678604687
0.5115059558968879,-0.00789984284860297
0.5118812828045509,-0.00788896008742172
0.5122562688844692,-0.007877834015075991
0.5126313646725367,-0.007867851606942457
0.5130067296232715,-0.007858786676622613
0.513382023996594,-0.007850310521717972
0.5137569992492177,-0.0078417986935586
0.5141321217289045,-0.007834290765174749
0.5145075029344214,-0.007827632118889682
0.5148827612147721,-0.00782132201820292
0.5152577312389044,-0.007815074542883708
0.5156328815579814,-0.007809709358877447
0.5160082754517871,-0.007805145010223651
0.5163834951613218,-0.007800717076774599
0.5167584651255507,-0.007796412322479444
0.5171336439515452,-0.007792871543228277
0.5175090464617534,-0.007790073536969232
0.5178842265032425,-0.0077872238241298
0.5182592011456719,-0.0077845387343614195
0.5186344086985641,-0.007782522186660412
0.5190098153007837,-0.007781194092255144
0.5193849558661147,-0.007779648161361944
0.519759939551375,-0.007778277405187043
0.5201351756843194,-0.0077774777442160496
0.520510581507959,-0.007777308611919867
0.52088568386484,-0.007776787973534926
0.5212606806952851,-0.0077764480464560274
0.5216359450346203,-0.007776586252572571
0.5220113450336114,-0.0077772849694761476
0.5223864111556866,-0.007777391714825014
0.5227614249907196,-0.007777904340205504
0.5231367165811138,-0.00777875609094076
0.5235121044121849,-0.0077801673497779125
0.5238871381761159,-0.007780557537572807
0.524262171817504,-0.007781476783179921
0.5246374886873066,-0.007782672588590504
0.5250128579115965,-0.007784340715603225
0.5253878653361175,-0.0077849216685660924
0.5257629214011174,-0.007785935612382673
0.5261382617417246,-0.007787135869920872
0.5265136061293637,-0.007788763258305385
0.5268885933594797,-0.007789109591502176
0.527263674641949,-0.0077899882595003555
0.5276390363881015,-0.007790984247646616
0.5280143492722857,-0.007791980864419975
0.5283893224950883,-0.007791995028018451
0.5287644303219718,-0.007792268399253185
0.5291398098388639,-0.007792558759015169
0.5295150879146192,-0.007792793044595462
0.5298900529620978,-0.0077919237101491045
0.5302651889763271,-0.007791222578454157
0.5306405837370306,-0.007790520891647981
0.5310158227318917,-0.007789182887048238
0.5313907856580049,-0.0077871588495167406
0.531765950933548,-0.007785041852414749
0.5321413562754388,-0.00778277966497671
0.5325165546309328,-0.007779718398917377
0.5328915201529735,-0.007775863359897642
0.5332667148137201,-0.007771784896429066
0.5336421264015648,-0.007767419475292381
0.5340172842028951,-0.007762107235634922
0.5343922570792281,-0.0077558486322451
0.5347674815246561,-0.0077491956031660834
0.5351428952061164,-0.007742222755375993
0.5355180121323222,-0.007733514055588988
0.5358929970598318,-0.00772422178213192
0.5362682508602594,-0.007714250699445892
0.5366436604491028,-0.007703729919514841
0.5370187389653379,-0.007691350181699674
0.5373937392964858,-0.007678102205366912
0.5377690211941314,-0.00766394354605665
0.5381444210923002,-0.0076489868378345404
0.538519465309415,-0.007631971671324796
0.5388944849410504,-0.00761346687088317
0.5392697942678312,-0.007593831242825062
0.5396451781876511,-0.007573017925951884
0.540020191753739,-0.007549484475329355
0.5403952332933164,-0.0075245897148777515
0.5407705673797525,-0.007497948695133374
0.5411459285708092,-0.007469627951222871
0.5415209186107909,-0.007438020706529424
0.5418959849672471,-0.00740395729836129
0.5422713424018909,-0.007367236762320027
0.5426466739166895,-0.00732762884798227
0.5430216465917316,-0.007283833651112929
0.543396739448118,-0.0072367320510304525
0.5437721164683788,-0.0071857302290587914
0.544147414184927,-0.007130544609640463
0.5445223758792396,-0.007069754420928534
0.5448974974427083,-0.007003669847358008
0.5452728915924717,-0.006932564251409464
0.5456481501723287,-0.0068561639452682345
0.5460231068722093,-0.006774280814817599
0.54639825762379,-0.006688224148772852
0.5467736647099489,-0.006598747998964753
0.547148882800595,-0.006509298866204467
0.5475238401949409,-0.006418004364694684
0.5478990214229038,-0.006329442307450544
0.5482744369655691,-0.006246209408730669
0.5486496127742028,-0.00617063854567851
0.5490245755254063,-0.006105391532666564
0.5493997875879753,-0.006056198228552488
0.5497752076602157,-0.00602119943899303
0.5501503407241811,-0.006000670177451609
0.5505253136641514,-0.005998821115720699
0.5509005555422256,-0.006013069356698658
0.5512759737987186,-0.006041299459970171
0.5516510672957937,-0.006080804904831222
0.5520260546617605,-0.006129616926301233
0.5524013265767093,-0.006185372394253087
0.5527767381579344,-0.006245690642098067
0.553151793183351,-0.0063071096663735275
0.5535267988648047,-0.0063685191477211795
0.5539020991874992,-0.006428051609618675
0.5542774967760937,-0.006484455273875329
0.5546525187505946,-0.0065360715042331995
0.5550275454636054,-0.006581215272498108
0.5554028723223761,-0.006620745194373935
0.5557782499241365,-0.006654672612807451
0.5561532447024629,-0.006681714429837495
0.556528295792792,-0.006703192022656002
0.5569036475949607,-0.006719132551130422
0.5572789977927406,-0.0067298729283097325
0.557653971580346,-0.006734615865235263
0.5580290494502058,-0.00673490509341152
0.558404423328353,-0.006730865604573164
0.5587797398278868,-0.00672269188838436
0.5591546996116288,-0.006710093001712121
0.5595298058176311,-0.00669429973510659
0.5599051981778834,-0.006674925303830589
0.5602804773626865,-0.006653122017442178
0.5606554291052988,-0.006627920790525341
0.5610305650214801,-0.006600768030724027
0.561405972544146,-0.006571699535566974
0.5617812109755331,-0.006540813818813365
0.5621561607572378,-0.0065077422368557914
0.5625313276198691,-0.006473529376289804
0.5629067462816222,-0.006438255797992264
0.5632819414759145,-0.006401725364355853
0.563656894824447,-0.006363982895311928
0.5640320931588585,-0.006325711022382679
0.5644075182647728,-0.00628704142785259
0.5647826696298689,-0.006247505879146719
0.5651576314945012,-0.0062075140320970385
0.5655328612612731,-0.0061674528044315825
0.5659082875602474,-0.006127500135130993
0.5662833961155587,-0.006086950366690897
0.5666583709525906,-0.006046521390279061
0.5670336316097835,-0.006006369175404785
0.5674090533362665,-0.005966699337722716
0.5677841215592884,-0.005926626631010357
0.5681591133725116,-0.0058870954022433525
0.5685344039226533,-0.005848093608750731
0.5689098147289996,-0.005809823010853236
0.5692848465517792,-0.005771296932449615
0.5696598588825323,-0.005733614420177743
0.570035177693319,-0.00569663724569383
0.5704105705117922,-0.005660505592591147
0.5707855715952594,-0.005624313726530628
0.5711606073721813,-0.005589109793648787
0.5715359523416272,-0.005554727923374075
0.5719113204612193,-0.005521364999157203
0.5722862972228558,-0.005488047861349738
0.572661359181988,-0.005455758575912793
0.5730367279897339,-0.005424359191645293
0.5734120649778682,-0.00539398950026491
0.5737870239733617,-0.005363744622863959
0.5741621143742537,-0.005334590763101881
0.5745375040571803,-0.005306357373156908
0.5749128041511903,-0.005279088776529596
0.575287752259754,-0.0052520736255300534
0.5756628728113604,-0.005226136929223437
0.5760382798448889,-0.005201127219378324
0.5764135389449134,-0.005176977297477132
0.5767884824514901,-0.005153204458518088
0.5771636343471683,-0.0051304555451357125
0.5775390546694903,-0.00510862072606591
0.5779142702391855,-0.005087524390924246
0.5782892148792803,-0.005066904155832729
0.578664398813573,-0.005047239777292391
0.5790398278375624,-0.005028465341172311
0.5794149987852777,-0.005010302437661968
0.5797899498373806,-0.004992679358081435
0.5801651660163369,-0.0049759373445155625
0.5805405986401423,-0.0049600518606964785
0.5809157252931495,-0.004944652040070899
0.581290687590082,-0.004929831688949274
0.5816659357459641,-0.004915819668126384
0.5820413663729395,-0.004902626632044446
0.5824164504379863,-0.004889795179079822
0.582791428388291,-0.00487756004106374
0.5831667078091292,-0.00486605873693155
0.5835421303872729,-0.004855336103621599
0.583917174872197,-0.004844857314345173
0.5842921724933517,-0.004834979870835404
0.58466748199797,-0.004825818283271679
0.5850428895740719,-0.004817409312544043
0.5854178991956029,-0.004808947194085245
0.5857929198388382,-0.004801254582506558
0.5861682574229692,-0.004794154103961892
0.5865436424868485,-0.004787719406550382
0.5869186238900048,-0.00478121540751321
0.5872936703163123,-0.004775413884467464
0.5876690335505145,-0.004770154416661073
0.5880443891950976,-0.004765470938605887
0.5884193494726294,-0.0047607101674914136
0.5887944241208772,-0.0047565887783798805
0.5891698101433435,-0.004752958235029692
0.5895451302949912,-0.004749800872332014
0.589920076397992,-0.004746579353088584
0.5902951811797643,-0.004743929094242054
0.5906705865749923,-0.004741721611092826
0.5910458666039922,-0.004739890025857523
0.5914208050779511,-0.004738004856006491
0.5917959414387004,-0.004736620254870713
0.5921713623113022,-0.004735628997625888
0.5925465989337926,-0.004734926406719422
0.5929215359216117,-0.004734176114982919
0.5932967048991455,-0.004733862306744211
0.5936721369534418,-0.004733893203337563
0.5940473280595908,-0.004734136811630339
0.5944222693836985,-0.004734325931467908
0.594797471698221,-0.004734908330501811
0.5951729101903931,-0.004735879111173631
0.59554805476739,-0.0047366668887418705
0.595923005693617,-0.004737690921240052
0.5962982410585256,-0.004738975913469843
0.5966736799953091,-0.004740589288057447
0.5970487798191396,-0.004741952988415287
0.5974237447116036,-0.004743511242943108
0.5977990122789902,-0.0047452795041927134
0.598174445433675,-0.004747328796785011
0.5985495038122091,-0.004749066294030473
0.5989244867910395,-0.004750956389317939
0.5992997855690462,-0.004753002143800822
0.5996752066630022,-0.004755279976179645
0.600050227404222,-0.004757181225865309
0.6004252326176011,-0.004759181861412493
0.6008005614826323,-0.0047613181083947746
0.6011759630572787,-0.00476362029509253
0.601550951220498,-0.004765352282154194
0.6019259816710142,-0.004767269284580178
0.6023013377755937,-0.004769205858343936
0.6026767125333797,-0.004771238517165908
0.6030516756090958,-0.004772642330204265
0.603426733765167,-0.004774145194396637
0.6038021146289565,-0.00477558702232925
0.6041774558223185,-0.004777073874506655
0.6045524013555924,-0.004777774777144542
0.60492749004723,-0.0047785719192358815
0.6053028928074626,-0.004779231577268824
0.6056781937886072,-0.0047796470834932684
0.6060531286575919,-0.004779450656575924
0.6064282489959713,-0.004779126158379825
0.6068036692410316,-0.004778558150829298
0.6071789274435594,-0.004777644378570928
0.6075538578962925,-0.004776002832296896
0.6079290112642062,-0.004774114423637002
0.60830444523288,-0.004771849911541562
0.6086796573401868,-0.004768949088670448
0.60905458986394,-0.004765404988875681
0.6094297773353862,-0.00476138418025982
0.6098052199993511,-0.004756877249303336
0.6101803844852702,-0.004751465821665054
0.6105553242348274,-0.00474529855821118
0.6109305453313671,-0.004738490710600396
0.6113059908451818,-0.004731007583914617
0.611681109592111,-0.004722457820911823
0.6120560615569308,-0.004712926196207886
0.6124313165182453,-0.004702461865703098
0.6128067598478567,-0.004691113287635377
0.6131818333043679,-0.004678177476499107
0.6135568023971507,-0.0046642086785263605
0.6139320898662732,-0.004649060472107365
0.6143075232477084,-0.004632746148703819
0.6146825563078011,-0.00461458110002965
0.6150575460462171,-0.004595005258707641
0.6154328647933205,-0.00457388372644571
0.6158082821814994,-0.004551011771160001
0.6161832792913798,-0.004525663204679185
0.6165582937803684,-0.0044985125374086945
0.6169336417897341,-0.004469267575880142
0.617309034617569,-0.004437872313417792
0.617684002643025,-0.00440353024049562
0.6180590443247638,-0.0043667467018292895
0.6184344192358994,-0.004327240562577306
0.6188097804574981,-0.004284676791672134
0.6191847271784686,-0.004238603400955214
0.6195597990652135,-0.004189650871648437
0.6199351973988737,-0.004137747570093902
0.6203105206045869,-0.004083046718894451
0.6206854529710849,-0.004025358380548645
0.6210605568076195,-0.003965627069978898
0.6214359757850104,-0.0039053491826623256
0.6218112555420658,-0.0038437097634174337
0.6221861809178502,-0.003782459085163956
0.6225613180288976,-0.0037231276603425473
0.6229367522461727,-0.003667060680044539
0.6233119866297048,-0.0036157079379792794
0.6236869111112634,-0.0035719794056375603
0.6240620829386525,-0.0035357436327645266
0.6244375285014309,-0.003508641898614403
0.6248127143394806,-0.0034914789661532677
0.6251876439454911,-0.003484603142880389
0.6255628506160362,-0.003488299866134606
0.6259383022678978,-0.0035022841464662385
0.6263134396399984,-0.0035255069881516016
0.6266883795022993,-0.003558749067466388
0.6270636203342749,-0.003598213860269298
0.6274390715193875,-0.003643032508128892
0.6278141632562493,-0.0036914460826771886
0.628189118342354,-0.0037421198874355846
0.6285643934700523,-0.003793796084363702
0.6289398386287492,-0.003845326351045576
0.6293148858317636,-0.0038951821000075756
0.6296898608732385,-0.003942917393853414
0.630065168920225,-0.0039878146042564375
0.6304406002057541,-0.004029441472293751
0.6308156080569817,-0.004066813192177829
0.6311906063725162,-0.004100387878908816
0.6315659449384006,-0.0041293101556882355
0.6319413548942516,-0.004154207951231853
0.6323163304630262,-0.004174539061266798
0.632691355503033,-0.00419095482342502
0.6330667228843813,-0.0042035323848895086
0.6334421042231022,-0.00421252390032816
0.6338170537659537,-0.004217522447250473
0.6341921086802627,-0.004219357951835171
0.6345675020665246,-0.004218132679311242
0.6349428464598431,-0.004214056020559344
0.6353177784246903,-0.004206923681431438
0.6356928654066787,-0.004197465190938521
0.6360682811281649,-0.004185797012871042
0.6364435832915615,-0.004171998535452878
0.6368185047893138,-0.004156102180890549
0.6371936253128347,-0.004138619877537609
0.6375690590367271,-0.004119691179259393
0.6379443156761109,-0.0040991611617849765
0.6383192332052815,-0.0040773027794673115
0.6386943883532668,-0.004054561528112233
0.6390698356031336,-0.004030982610445309
0.639445044298932,-0.004006621663825677
0.6398199642486113,-0.003981388861645727
0.6401951549035116,-0.003955739197021411
0.6405706106850182,-0.003929738767318476
0.6409457699952847,-0.00390330882230459
0.6413206982460559,-0.003876529402825073
0.6416959245924627,-0.003849691761004828
0.6420713831712015,-0.0038228790248198215
0.6424464936032375,-0.0037958861833578927
0.6428214354166887,-0.0037689389357598475
0.6431966970148527,-0.003742200080394097
0.6435721520598096,-0.00371576864911474
0.6439472158714092,-0.0036893193068850074
0.644322176008353,-0.003663210513408093
0.64469747195073,-0.0036375005824049707
0.6450729165883075,-0.00361229496199045
0.6454479374985548,-0.003587166301687607
0.6458229201415687,-0.0035625938371714847
0.6461982487870696,-0.0035385469432120827
0.6465736750952914,-0.003515117028487131
0.6469486591203353,-0.0034918538946433126
0.6473236678427887,-0.0034692735354942728
0.6476990269807943,-0.00344729755086593
0.6480744265891866,-0.0034259753206550836
0.6484493813124054,-0.0034049234727346568
0.648824419167093,-0.0033846026789464156
0.6491998060460835,-0.0033649270971920628
0.6495751715731639,-0.0033458872262353326
0.6499501046131382,-0.0033272213358034306
0.6503251741496822,-0.0033092815344120128
0.650700585482009,-0.0032920006889742507
0.6510759105169756,-0.003275307577410444
0.6514508295254811,-0.0032590691275044444
0.6518259327833781,-0.0032435240355728648
0.6522013647300452,-0.0032286319578699618
0.6525766443566168,-0.0032142650031063286
0.6529515565096029,-0.0032003985132858714
0.6533266949960672,-0.0031871834220422277
0.6537021431404964,-0.003174603640668902
0.6540773740077777,-0.003162477499847842
0.6544522859714546,-0.0031508698926018502
0.6548274606329744,-0.0031398674593506775
0.6552029199525475,-0.0031294741560247384
0.6555781003499369,-0.003119457283070641
0.6559530182521727,-0.003109958205001217
0.6563282294483385,-0.0031010170576082747
0.6567036942920244,-0.0030926541027132865
0.657078824214679,-0.0030845895388965485
0.6574537536230562,-0.003077029961625367
0.6578290011108211,-0.003069980229648916
0.6582044651911357,-0.0030634728665691114
0.6585795463760157,-0.003057189833076253
0.6589544922907461,-0.003051390945879659
0.659329775227196,-0.0030460549589823127
0.6597052316341481,-0.003041222756033657
0.6600802675474617,-0.0030365488248623625
0.660455234417,-0.0030323321366259363
0.6608305513883848,-0.0030285320861470288
0.6612059926347305,-0.003025195515589022
0.6615809883903342,-0.003021958875295948
0.6619559801572574,-0.0030191497852231565
0.6623313292529849,-0.0030167138796638286
0.6627067474715549,-0.0030147038906945655
0.6630817095405735,-0.0030127385171305563
0.6634567297266974,-0.0030111734205439445
0.6638321085387704,-0.0030099392589048785
0.6642074956520736,-0.0030090898678326364
0.6645824315971774,-0.003008238343233465
0.6649574831440753,-0.0030077595008573222
0.6653328886520979,-0.0030075715918156257
0.6657082371056495,-0.003007727367868456
0.6660831551270506,-0.003007845078395758
0.6664582405166758,-0.0030083036954378197
0.6668336692508487,-0.0030090471124301636
0.6672089726693569,-0.003009958872597059
0.6675838806544099,-0.0030109748509564386
0.6679590016842771,-0.0030122500352060926
0.6683344491512604,-0.0030137590940892745
0.6687097036031227,-0.003015383993278209
0.6690846084523312,-0.003017095628778983
0.6694597660531624,-0.003019028696960595
0.6698352271269673,-0.0030211650158159255
0.6702104308548644,-0.0030233702360292847
0.670585338850082,-0.0030256401148420972
0.6709605334961789,-0.0030280949381749364
0.6713360026298268,-0.0030307201916907646
0.6717111551839128,-0.003033372650527529
0.6720860722641592,-0.0030360630566594
0.6724613041363791,-0.0030388990934065003
0.6728367755543423,-0.0030418669487810705
0.6732118773302175,-0.003044824488828405
0.6735868092891013,-0.0030477827067063585
0.6739620783257726,-0.0030508707001419533
0.6743375455650595,-0.003054095377684107
0.6747125981437849,-0.0030571003578042555
0.6750875497895018,-0.0030602039809796712
0.675462854316299,-0.0030633523375654804
0.6758383093190146,-0.0030665893945668564
0.6762133183790094,-0.003069564478008612
0.6765882936232744,-0.0030725829535344423
0.6769636318451663,-0.003075594866735105
0.6773390669607787,-0.0030786448371065947
0.6777140386391204,-0.003081375546377645
0.6780890416552839,-0.0030840903912053397
0.6784644120111446,-0.0030867396455252685
0.6788398185474742,-0.0030893383005209545
0.6792147596282485,-0.003091542147607315
0.6795897935617614,-0.0030936924265416946
0.6799651923126478,-0.003095694674260363
0.6803405627259613,-0.0030975610296514453
0.6807154817242953,-0.003098947555857532
0.6810905488338113,-0.003100187961164148
0.6814659727583602,-0.003101183819141195
0.6818413005018377,-0.0031019596071198193
0.6822162057024205,-0.0031020970787401536
0.6825913087069901,-0.0031020166603064315
0.682966754148418,-0.003101582062770184
0.6833420329090925,-0.003100674897173044
0.6837169318742894,-0.003099193190131628
0.6840920716902738,-0.0030972776751555116
0.6844675331147956,-0.0030948638367787207
0.6848427613245156,-0.0030918379367691463
0.6852176604674923,-0.0030880684207114277
0.6855928380316889,-0.003083701120660319
0.6859683107844876,-0.003078653752425474
0.6863434861440202,-0.003072691419748628
0.6867183924110702,-0.003065876961004432
0.687093608509714,-0.003058217033154486
0.6874690862927607,-0.0030496749941694413
0.6878442085643768,-0.003039982639209086
0.6882191272296503,-0.003029215603784646
0.688594380873027,-0.003017354007365196
0.6889698569807302,-0.003004335240376334
0.6893449292648532,-0.002989916433424217
0.6897198659075521,-0.00297395026984872
0.6900951570638836,-0.0029565693946080286
0.6904706247788073,-0.0029377159968551046
0.6908456489841935,-0.0029169875944328036
0.6912206080242674,-0.0028945976177609804
0.6915959342755611,-0.002870413340945821
0.6919713851030354,-0.0028443872810284087
0.6923463684715284,-0.0028161563276464536
0.6927213542775534,-0.002785749615760331
0.6930967145062605,-0.002753136798617857
0.6934721401963351,-0.0027184013152171406
0.6938470883752124,-0.0026812509059323895
0.6942221040893739,-0.0026420346351197724
0.6945974946076674,-0.002600775559267438
0.6949728870840082,-0.002557676613919696
0.695347809293889,-0.0025129858946255214
0.6957228584074892,-0.0024667602413102
0.6960982767550127,-0.002419786345820657
0.6964736274271636,-0.0023726390869555102
0.6968485317074984,-0.002325838101833438
0.6972236158781915,-0.0022803727348659373
0.6975990577217055,-0.002237061674831231
0.6979743617795673,-0.002197785729380306
0.6983492563364403,-0.002162199917233719
0.6987243779662359,-0.0021317745875669377
0.69909983853642,-0.002107350649437378
0.6994750915510933,-0.0020896547878128794
0.6998499831746074,-0.0020795232289307175
0.7002251430496644,-0.0020773580264306264
0.7006006178021087,-0.002082992485675483
0.7009758172201144,-0.002096159771942099
0.701350713278036,-0.0021163808195334387
0.701725912515534,-0.002143035023435559
0.702101395451173,-0.0021752692481313454
0.7024765400017733,-0.0022119631182521892
0.7028514463484101,-0.0022521807605296357
0.7032266840834961,-0.002295589419012798
0.7036021680103679,-0.0023396563926873504
0.7039772608071552,-0.002384012204575025
0.7043521827910351,-0.0024278511768477096
0.7047274590301565,-0.0024705172739103378
0.7051029378873273,-0.002511431974389915
0.7054779801553986,-0.0025498899801526535
0.7058529233858766,-0.002585677018973104
0.7062282370467994,-0.002618509838358772
0.706603702777569,-0.002648237970581758
0.7069786989865677,-0.0026744392325114183
0.7073536676960609,-0.0026973620398557116
0.7077290164249859,-0.0027169595334661087
0.7081044600947087,-0.002733223110409775
0.7084794179390903,-0.002745978624067528
0.7088544155331706,-0.0027556996765247927
0.7092297967623014,-0.00276251018145064
0.7096052102398733,-0.0027666189176614405
0.7099801376378388,-0.00276786670215926
0.710355167814329,-0.0027667445901318004
0.7107305789212109,-0.002763371379156151
0.7111059535629491,-0.0027579436715868605
0.7114808587429879,-0.0027503671592249814
0.7118559243573407,-0.0027411067175133305
0.712231361629873,-0.0027302701040256617
0.7126066900196669,-0.0027179874417995265
0.7129815817598896,-0.002704261915520315
0.713356684818855,-0.0026894494725018016
0.7137321437444497,-0.002673652719372943
0.7141074212306936,-0.0026569212610917273
0.7144823071024115,-0.0026393512346293254
0.7148574489120102,-0.002621178222496682
0.7152329243002943,-0.0026025021968583656
0.715608148172696,-0.002583293208769864
0.7159830351387466,-0.002563720238180364
0.716358216401063,-0.0025439212042209654
0.7167337024790914,-0.0025238950863314216
0.717108871714124,-0.002503818030969126
0.7174837662610919,-0.0024836182222991335
0.717858987284194,-0.002463497010426817
0.71823447793415,-0.0024434953638064203
0.718609592656242,-0.0024235866393018082
0.7189845008820835,-0.0024038242835915484
0.7193597614062589,-0.0023843320138834693
0.7197352497601817,-0.0023651544458634243
0.7201103118644551,-0.0023461919206295987
0.7204852392882306,-0.002327567193628971
0.720860538444009,-0.0023093401844040463
0.7212360169931136,-0.0022915590918785637
0.7216110301551567,-0.0022740594545672035
0.7219859816514462,-0.002257026003144438
0.722361317847112,-0.002240467996565158
0.7227367783297997,-0.0022244313078476755
0.723111748280862,-0.002208712629831136
0.7234867280634798,-0.0021935333955914326
0.7238620990338531,-0.0021788684311825576
0.7242375324423905,-0.0021647524250063437
0.7246124669176833,-0.002150978762130234
0.7249874785765458,-0.002137771611247439
0.7253628814088373,-0.002125088765032905
0.7257382784894647,-0.002112945385682515
0.7261131866809061,-0.0021011642050633426
0.7264882331971259,-0.0020899411523147998
0.7268636643385784,-0.0020792318660769115
0.727239017565068,-0.002069028540258183
0.7276139081306469,-0.0020591991558351203
0.7279889918772103,-0.0020498975666528602
0.7283644471316549,-0.0020410856728565107
0.7287397507255985,-0.002032733279638151
0.7291146317717725,-0.0020247552659258903
0.7294897545069783,-0.0020172635672940464
0.7298652290275028,-0.0020102291666802712
0.7302404789970862,-0.0020036023163955254
0.7306153580521533,-0.001997338039460622
0.7309905209127598,-0.0019915150516758872
0.7313660091971859,-0.0019861129880150417
0.7317412033563127,-0.0019810649218312947
0.7321160873631855,-0.001976359025284553
0.7324912908640605,-0.0019720492560503086
0.7328667867599787,-0.001968122843225225
0.7332419247248,-0.0019644971735434434
0.7336168200463375,-0.0019611887413742424
0.7339920640930708,-0.00195823295902044
0.7343675608188518,-0.0019556239742902826
0.7347426439686539,-0.001953264545189111
0.735117556409425,-0.0019511960108483542
0.7354928403302374,-0.001949439078362179
0.7358683305181751,-0.0019479945424262497
0.7362433619054578,-0.0019467511360025697
0.7366182967561529,-0.0019457730456757547
0.7369936193592397,-0.001945068498209503
0.7373690950676862,-0.0019446463845738178
0.7377440793251704,-0.0019443793699315032
0.7381190413159974,-0.0019443535058973206
0.738494400663683,-0.0019445805355598192
0.7388698526405509,-0.0019450604702638307
0.7392447969828408,-0.0019456184425651712
0.739619790043298,-0.0019464324999676113
0.7399951833648725,-0.0019474559876496696
0.7403706021081065,-0.0019486942221948883
0.7407455155233094,-0.0019499960955909493
0.7411205428490205,-0.0019515216402987165
0.7414959666741318,-0.001953230526623529
0.7418713441029916,-0.001955119474593751
0.7422462355096271,-0.0019570586862368657
0.7426212996808115,-0.0019591919412010415
0.742996749925508,-0.0019614843037331557
0.7433720796079735,-0.0019639261580639686
0.7437469574682726,-0.001966403998898244
0.7441220605385405,-0.001969048627288243
0.744497532613217,-0.0019718284594216627
0.7448728095873204,-0.0019747307256854424
0.7452476819395328,-0.0019776525064622024
0.7456228255669567,-0.0019807150710636225
0.7459983145290423,-0.0019838879305011338
0.7463735349369885,-0.0019871591883825965
0.7467484095356315,-0.0019904266423011905
0.747123594937818,-0.001993823673070214
0.7474990949434088,-0.0019973202924397507
0.7478742568316287,-0.0020008105056998184
0.7482491403796188,-0.0020043551853299478
0.7486243672681234,-0.002007970073426859
0.7489998710783671,-0.0020116576936198703
0.7493749763622155,-0.002015308495212022
0.7497498746277067,-0.0020189823651638465
0.7501251423763081,-0.002022694981928159
0.7505006427920705,-0.0020264462870658597
0.7508756941619832,-0.0020301275678476687
0.7512506128945906,-0.002033794166773206
0.751625920976058,-0.002037459274096799
0.7520014107748273,-0.0020411528912170043
0.7523764109996648,-0.002044653791479639
0.7527513555728763,-0.0020481517595481195
0.7531267019857936,-0.0020515950814394756
0.7535021715028529,-0.0020549996692140462
0.75387712781522,-0.0020581649102872682
0.7542521019091217,-0.002061261849966022
0.7546274838469339,-0.0020642413377844403
0.7550029241217784,-0.0020671177953421513
0.7553778451884244,-0.0020696831562861924
0.7557528529016668,-0.0020721036490916676
0.7561282681745664,-0.0020743133696981227
0.7565036695365377,-0.002076307721956656
0.7568785638503863,-0.0020779279575820816
0.7572536082991973,-0.0020793035857627922
0.7576290523231184,-0.00208037440233845
0.7580044076312659,-0.0020811107636435405
0.7583792842279068,-0.0020813535702419216
0.7587543673584531,-0.002081226456509508
0.7591298358236991,-0.0020806605280326135
0.7595051395527503,-0.002079628279806778
0.759880007044524,-0.0020779171436620166
0.7602551313849519,-0.0020756780329493725
0.760630619886096,-0.002072832029823955
0.76100586620987,-0.00206927144341895
0.761380732683516,-0.0020649474678563788
0.7617558987047486,-0.0020598706071057052
0.762131400445569,-0.002053975461127526
0.7625065892627054,-0.002047156603763334
0.7628814613697299,-0.002039332828976219
0.7632566698905818,-0.002030514710604296
0.7636321796355423,-0.002020555045055194
0.7640073089640202,-0.0020093296094076743
0.7643821939734466,-0.001996872495791666
0.7647574447956508,-0.001983110788515841
0.7651329540441727,-0.0019679770802819544
0.7655080268392055,-0.0019512942835918305
0.7658829299816996,-0.001933061981924726
0.7662582221598734,-0.0019132226366688721
0.7666337243997791,-0.0018916688387401346
0.7670087432788303,-0.0018681459683559099
0.7673836706093887,-0.0018428559499147714
0.7677590028098178,-0.0018157332322213953
0.7681344881095618,-0.001786785992774487
0.7685094593953903,-0.0017558982595641864
0.7688844148939331,-0.0017232505470969736
0.7692597849763841,-0.0016889146425809215
0.769635245142384,-0.0016531081237921854
0.7700101757424289,-0.0016157523236904484
0.7703851641202196,-0.001577410757691738
0.7707605689150159,-0.00153840230178459
0.7711359938764053,-0.0014991639905757462
0.7715108930560686,-0.0014600847858721741
0.7718859173052603,-0.0014218328617702943
0.7722613541154187,-0.001385548134777474
0.7726367345736294,-0.0013511069078711465
0.7730116120218367,-0.001319410320052706
0.7733866749744027,-0.0012911353339485527
0.7737621383206276,-0.0012668583190922637
0.7741374689317109,-0.0012471858833649156
0.7745123331281353,-0.0012328872673931918
0.7748874371630953,-0.0012244811115244344
0.7752629227891016,-0.001222681440849884
0.775638197490979,-0.001227410141312971
0.7760130567703283,-0.0012383563938308361
0.7763882029048423,-0.0012551699296814464
0.7767637056997917,-0.0012772780525566326
0.7771389213633558,-0.0013039825306996953
0.7775137837830475,-0.0013345042744600118
0.7778889734738175,-0.0013680658832857183
0.7782644870690091,-0.0014038469647614093
0.7786396417640493,-0.001440985487811556
0.7790145142056439,-0.0014787453193599003
0.779389746936059,-0.0015164331410813146
0.7797652633697766,-0.0015535658347888962
0.7801403598930511,-0.0015891221894649254
0.7805152481193653,-0.0016228979985629984
0.7808905233853143,-0.001654573480118796
0.7812660359294903,-0.0016838802945798512
0.7816410761549137,-0.0017105288592357303
0.7820159865080142,-0.0017344439521418667
0.7823913036250117,-0.0017555644429327567
0.7827668039792364,-0.0017738891812809053
0.7831417915914862,-0.0017892966291540937
0.7835167292489249,-0.00180197762387692
0.7838920861304289,-0.0018120026728354827
0.7842675642582122,-0.0018195018116481463
0.7846425070688421,-0.0018244433231319164
0.7850174760727391,-0.001827134638605506
0.7853928695963472,-0.0018276087232024472
0.7857683163023689,-0.0018261363829031037
0.7861432232212413,-0.0018227178563286752
0.7865182271367839,-0.0018176540211623001
0.7868936543032317,-0.001811074724304992
0.7872690607793766,-0.0018031489187116088
0.7876439407057069,-0.001793866729437975
0.7880189830495792,-0.001783523530503193
0.7883944401701253,-0.0017722201169466253
0.7887697974781237,-0.001760081242056833
0.7891446601861031,-0.001747120389904554
0.7895197435410315,-0.0017335724511343034
0.7898952259706987,-0.0017195172638710132
0.7902705278527196,-0.0017050282435134205
0.790645382196487,-0.001690150007189983
0.7910205083144936,-0.0016750447994777985
0.7913960105986987,-0.001659777319773109
0.791771253218096,-0.001644374368407683
0.79214610718308,-0.0016289045012776778
0.7925212770817271,-0.001613469318996872
0.7928967930345833,-0.0015981212247161685
0.7932719746248034,-0.0015828457678626767
0.7936468355336018,-0.0015677291321566289
0.7940220495380572,-0.0015528275938072966
0.7943975722337595,-0.00153818449914156
0.7947726930577127,-0.001523745204378773
0.7951475675476113,-0.0015096160837036814
0.7955228252566792,-0.0014958174908133014
0.79589834706003,-0.0014823528828106403
0.7962734094147967,-0.0014692409702164425
0.7966483035415562,-0.001456488864837054
0.7970236040671337,-0.001444135588834427
0.7973991169183869,-0.0014321951542728007
0.797774124506101,-0.0014206196810853083
0.798149043863396,-0.0014094560735867017
0.7985243856876773,-0.0013987182408361674
0.7988998806996063,-0.001388419565461252
0.7992748391885216,-0.0013784851198294977
0.7996497886590217,-0.0013689830422078525
0.8000251694978414,-0.0013599077591582194
0.8004006370478974,-0.0013512711729446163
0.800775554247674,-0.0013429819349123897
0.8011505380052163,-0.0013351213211374477
0.8015259548420814,-0.0013276707490195467
0.8019013852584153,-0.0013206385188501905
0.8022762703927645,-0.0013139300900803137
0.8026512919211415,-0.0013076287445073604
0.8030267410220248,-0.0013017094626069498
0.8034021252102295,-0.0012961748022263637
0.8037769882658381,-0.0012909388879344165
0.8041520503699073,-0.0012860767363419563
0.8045275272930571,-0.0012815624188916555
0.8049028580327127,-0.0012773920647795106
0.8052777084478128,-0.00127349453623096
0.8056528132626944,-0.0012699317018257307
0.8060283128691923,-0.0012666799429290893
0.806403585123646,-0.0012637295648666334
0.8067784314646005,-0.0012610253776741485
0.8071535804685387,-0.001258615629388685
0.8075290969390456,-0.001256480263969436
0.8079043076088621,-0.001254604946375949
0.8082791577965021,-0.001252949086036516
0.808654351832811,-0.0012515490840967
0.8090298786959179,-0.0012503886292682253
0.8094050265220836,-0.0012494408733692763
0.8097798878753477,-0.0012487066484008012
0.810155127075472,-0.0012481888953043909
0.8105306569680217,-0.0012478894359014476
0.8109057429331121,-0.001247739677086832
0.8112806219366506,-0.0012477885095113557
0.8116559055152426,-0.0012480249558993422
0.8120314302012159,-0.0012484532572835673
0.8124064577908693,-0.001248999483004082
0.8127813601756608,-0.0012497210737482762
0.8131566866574247,-0.0012506053058433456
0.813532197240778,-0.0012516585086625191
0.813907171914406,-0.0012528022239657055
0.8142821027867768,-0.0012541019357926644
0.8146574700335509,-0.0012555427842293216
0.8150329569276429,-0.0012571326093188226
0.8154078860768885,-0.0012587904495169591
0.8157828499070474,-0.0012605874704836645
0.816158255124823,-0.001262507377151175
0.8165337084301243,-0.0012645592063511262
0.8169086010035156,-0.0012666605226132196
0.8172836016837903,-0.001268886570207596
0.817659041509551,-0.0012712198277684784
0.818034451588555,-0.0012736708089963827
0.8184093173969855,-0.0012761552857763518
0.8187843583456346,-0.0012787520654140149
0.8191598289687767,-0.001281441983000068
0.8195351869374649,-0.0012842208209981958
0.8199100359570032,-0.0012870518121338896
0.8202851198628446,-0.0012899731480998345
0.8206606161635509,-0.0012929774411692362
0.8210359160042515,-0.0012960439561069273
0.8214107571305583,-0.0012991553265259879
0.8217858853217976,-0.0013023443297012114
0.8221614012182452,-0.0013056038450168677
0.8225366401437761,-0.0013089114306618348
0.8229114813408204,-0.0013122505411102849
0.8232866547351879,-0.0013156529700411935
0.8236621838935718,-0.0013191106929058135
0.8240373601428933,-0.001322601484421056
0.8244122091594991,-0.0013261073756344758
0.8247874285429546,-0.0013296585257177587
0.8251629645856154,-0.0013332596504469177
0.8255380768253626,-0.0013368356996644514
0.8259129411816674,-0.0013404385325295526
0.8262882063794655,-0.0013440591690678288
0.8266637407458548,-0.001347700184240097
0.8270387916590292,-0.0013512885856767406
0.8274136770931979,-0.0013548723175694616
0.8277889864041253,-0.0013584427944475746
0.8281645102252051,-0.0013619992028785105
0.8285395053842193,-0.0013654673728732787
0.8289144174180699,-0.001368889184827894
0.8292897695270338,-0.0013722539237887633
0.8296652743918017,-0.001375563642174705
0.8300402186450668,-0.0013787063952693196
0.8304151628767403,-0.0013817681736947153
0.8307905554341868,-0.0013847114683202758
0.8311660300999192,-0.0013875305869319266
0.8315409324841482,-0.001390116614459097
0.8319159124353301,-0.001392543368242395
0.8322913415791328,-0.0013947701626948676
0.8326667767148355,-0.0013967867521055824
0.8330416474929261,-0.0013984744912210946
0.8334166669650138,-0.0013999014096279648
0.8337921296849274,-0.0014010062899531917
0.834167515034924,-0.0014017563279529212
0.834542364413815,-0.0014020793243339756
0.8349174265266602,-0.0014019956826505436
0.8352929172696398,-0.0014014544534213776
0.8356682467199626,-0.0014004052484172544
0.8360430836823152,-0.0013987580713012721
0.8364181899250511,-0.0013965280565329528
0.8367937034769588,-0.001393650146031493
0.837168972411085,-0.0013900698715328585
0.8375438060923706,-0.0013856165718164886
0.8379189587363567,-0.0013803638177918092
0.8382944893322999,-0.0013742205582337125
0.8386696933923079,-0.0013670868666076465
0.839044531796866,-0.001358902924590812
0.8394197306249401,-0.0013496211027981687
0.8397952706140417,-0.001339163002629319
0.8401704110185652,-0.001327432274157929
0.8405452614675487,-0.0013143185150927715
0.8409205074004377,-0.0012997615462976065
0.8412960500284663,-0.0012837371753834724
0.8416711258627896,-0.0012661304835728802
0.8420459952288217,-0.0012469383704727516
0.842421286523625,-0.0012261222736735559
0.842796822335816,-0.0012036618467775443
0.8431718393267512,-0.0011795202558890887
0.8435467335617163,-0.0011537594998430338
0.84392206978328,-0.0011263665510778352
0.8442975904948301,-0.0010975403596810783
0.8446725519647461,-0.0010673807755883686
0.8450474763007638,-0.0010361445334668394
0.8454228541323651,-0.001004074054533626
0.8457983491570297,-9.714805233511433E-4
0.8461732647973917,-9.388539663369895E-4
0.8465482242215341,-9.064045105880022E-4
0.8469236417350329,-8.747092048914112E-4
0.8472991003926491,-8.442417247017544E-4
0.8476739785345073,-8.154478648091031E-4
0.8480489763119923,-7.887777667539342E-4
0.8484244291197682,-7.645506914404763E-4
0.8487998421499857,-7.431350424262104E-4
0.8491746938876567,-7.243400560101884E-4
0.8495497339570188,-7.08776260963544E-4
0.8499252182641691,-6.981198567744116E-4
0.8503005761897205,-6.933343408304374E-4
0.850675411490737,-6.941447964608246E-4
0.8510504960088366,-7.001805137093335E-4
0.8514260056417833,-7.111766818521274E-4
0.8518013042948256,-7.264901691558167E-4
0.8521761317585391,-7.454969916545187E-4
0.8525512621120458,-7.675724888602231E-4
0.8529267918844468,-7.920545457021023E-4
0.8533020267099485,-8.182757017082332E-4
0.8536768555299744,-8.455773607231499E-4
0.854052033536657,-8.733613900679093E-4
0.8544275769869224,-9.010711243367199E-4
0.8548027449063613,-9.28193048710105E-4
0.8551775830948256,-9.54301960414824E-4
0.855552808734614,-9.79050575565808E-4
0.8559283576460199,-0.0010021599519723003
0.8563034604066013,-0.0010234021720729478
0.8566783144385637,-0.001042518698326509
0.8570535867190575,-0.0010595179118769033
0.8574291328657283,-0.001074359579383175
0.8578041737963278,-0.0010870138261403657
0.8581790503699169,-0.0010975259227528037
0.8585543688032542,-0.0011059702287671655
0.8589299038276133,-0.001112440161403391
0.8593048859170459,-0.0011169838934429212
0.859679791186701,-0.0011197600229086357
0.8600551539795112,-0.0011208907527438527
0.8604306678060075,-0.0011205128962783395
0.8608055978645269,-0.0011186890440939093
0.8611805367596701,-0.0011156132614154393
0.8615559409759102,-0.0011114019542700414
0.8619314221288059,-0.0011061814467191126
0.8623063104588634,-0.0011000140276639214
0.8626812869106878,-0.0010930739336322878
0.8630567286866805,-0.001085421816531395
0.8634321677944496,-0.0010772206057477636
0.8638070243517594,-0.0010684840567107329
0.8641820418341203,-0.0010593593065197876
0.8645575172818599,-0.0010499163513541106
0.8649329053738273,-0.001040233693702281
0.8653077402151674,-0.0010303276172296287
0.865682801919902,-0.0010203129270522123
0.8660583063214565,-0.0010102360040628296
0.8664336353987399,-0.0010001439285453888
0.8668084587154067,-9.900526333343946E-4
0.8671835668957807,-9.80039871769369E-4
0.8675590945912358,-9.701361735232394E-4
0.867934359521255,-9.603631356050328E-4
0.8683091803995481,-9.507387516335078E-4
0.8686843364579808,-9.413100550827673E-4
0.8690598809513145,-9.320964587137925E-4
0.8694350789907889,-9.231001305120765E-4
0.8698099057318068,-9.143406573609645E-4
0.8701851102807405,-9.058430481181873E-4
0.8705606642490921,-8.976188660716672E-4
0.8709357949419919,-8.8965528675448E-4
0.8713106350884445,-8.819737313165001E-4
0.8716858879579071,-8.745840553027376E-4
0.8720614432946605,-8.674924453878103E-4
0.872436508411569,-8.606745110838939E-4
0.8728113687900407,-8.541541462998511E-4
0.8731866690734222,-8.479306665577106E-4
0.8735622169072589,-8.420064391996689E-4
0.8739372203594447,-8.36349774579194E-4
0.8743121071020811,-8.309861025985579E-4
0.8746874531646234,-8.25907873411662E-4
0.8750629836835245,-8.211142409763613E-4
0.8754379316867262,-8.165714027848857E-4
0.8758128502310776,-8.123036918562842E-4
0.8761882397039995,-8.082999755173624E-4
0.8765637422508328,-8.045561738607791E-4
0.8769386432395669,-8.010415285233106E-4
0.8773135983165,-7.97775989984836E-4
0.877689028081534,-7.94747689667229E-4
0.8780644919063009,-7.919495613407981E-4
0.8784393558064382,-7.89356711825278E-4
0.87881435142101,-7.869832529267372E-4
0.8791898175901908,-7.848183162878183E-4
0.8795652325513454,-7.828524168823622E-4
0.8799400701116504,-7.810670921958809E-4
0.8803151095217727,-7.794710336510753E-4
0.8806906074171748,-7.780551280726005E-4
0.8810659653824776,-7.76808204694156E-4
0.8814407868079225,-7.75717352085735E-4
0.8818158725055607,-7.747874380301991E-4
0.882191396643743,-7.740111828218384E-4
0.8825666917093141,-7.733762874629843E-4
0.8829415064706994,-7.728742284562797E-4
0.8833166401701666,-7.725077376522806E-4
0.8836921842557763,-7.722712256781917E-4
0.8840674127696602,-7.721514831383125E-4
0.8844422295968479,-7.72143694886647E-4
0.8848174122345981,-7.722495202697832E-4
0.8851929691675698,-7.724649406876461E-4
0.8855681297212186,-7.727758388565139E-4
0.885942956610299,-7.731807539660089E-4
0.8863181883606529,-7.736808609570559E-4
0.8866937502612041,-7.742736315764929E-4
0.8870688436384758,-7.749439704216653E-4
0.8874436878791211,-7.756936035596315E-4
0.8878189681999822,-7.765234701541887E-4
0.8881945264703563,-7.774325196865066E-4
0.8885695555129692,-7.784043272805367E-4
0.8889444237387104,-7.794439787564071E-4
0.889319751395084,-7.805520956185487E-4
0.889695296718084,-7.817291178537884E-4
0.8900702662934663,-7.829569848850012E-4
0.8904451644968161,-7.842442572420276E-4
0.8908205376204037,-7.855910797265435E-4
0.8911960600681395,-7.869994100183449E-4
0.8915709768732692,-7.884492314894324E-4
0.891945910491421,-7.899523039076965E-4
0.8923213265176827,-7.91511763340707E-4
0.8926968142977274,-7.931256850297196E-4
0.8930716881764482,-7.947714168620536E-4
0.89344666148989,-7.964707149309123E-4
0.8938221163961839,-7.98219493207752E-4
0.8941975588162508,-8.000180713678708E-4
0.8945724009764342,-8.018454727271878E-4
0.8949474172643251,-8.037227655103531E-4
0.8953229063735689,-8.05646674861682E-4
0.8956982949930882,-8.07617223563603E-4
0.896073115880913,-8.09614194192532E-4
0.8964481779249959,-8.116583678916497E-4
0.8968236961149463,-8.137467202914934E-4
0.8971990238273315,-8.158793772565943E-4
0.8975738335386427,-8.180357949157983E-4
0.8979489438199193,-8.202368352751455E-4
0.8983244857410608,-8.224811599963995E-4
0.8986997462948315,-8.247574537770757E-4
0.8990745546473424,-8.270664228314671E-4
0.8994497148057218,-8.294137325090885E-4
0.8998252732396503,-8.31799753611103E-4
0.900200464330569,-8.342107993445804E-4
0.9005752794215351,-8.36648376492572E-4
0.9009504893789272,-8.391184916800582E-4
0.9013260562744899,-8.416203703526696E-4
0.9017011789840564,-8.441394977592452E-4
0.902076008295247,-8.466753736633931E-4
0.902451267968296,-8.492334854503774E-4
0.9028268355051614,-8.518111891304988E-4
0.9032018908500695,-8.543939495670575E-4
0.9035767420615953,-8.569736751110126E-4
0.9039520511855583,-8.595632874254165E-4
0.9043276103079583,-8.621570541838241E-4
0.9047026012430054,-8.647185869561216E-4
0.9050774804217325,-8.672680176947389E-4
0.9054528363570278,-8.697958113462382E-4
0.9058283761629082,-8.722982838131235E-4
0.9062033112704634,-8.747362126217156E-4
0.906578223580777,-8.771249124274253E-4
0.9069536241075441,-8.794516228919004E-4
0.9073291348359991,-8.817089329963032E-4
0.9077040214439213,-8.838415511013016E-4
0.9080789724933629,-8.858765882650382E-4
0.9084544147085978,-8.877893401961514E-4
0.9088298835416445,-8.895636122144353E-4
0.9092047328456802,-8.911481411180269E-4
0.9095797259181769,-8.925543137809292E-4
0.909955204812771,-8.937520840544582E-4
0.9103306232697991,-8.947188279435936E-4
0.9107054460932309,-8.953922234904059E-4
0.9110804848331803,-8.957759345692057E-4
0.9114559966511409,-8.958093881178774E-4
0.9118313543487242,-8.95471411199386E-4
0.9122061619210741,-8.947082314436811E-4
0.9125812488456122,-8.934950075464843E-4
0.9129567865855592,-8.917832332221366E-4
0.9133320795344392,-8.895189565239852E-4
0.9137068807649151,-8.866370954130018E-4
0.9140820172761244,-8.831038604109712E-4
0.9144575754718711,-8.788529265169882E-4
0.9148327987561048,-8.737886246010554E-4
0.9152076034764051,-8.678850020689098E-4
0.9155827910585631,-8.610881068685664E-4
0.9159583614011944,-8.533399328301107E-4
0.916333514310985,-8.44574480673537E-4
0.9167083299933998,-8.347481157467518E-4
0.9170835682012436,-8.238292964879944E-4
0.9174591434427306,-8.118001320800703E-4
0.9178342264421573,-7.985686756062731E-4
0.918209061377047,-7.842219782898966E-4
0.918584350154071,-7.687971693781045E-4
0.9189599202561909,-7.523653901891839E-4
0.9193349369526753,-7.350218080908766E-4
0.9197097970795327,-7.169277765708491E-4
0.9200851346060602,-6.982782304874144E-4
0.9204606910736276,-6.793706485693199E-4
0.9208356461816662,-6.60407695998333E-4
0.9212105383124959,-6.418050943077502E-4
0.9215859224489286,-6.239550458796766E-4
0.9219614529343435,-6.072930397949028E-4
0.9223363556097411,-5.922889183384931E-4
0.9227112842475392,-5.794446566554967E-4
0.9230867124963955,-5.694495855529608E-4
0.9234622063627879,-5.627236832425441E-4
0.9238370656585622,-5.599023784056068E-4
0.9242120357204939,-5.618639749981583E-4
0.9245875030591737,-5.273886354971571E-4
0.9249629500205268,-4.5017338851395403E-4
0.9253377773618815,-4.501049467156259E-4
0.925712792489179,-4.499314336026328E-4
0.926088295599254,-4.4967578696680186E-4
0.9264636842385556,-4.4934405968731343E-4
0.926838491360839,-4.489434004609856E-4
0.9272135545212893,-4.4848204114030307E-4
0.927589086970023,-4.479702899422641E-4
0.9279644118373517,-4.4741907728125676E-4
0.9283392081955013,-4.468386269779555E-4
0.928714320794828,-4.462388754299167E-4
0.9290898764026717,-4.4563025966919974E-4
0.9294651331773924,-4.4502251795261867E-4
0.9298399285905734,-4.4442340810183206E-4
0.9302150927794167,-4.43840048336921E-4
0.9305906651311362,-4.4327917919762477E-4
0.930965849409929,-4.4274645266218946E-4
0.9313406530835333,-4.4224520144112275E-4
0.9317158693841278,-4.4177857756359275E-4
0.9320914501433198,-4.4134925403599136E-4
0.9324665623053938,-4.409590905445103E-4
0.9328413818249363,-4.4060783434731414E-4
0.9332166492684548,-4.4029580211914123E-4
0.933592228926716,-4.400229260358827E-4
0.933967272986933,-4.3978859387371804E-4
0.9343421151092924,-4.395909654554619E-4
0.9347174328073735,-4.3942873471910105E-4
0.9350930025689752,-4.3930056761433964E-4
0.9354679819566661,-4.392048935527258E-4
0.9358428536892844,-4.3913907923638835E-4
0.9362182201994159,-4.391014198804044E-4
0.9365937697864027,-4.3909021958873505E-4
0.9369686904074765,-4.3910371594000556E-4
0.9373435975992097,-4.39139168185477E-4
0.9377190102062672,-4.391949976072661E-4
0.9380945274880236,-4.392696267611354E-4
0.9384693993604398,-4.393614091230887E-4
0.9388443467483796,-4.3946784648967997E-4
0.9392198016743591,-4.3958768111234867E-4
0.9395952748477685,-4.397196733951553E-4
0.9399701096268306,-4.398623048081007E-4
0.9403451009966693,-4.400135250735863E-4
0.94072059354133,-4.40172410602868E-4
0.9410960132473392,-4.403381212676975E-4
0.9414708218830622,-4.4050922792891094E-4
0.9418458603559974,-4.4068421135174524E-4
0.9422213854324072,-4.408624129892233E-4
0.9425967435300283,-4.410431653915854E-4
0.9429715367929564,-4.412254450358242E-4
0.9433466251330073,-4.41408048823288E-4
0.9437221769690839,-4.415905656810483E-4
0.9440974668580291,-4.4177262518064347E-4
0.9444722550136476,-4.4195328822810835E-4
0.9448473950542171,-4.421317135936089E-4
0.9452229668688412,-4.4230770720313906E-4
0.9455981847347584,-4.42481145858518E-4
0.9459729770903975,-4.4265113561419805E-4
0.9463481697593119,-4.4281714894821154E-4
0.946723753865755,-4.429791646680629E-4
0.9470988984503276,-4.4313724883049356E-4
0.9474737034747948,-4.4329053108633376E-4
0.9478489488419797,-4.434387483393882E-4
0.9482245366791122,-4.435820123225436E-4
0.9485996091825841,-4.437205290253023E-4
0.9489744345376422,-4.438534366928602E-4
0.9493497318380744,-4.439806913647532E-4
0.9497253139874368,-4.4410250242817506E-4
0.9501003180193808,-4.442191763559044E-4
0.950475170574604,-4.443298476329509E-4
0.9508505182179438,-4.4443465358089736E-4
0.9512260844084677,-4.445338772356022E-4
0.9516010259705279,-4.4462787231174477E-4
0.9519759118068312,-4.4471578461136415E-4
0.9523513073776563,-4.44797891838106E-4
0.9527268464291221,-4.448745361785713E-4
0.9531017339729424,-4.449460569674603E-4
0.9534766583789809,-4.450116453508452E-4
0.953852098631892,-4.4507167850053463E-4
0.9542275985109633,-4.451265531480831E-4
0.9546024428914172,-4.4517652030705654E-4
0.9549774103569311,-4.452208728131797E-4
0.9553528912104597,-4.4526004384093013E-4
0.955728340593202,-4.452944795856669E-4
0.956103153517404,-4.453242857624232E-4
0.9564781677275516,-4.4534890394394257E-4
0.9568536842608922,-4.453687872236782E-4
0.9572290738926499,-4.4538441697569047E-4
0.9576038665681328,-4.453957391544706E-4
0.9579789304026902,-4.454023551771287E-4
0.9583544768591173,-4.454047175728797E-4
0.9587297997711519,-4.4540332155391417E-4
0.9591045826883697,-4.453979718971787E-4
0.9594796982297433,-4.453884127019103E-4
0.9598552680304901,-4.453750876730983E-4
0.9602305195566353,-4.453584854977458E-4
0.9606053024569725,-4.4533829938742445E-4
0.9609804710106522,-4.4531439116018404E-4
0.9613560567830532,-4.452871922049226E-4
0.9617312344968855,-4.4525717011650444E-4
0.9621060264005038,-4.4522393113266947E-4
0.962481248533259,-4.4518743640957785E-4
0.9628568421619849,-4.45148102061937E-4
0.9632319457608739,-4.4510636326864245E-4
0.9636067550200729,-4.4506176229059004E-4
0.9639820306144622,-4.4501426786880454E-4
0.9643576231775891,-4.449643897825655E-4
0.9647326545316277,-4.449126528992476E-4
0.9651074886448933,-4.4485821180625023E-4
0.9654828163433837,-4.4480136789388656E-4
0.9658583974428882,-4.447425205098268E-4
0.9662333620918663,-4.4468213877321266E-4
0.9666082273254253,-4.4461939671733806E-4
0.9669836047762588,-4.445546410717921E-4
0.9673591632651505,-4.4448825595949843E-4
0.9677340693499779,-4.444206248563454E-4
0.968108971231231,-4.443509734797261E-4
0.9684843953886968,-4.442796809411601E-4
0.968859919650089,-4.442071173814264E-4
0.969234777122954,-4.4413357734931146E-4
0.9696097205886367,-4.4405835983584124E-4
0.9699851878517542,-4.4398186848664185E-4
0.9703606662123527,-4.439044563602039E-4
0.9707354862103621,-4.4382634325239084E-4
0.9711104757691003,-4.437469056210391E-4
0.9714859821533846,-4.4366647802950466E-4
0.9718614030165842,-4.4358570800793324E-4
0.9722361974589171,-4.4350434607539827E-4
0.9726112366835875,-4.434220398588239E-4
0.9729867763364758,-4.433392494547379E-4
0.9733621316248795,-4.432564762865148E-4
0.9737369115837619,-4.431734346344897E-4
0.9741120023498453,-4.430899030503264E-4
0.9744875685168447,-4.4300634666782646E-4
0.9748628537731544,-4.4292323906761E-4
0.9752376291082239,-4.4284026728698276E-4
0.9756127730260644,-4.4275732913729625E-4
0.9759883588693656,-4.426749044946617E-4
0.9763635701823298,-4.425934397213915E-4
0.9767383507413249,-4.425126229180335E-4
0.9771135494099082,-4.4243238769574664E-4
0.9774891475607296,-4.4235332678963483E-4
0.9778642821327107,-4.422760259087845E-4
0.9782390768965599,-4.421998526502194E-4
0.9786143297227301,-4.421251075365899E-4
0.9789899301944308,-4.420523378045438E-4
0.9793649915830113,-4.419820799053011E-4
0.9797398076472338,-4.41913812710409E-4
0.9801151135039727,-4.418479257467555E-4
0.980490706876539,-4.417850089551192E-4
0.9808656989802407,-4.4172556808579907E-4
0.9812405438585625,-4.416691817842582E-4
0.9816159020136401,-4.4161630701984453E-4
0.9819914782509067,-4.4156766933603557E-4
0.9823664053887392,-4.415238816588434E-4
0.9827412853878357,-4.4148439201122444E-4
0.9831166922926281,-4.41449964105067E-4
0.9834922387982301,-4.4142132364215935E-4
0.9838671122020242,-4.4139906271257995E-4
0.9842420322020555,-4.4138286053199065E-4
0.9846174848508045,-4.4137357183486543E-4
0.9849929904119344,-4.41371969396343E-4
0.9853678198344201,-4.4137871231781717E-4
0.9857427850528842,-4.4139360897098594E-4
0.9861182793285345,-4.4141771240780375E-4
0.9864937308604035,-4.41452014756276E-4
0.9868685295031959,-4.414970092429236E-4
0.9872435433900196,-4.415528430734432E-4
0.9876190737933238,-4.4162065066201406E-4
0.9879944635439648,-4.4170149426227116E-4
0.9883692414272781,-4.41795937664937E-4
0.9887443063099436,-4.4190422143343313E-4
0.9891198671222743,-4.4202768542456384E-4
0.9894951863841491,-4.421675306008007E-4
0.9898699575547402,-4.423240377231421E-4
0.9902450777284858,-4.424977925746391E-4
0.9906206622225509,-4.426899120345717E-4
0.9909959069837582,-4.4290139782761736E-4
0.9913706748918965,-4.4313237870092034E-4
0.9917458462433795,-4.4338298192672356E-4
0.9921214456384915,-4.436539966828325E-4
0.9924966164671076,-4.439458171580978E-4
0.9928714032165121,-4.4425747011856944E-4
0.9932466372489156,-4.445883446853415E-4
0.9936222449924268,-4.449376957173369E-4
0.9939973322849496,-4.453042817010638E-4
0.9943721204389525,-4.4568527353649334E-4
0.9947473948939919,-4.460779647636587E-4
0.9951229987388858,-4.4647915047186924E-4
0.9954980317928829,-4.468850318673838E-4
0.9958728799140587,-4.472898911047749E-4
0.9962482336602255,-4.4768824615636186E-4
0.9966238216640806,-4.4807413370023694E-4
0.9969987403704378,-4.4844114292964034E-4
0.9973735541207274,-4.487812245146724E-4
0.9977489202247515,-4.4908691663245865E-4
0.9981245205592327,-4.493500049927081E-4
0.9984995143101183,-4.49560544259177E-4
0.9988744867048711,-4.4970251005426197E-4
0.9992498403027033,-4.495991324739913E-4
0.999625,-6.000098582505494E-4
