0.1713006756756757,3.959118677072052E-6
0.1721301767525745,-3.1745785729994544E-4
0.17296030189559508,-4.7087240880312536E-4
0.17378928618706505,-5.120601314962409E-4
0.1746196779218779,-6.697280194417917E-4
0.17544868384571502,-8.832453768980244E-4
0.17627891691142925,-0.0011066887746785888
0.1771079942824188,-0.0013378020062004474
0.17793822459954142,-0.0015643706440261447
0.17876734636788832,-0.0017944808377444478
0.17959748809665735,-0.0020179417846824064
0.18042669167164177,-0.0022437927449430496
0.1812567619498115,-0.0024625013064540763
0.1820860476374767,-0.002682784250627656
0.1829160258504282,-0.002896489779130365
0.18374540745981371,-0.0031109604164470312
0.1845752884676257,-0.0033191445975408883
0.1854047728873054,-0.003527755131466847
0.18623454985209809,-0.0037308252554126595
0.18706414200133045,-0.0039325076199847875
0.1878938106367333,-0.004128701781767151
0.18872351392041783,-0.004320687005236819
0.18955307300407662,-0.004505795172544181
0.19038288861435337,-0.004680483679432099
0.19121233704297272,-0.004845587754525973
0.1920422632939818,-0.00499085178265416
0.19287160458365463,-0.005116933492475829
0.19370163793337386,-0.005205952868607445
0.19453087620136902,-0.005258185696603517
0.19536101043037576,-0.005239327438779329
0.19619015287492766,-0.005161702313004657
0.19702037902080846,-0.005332927870629219
0.19784943538821892,-0.005469064204866841
0.19867974263808183,-0.005248223233301
0.19950872424709892,-0.005263103317063508
0.20033909756142151,-0.0053117941922929445
0.20116802033242479,-0.005378515229611592
0.2019984436270153,-0.005429656528836365
0.20282732383928034,-0.005499354893655244
0.2036577767205266,-0.005553625495365917
0.2044866349671089,-0.005628146227503871
0.20531709535760706,-0.005686948608690316
0.20614595430603272,-0.005765675223158205
0.20697639920221936,-0.005828702191860886
0.20780528190926906,-0.00590856619731813
0.2086356900423874,-0.0059984650979656605
0.20946461734357014,-0.0063013019926076354
0.2102949698711787,-0.006521042378312005
0.21112396098617173,-0.006399619369592935
0.21195424055391682,-0.006629672845666976
0.21278331239680176,-0.006840256442155592
0.21361350394203557,-0.006971657477647999
0.21444267073807904,-0.007063628252110237
0.2152727617790652,-0.007114175014157981
0.21610203596221542,-0.007152572410327329
0.21693201578920987,-0.00717134826732985
0.21776140739585634,-0.007189162119176736
0.2185912675714984,-0.007202599879510497
0.21942078364534506,-0.007223153350526996
0.2202505185598008,-0.007250030565425386
0.22108016377461132,-0.007290938466966622
0.2219097703932137,-0.00737038415054949
0.2227395472753574,-0.00829498457744387
0.2235690242590956,-0.007412418194104672
0.22439893187375606,-0.006966964762207281
0.22522828138356393,-0.006635620259955488
0.22605831690685788,-0.006283388348732861
0.2268875429547343,-0.0059403600700297125
0.22771770005406058,-0.005611994846925506
0.22854681014809056,-0.005310671203910246
0.2293770794250593,-0.005027891508068561
0.2302060837968277,-0.004769972269161318
0.23103645330602637,-0.00452841165693785
0.23186536447598965,-0.004308395694169109
0.23269581992411523,-0.004102010503517612
0.23352465334868708,-0.003915462844069433
0.23435517514398352,-0.0037398621541525887
0.23518395046728396,-0.003581794643222232
0.23601451826182357,-0.003432795821620349
0.23684325691204208,-0.0032998480898023094
0.23767384523052737,-0.0031740873590133173
0.2385025723970131,-0.003062815867409397
0.23933315488805632,-0.0029575089668846502
0.2401618970305141,-0.002865366145374361
0.24099244818584814,-0.0027783574941800393
0.24182123163043276,-0.002702906375298975
0.2426517277527055,-0.002632537491807575
0.24348057491845712,-0.0025729544206787793
0.24431099574468104,-0.002518333753060526
0.24513992772877513,-0.0024737282998182476
0.24597025437407313,-0.002434858779295742
0.2467992890645374,-0.0024043008787185496
0.24762950576867676,-0.0023685500278257435
0.2484586582608951,-0.002396097277681551
0.24928875191603,-2.408610850462899E-4
0.2501180346634139,-3.3071068130236723E-4
0.25094799469501367,-4.2489754134783107E-4
0.25177741724363506,-4.930636010645746E-4
0.25260723599177703,-5.385526331012083E-4
0.253436805412656,-5.66133727259614E-4
0.2542664774225708,-5.792569302259152E-4
0.25509619681834345,-5.804178168489467E-4
0.25592572057185164,-5.709131794485269E-4
0.256755590872213,-5.51147129035813E-4
0.2575849670048995,-5.204478234847107E-4
0.2584149858156713,-4.770306535943309E-4
0.2592442180713723,-4.1825048367682987E-4
0.26007437993238625,-3.400900941361581E-4
0.26090347507208145,-2.4013506662837569E-4
0.2617337708401281,-1.6377919047749716E-4
0.2625627389510778,-0.0012857585581668763
0.2633931561141038,-0.001342371193785527
0.2642220106112894,-0.0013583970599197971
0.26505253317039895,-0.0013680798740287783
0.265881291100391,-0.0013772939669245488
0.2667119001639627,-0.0013845550163053386
0.26754058110760215,-0.0013918114695208577
0.2683712538907731,-0.0013959806393236682
0.26919988116877436,-0.0014003855101680236
0.270030591507994,-0.0014012319033234815
0.27085919180422124,-0.001402373278778725
0.27168990923786984,-0.0013994665798519761
0.27251851275227207,-0.001395821380349224
0.2733492076087267,-0.0013770548558924523
0.27417784456512445,-0.0012871310776838604
0.2750084888244373,-0.0011214384307152146
0.2758371869248221,-0.0011753449554459347
0.2766677559708803,-0.0012700134817111822
0.2774965398502978,-0.0013076366577119628
0.2783270113630066,-0.0013130430648098136
0.2791559026047546,-0.0013024445651520205
0.2799862574376585,-0.001286088524531174
0.2808152745652274,-0.0012660991211334276
0.28164549659249705,-0.0012448363716079588
0.28247465511510333,-0.001222175347112491
0.28330473106702964,-0.0011985376387549287
0.2841340437897409,-0.0011742398598912293
0.2849639629175132,-0.001149178593982275
0.2857934379377693,-0.001123619743071886
0.28662319416509224,-0.0010973101517165727
0.2874528380055765,-0.001070983443807467
0.28828242663457326,-0.0010438785385382195
0.2891122407124558,-0.0010167184429129023
0.28994166215377826,-9.889852387413045E-4
0.29077164527990856,-9.613778370187469E-4
0.29160090213068146,-9.333945772018041E-4
0.29243105025051686,-9.055293685872522E-4
0.29326014823550073,-8.779913433362549E-4
0.29409045159650277,-8.509939659614922E-4
0.2949194015501152,-8.253292972306226E-4
0.29574984898635065,-8.007988251421504E-4
0.29657866354067586,-7.794450702232134E-4
0.29740923876109726,-7.612428667782167E-4
0.2982379349252321,-7.496355407325114E-4
0.2990686177615116,-7.457873418825785E-4
0.2998972165854592,-7.378849910520012E-4
0.3007279833431931,-0.0011025478812436485
0.3015565091023031,-1.4240414592008317E-4
0.30238733185422256,-2.2102999463683427E-4
0.30321581352557686,-2.86770165626548E-4
0.30404666043868256,-3.389207674394806E-4
0.3048751295105312,-3.7786088235437787E-4
0.30570596648766196,-4.034660046125568E-4
0.3065344573811925,-4.1698220263319076E-4
0.3073652520529649,-4.1848267377079054E-4
0.3081937974490218,-4.087631904929996E-4
0.3090245202085724,-3.874237327616868E-4
0.30985314923967194,-3.54575824478595E-4
0.31068377398713165,-3.094295357003783E-4
0.31151251230110477,-2.5170605980170317E-4
0.3123430161742169,-1.8074400623590276E-4
0.3131718861591365,-9.637260306337057E-5
0.31400224941403876,-8.405748116545764E-4
0.3148312699037889,-3.2187581879994723E-4
0.3156614763263269,-3.3559511508884275E-4
0.3164906627091725,-3.3885575431295096E-4
0.317320699291247,-3.444070715077008E-4
0.31815006321679556,-3.5332457643362476E-4
0.31897992062969005,-3.6395230608156516E-4
0.3198094698837947,-3.75371966779688E-4
0.32063914247138225,-3.8663886851909575E-4
0.3214688811011913,-3.9704876548175984E-4
0.32229836680895874,-4.0636312252051633E-4
0.32312829542731497,-4.135422780592736E-4
0.32395759554790504,-4.170014993310451E-4
0.3247877104202963,-4.086846743107581E-4
0.325616830230448,-3.744941099466886E-4
0.3264471230092485,-3.2066015255145715E-4
0.32727607252128876,-3.07716705189308E-4
0.3281065319496119,-3.475251926562103E-4
0.32893532373153006,-3.9102579716100347E-4
0.3297659337207871,-4.1569950882658433E-4
0.3305945849936573,-4.250573779023143E-4
0.33142532569278405,-4.2666416947032904E-4
0.3322538572902024,-4.2317851055107794E-4
0.3330847045848782,-4.1760088064408187E-4
0.3339131414697489,-4.099831030490672E-4
0.33474406595597295,-4.0114368887717277E-4
0.33557243849572693,-3.911488171385883E-4
0.3364034062214199,-3.801035823659561E-4
0.33723174824733415,-3.681326607527649E-4
0.3380627229967195,-3.553125574231081E-4
0.3388910712589768,-3.41798304460143E-4
0.3397220155950433,-3.2720514738615966E-4
0.34055040774813655,-3.1202313944686685E-4
0.34138128697654435,-2.959072506460893E-4
0.3422097569513688,-2.791609308371732E-4
0.34304054108114,-2.6151833715028656E-4
0.34386911957736965,-2.4339262550607108E-4
0.3446997810352972,-2.2475677250916073E-4
0.34552849365964455,-2.059352128849976E-4
0.346359009608696,-1.873220930894132E-4
0.3471878798766825,-1.6933733413134576E-4
0.3480182299358237,-1.5312769057702666E-4
0.3488472758624937,-1.3992978441416734E-4
0.34967744485173385,-1.3253007260573027E-4
0.35050668094666565,-1.33494832663366E-4
0.35133665675755743,-1.4133714145377806E-4
0.3521660939437272,-1.2144671051252925E-4
0.352995868174082,-5.58204720692202E-5
0.3538255132963818,-1.2594940376477393E-4
0.3546550814106444,-1.8291517685768634E-4
0.35548493585936486,-2.2706657948001188E-4
0.3563142985488107,-2.597510755935128E-4
0.3571443603931053,-2.821648532834256E-4
0.35797352155920276,-2.955489891552864E-4
0.3588037847145906,-3.0070216785499306E-4
0.35963275219677926,-2.98382350151065E-4
0.3604632055587195,-2.88466176238153E-4
0.3612919920001146,-2.7078653211675335E-4
0.3621226199613614,-2.442194687231099E-4
0.36295124233896664,-2.0770971568254742E-4
0.3637820247261285,-1.5946207391748506E-4
0.36461050437651116,-9.750185711218257E-5
0.3654414163186941,-1.1227727838033896E-5
0.3662697791724583,8.633601878414147E-6
0.3671007918412005,-1.5551199548327546E-5
0.36792906756844995,-1.4552797411107962E-5
0.3687601464882644,-1.7323668996555886E-5
0.36958836999913547,-2.5182053849411174E-5
0.37041947557738075,-3.6523910206535396E-5
0.3712476868393914,-4.972055347784561E-5
0.37207877759318697,-6.356587049490948E-5
0.37290701819903954,-7.697184008115243E-5
0.37373805513103137,-8.944927644027572E-5
0.37456636396645987,-9.990616860065162E-5
0.37539731180804464,-1.072118540401715E-4
0.37622572412888267,-1.073005060828359E-4
0.3770565509449757,-9.475608988880831E-5
0.37788509816266186,-7.124314367313159E-5
0.3787157764927473,-5.772039589254296E-5
0.37954448444581756,-7.087640413543564E-5
0.38037499149631837,-1.0020309648681449E-4
0.3812038829886925,-1.259038831001128E-4
0.3820341991138709,-1.4208368164696615E-4
0.3828632922060887,-1.504305343262083E-4
0.3836934022776102,-1.534764556486434E-4
0.38452271084664913,-1.5361023452468804E-4
0.38535260373143115,-1.5130192065814058E-4
0.3861821366668398,-1.475841459365231E-4
0.387011806003854,-1.4247554138106122E-4
0.3878415671922995,-1.3625889667312222E-4
0.38867101154341366,-1.2899938840300892E-4
0.38950100141890537,-1.2098750797694561E-4
0.39033022256058403,-1.1192192044747636E-4
0.39116043599561484,-1.0210127703784079E-4
0.39198944110341927,-9.14779538582104E-5
0.3928198679027122,-8.000539640082272E-5
0.39364866884726346,-6.773752402137773E-5
0.3944792955794582,-5.4655364230883916E-5
0.3953079074928691,-4.0957792393669486E-5
0.3961387130132799,-2.6560783347617702E-5
0.3969671584381471,-1.1834442599675359E-5
0.3977981196349445,2.9996347491626297E-6
0.3986264228380948,1.7530491314840794E-5
0.39945750849647343,3.0576949510154476E-5
0.4002857013940708,4.141569090700969E-5
0.4011168776232432,4.78079577408383E-5
0.401944995311331,4.7559515756064846E-5
0.40277622213927444,3.819855982291691E-5
0.4036043048248369,4.7906527263996636E-5
0.4044355366319187,1.4573093929818955E-4
0.40526363009512206,-7.429873289811798E-5
0.4060948229968739,-1.2545102540494077E-4
0.4069229709249528,-1.626184936918011E-4
0.40775408437658334,-1.8829664128891681E-4
0.40858232789728344,-2.0503981233339888E-4
0.4094133250880453,-2.1476695432800973E-4
0.41024169991952825,-2.1927447725163612E-4
0.41107254923093506,-2.19523235728261E-4
0.41190108616486687,-2.1596611870700126E-4
0.4127317603514571,-2.0817782590898618E-4
0.41356048582586247,-1.9503978699877996E-4
0.4143909618256086,-1.7474605179833852E-4
0.4152198978013918,-1.4488366542001862E-4
0.41605015695631525,-1.0249232343271817E-4
0.41687932050434395,-4.3725488112827974E-5
0.4177093489059633,5.705698681552545E-5
0.4185387519285306,7.336416822316023E-5
0.41936854059237816,7.720014069975483E-5
0.4201981900016622,8.012211461087104E-5
0.42102773465069104,7.686685544626369E-5
0.4218576327017879,6.882152478462614E-5
0.42268693356705916,5.770584325005488E-5
0.4235170775021461,4.5526129400456154E-5
0.4243461396492649,3.31214998285318E-5
0.42517652126369354,2.1374857468526337E-5
0.4260053549468338,1.1101844136112197E-5
0.4268359604044883,3.247191983254666E-6
0.4276645812346337,-3.017145969612727E-8
0.42849539150092475,3.7616399256613273E-6
0.42932382016147136,1.5076011097697076E-5
0.4301548121794548,2.5398308789578427E-5
0.43098307309867645,2.295913206933913E-5
0.43181421689418775,6.2958486377313715E-6
0.43264234118947936,-1.428168960359203E-5
0.4334736013989882,-3.1398775375801136E-5
0.4343016252875372,-4.228656294243524E-5
0.43513296105061405,-4.8510833305024994E-5
0.43596092611082954,-5.125978712378174E-5
0.43679229079014337,-5.165026257755343E-5
0.43762024418976897,-5.03059219986885E-5
0.43845158872924567,-4.764711207028208E-5
0.4392795791166105,-4.378090776110612E-5
0.4401108573823059,-3.907771193466923E-5
0.4409389309017915,-3.3420571616749216E-5
0.4417701022540675,-2.702180889789815E-5
0.4425983000036599,-1.9851661867951837E-5
0.4434293269895938,-1.2063036335586115E-5
0.4442576842868564,-3.383763518553557E-6
0.44508853554468086,5.825448068038778E-6
0.4459170842104623,1.5851146995724516E-5
0.44674773241142585,2.633565360742388E-5
0.44757649758030815,3.757104092022824E-5
0.44840692039498503,4.898789141336609E-5
0.44923592349997815,6.079875311444389E-5
0.4500661037923423,7.204152130328033E-5
0.450895359366172,8.26506408608242E-5
0.45172528520343763,9.134179743079825E-5
0.45255480447949853,9.702427876159306E-5
0.45338446791435394,9.7432796221046E-5
0.4542142552391507,9.026525346531717E-5
0.45504365477614,8.010184437485337E-5
0.45587370883929385,6.558888197346194E-5
0.4567028482448445,-3.9326542943359925E-5
0.45753316309207065,-8.90968496396133E-5
0.458362050636976,-1.223222597043061E-4
0.4591926151098422,-1.4294108897927317E-4
0.4600212640910442,-1.5460192705467853E-4
0.4608520598173787,-1.601919869421172E-4
0.46168049033652486,-1.6219584232861402E-4
0.46251149367245004,-1.6217681764284884E-4
0.46333973103927395,-1.61071336214382E-4
0.46417091334001137,-1.5869451296672178E-4
0.46499898755253843,-1.5408574925823847E-4
0.46583031382461243,-1.4527285327978442E-4
0.46665826091039925,-1.2953785574546311E-4
0.4674896901086256,-1.033547580976133E-4
0.4683175519082709,-6.227050571807817E-5
0.4691490370830186,2.9538924879799486E-4
0.46997686109253656,9.468775588229478E-5
0.4708083503173494,9.073783402657114E-5
0.4716361887491869,9.948198349128077E-5
0.4724676298422535,1.0151188143027631E-4
0.47329553481359793,9.818018798895674E-5
0.4741268809273893,9.091832870460466E-5
0.4749548989558755,8.192932830900086E-5
0.47578610835906915,7.189134856020005E-5
0.47661428064254696,6.224342315696344E-5
0.4774453165112654,5.3264143076859866E-5
0.4782736792593308,4.617458480015612E-5
0.4791045096184264,4.192488887193605E-5
0.4799330931937265,4.228590864122734E-5
0.4807636921824424,4.770764139854537E-5
0.48159252058360164,5.511033794966542E-5
0.4824228676664247,5.718424848236399E-5
0.4832519608601767,4.9319605307340526E-5
0.4840820396373392,3.467436760974715E-5
0.4849114109976002,1.9413781538491183E-5
0.48574121153195,7.839613238952623E-6
0.48657086882482525,1.4766219888088983E-7
0.48740038642509953,-4.13613892870674E-6
0.48823033134320504,-6.036121685283524E-6
0.4890595671428798,-6.185380609149059E-6
0.4898897954206988,-4.851196267238601E-6
0.49071875638146234,-2.4790944820388324E-6
0.4915492584436353,7.914332499528975E-7
0.49237795647479576,4.888871593004751E-6
0.4932087170500818,9.660088057571416E-6
0.49403716949102344,1.5016762110298404E-5
0.49486816489286295,2.1058066981655507E-5
0.4956963972739933,2.765271689293963E-5
0.49652760083410075,3.4738047406248745E-5
0.49735564122304504,4.245646141396481E-5
0.49818701714002794,5.056353192481424E-5
0.4990149029880097,5.924384834988564E-5
0.49984641101394733,6.803467889166381E-5
0.5006741829398207,7.716634489434022E-5
0.5015057751950847,8.582696292824376E-5
0.5023334824916499,9.417177448456111E-5
0.5031651055956059,1.0087551556480648E-4
0.5039928016029511,1.0561561341856265E-4
0.5048243990020537,1.0596135339832074E-4
0.5056521401161203,1.0052779776096878E-4
0.506483659426289,8.787080937549733E-5
0.5073114985300555,9.411175501822694E-5
0.508142891830581,-6.35851132465084E-6
0.5089708762469407,-6.237494215866007E-5
0.5098021014246708,-9.474518052029725E-5
0.5106302718465194,-1.1259697242358698E-4
0.511461293516002,-1.2058425178039647E-4
0.5122896843625868,-1.226725468516895E-4
0.513120471637061,-1.2190571675031742E-4
0.5139491130501875,-1.204170058432167E-4
0.5147796402606667,-1.1944037564573858E-4
0.5156085557136134,-1.1925620557521175E-4
0.5164388035016636,-1.191927458852325E-4
0.5172680101375754,-1.1763305562045916E-4
0.5180979650580442,-1.1191880248122436E-4
0.5189274738979603,-9.848033906638218E-5
0.5197571283518629,-7.263260788962288E-5
0.5205869442236905,-2.8170678584537282E-5
0.5214162965340167,1.1904166208915259E-4
0.5222464183393132,7.920667619117694E-5
0.523075472504079,9.261237166231202E-5
0.5239058925723779,1.0030198751763274E-4
0.5247346589366255,1.0157332071731048E-4
0.5255653630697955,9.837743777762633E-5
0.5263938581709587,9.267198850736724E-5
0.5272248256705383,8.54703555580572E-5
0.5280530722606046,7.810743109213988E-5
0.5288842758348292,7.094304650399104E-5
0.5297123029698985,6.511396460024874E-5
0.5305437089068632,6.096722265656183E-5
0.5313715518454604,5.9927118404062065E-5
0.532203120632344,6.225686740390434E-5
0.5330308202154267,6.740984666895292E-5
0.5338625040533175,7.11239695142666E-5
0.5346901084576743,6.904172144206167E-5
0.5355218533177739,5.968067466657657E-5
0.5363494177024772,4.7325388306880904E-5
0.5371811633523164,3.6056232647584406E-5
0.5380087481175723,2.7781437188955025E-5
0.5388404360591769,2.2504330840870338E-5
0.5396680994647229,1.963350340782879E-5
0.5404996765654263,1.851305874068689E-5
0.5413274711512359,1.8910966662267254E-5
0.5421588898763317,2.025581938276985E-5
0.5429868625648232,2.2638235534748625E-5
0.5438180820739231,2.561969602320552E-5
0.5446462735155728,2.9329815019965216E-5
0.5454772578446285,3.347257916956773E-5
0.5463057014209051,3.827553804509455E-5
0.5471364208586718,4.334633480704373E-5
0.5479651448638814,4.901637171071701E-5
0.5487955767378333,5.494584249167099E-5
0.5496246028489422,6.136062039377969E-5
0.5504547285872301,6.796347635622203E-5
0.5512840709188462,7.483944426040631E-5
0.5521138808343659,8.171295439991556E-5
0.5529435487017985,8.841934012799013E-5
0.5537730365119923,9.463301510985457E-5
0.5546030310752915,9.97555441055809E-5
0.5554321993369843,1.0296029965090059E-4
0.5562625152075786,1.0309010157317716E-4
0.5570913718365652,9.885387524953898E-5
0.5579219982874725,8.816509553972558E-5
0.5587505568563317,7.412961995222372E-5
0.5595814749558955,1.824148049669614E-4
0.5604097567298779,-3.949582899155324E-5
0.5612409397559189,-7.355962251735486E-5
0.5620689734051065,-9.064892955955774E-5
0.5629003898407087,-9.670184034455534E-5
0.5637282087587125,-9.649150141618038E-5
0.5645598193883237,-9.359671953637601E-5
0.5653874641313033,-9.047593425994827E-5
0.5662192218338464,-8.859991634027786E-5
0.5670467405222727,-8.854808038862525E-5
0.5678785908426565,-9.009114975146095E-5
0.5687060386888555,-9.215341637337821E-5
0.569537920666522,-9.265475655260325E-5
0.5703653591220987,-8.843263602897228E-5
0.5711972087673663,-7.49673740051838E-5
0.5720247019662682,-4.623049940738306E-5
0.5728564599067129,-0.001379808498094037
0.5736840668373924,6.349370357179984E-5
0.5745156802741044,7.79723249386729E-5
0.5753434531227356,9.111116314841385E-5
0.5761748750854825,9.6731211432615E-5
0.5770028600652889,9.748117952779303E-5
0.5778340496441393,9.495606628727156E-5
0.5786622863747611,9.067109647798603E-5
0.5794932090927716,8.550109052608928E-5
0.580321730251529,8.029408708860278E-5
0.5811523583119673,7.570057455891586E-5
0.5819811894622071,7.230508278403453E-5
0.5828115017920453,7.086006420784715E-5
0.5836406615823501,7.170248718686156E-5
0.5844706435541582,7.482434315078547E-5
0.5853001444571934,7.885671107961707E-5
0.5861297873778023,8.027705290339898E-5
0.586959635314767,7.563180600388135E-5
0.5877889369329051,6.620848517637957E-5
0.5886191292236601,5.599547296236255E-5
0.5894480954879662,4.7595962231299015E-5
0.590278622829053,4.174714615119647E-5
0.5911072659967338,3.807810732402254E-5
0.5919381118932769,3.631749888195984E-5
0.5927664511695773,3.592774007652976E-5
0.5935975923578255,3.663215882021982E-5
0.5944256532259317,3.8263797085601525E-5
0.5952570597132364,4.0526124185658784E-5
0.5960848741208761,4.3445270973335053E-5
0.5969165058862059,4.677782962932268E-5
0.5977441156939907,5.064065545848744E-5
0.5985759271483149,5.470366315332818E-5
0.5994033788197852,5.93206243447302E-5
0.6002353177555572,6.398836930546952E-5
0.6010626650205098,6.913696617819206E-5
0.6018946682586369,7.421677129743004E-5
0.6027219742984335,7.965471399880915E-5
0.6035539759252202,8.480600142962516E-5
0.6043813075885633,8.997029119776141E-5
0.6052132415916054,9.439838555652666E-5
0.6060406638398116,9.807496421353459E-5
0.6068724710104104,1.0010113840019523E-4
0.6077000438151744,9.989156371521452E-5
0.6085316704621937,9.619147858216675E-5
0.6093594458173048,8.762730932524162E-5
0.6101908466513837,7.273614497254353E-5
0.6110188683300841,8.088172700562078E-5
0.6118500043236935,-1.8661178100392432E-5
0.6126783107956731,-5.527232658297897E-5
0.6135091482533771,-7.335298706404348E-5
0.6143377711076098,-7.88238105358864E-5
0.6151682839495838,-7.749719635838498E-5
0.6159972460956831,-7.345421900822131E-5
0.6168274161397109,-6.929132651837015E-5
0.6176567330498022,-6.64592368623453E-5
0.6184865486478599,-6.564223589163566E-5
0.6193162296973722,-6.693750531554821E-5
0.6201456853885158,-6.980962083811153E-5
0.6209757322717925,-7.30635581021546E-5
0.6218048300795765,-7.438495944248554E-5
0.6226352366906791,-7.007844840342525E-5
0.6234639860093827,-5.458228733077559E-5
0.6242947385905546,-2.0815185437425343E-5
0.6251231560994018,7.158670438859223E-5
0.6259542334198759,6.174335770294687E-5
0.6267823429419694,7.991970926504313E-5
0.6276137159260783,9.00536006776464E-5
0.6284415487871552,9.476748508671016E-5
0.6292731804826822,9.54902345027756E-5
0.6301007755171709,9.406034262287373E-5
0.630932621188727,9.110375741291601E-5
0.6317600246793961,8.78189930288844E-5
0.6325920319528707,8.448411290178779E-5
0.6334192975429697,8.200225084787369E-5
0.6342514062191384,8.061307965426675E-5
0.6350785948952999,8.097271170412789E-5
0.6359107353228945,8.269923069858845E-5
0.6367379168614191,8.583838165623893E-5
0.6375700184832575,8.920740213208039E-5
0.6383972640126638,8.869516453818462E-5
0.6392292604358435,8.219459626341866E-5
0.6400566356803858,7.335430774785077E-5
0.640888468082412,6.520051550368156E-5
0.6417160311686873,5.9058935432771834E-5
0.6425476474887101,5.4821328316544344E-5
0.6433754492815748,5.25556756788063E-5
0.6442068044166619,5.153158262618661E-5
0.6450348886318317,5.1816540020966455E-5
0.6458659452950332,5.2822586117462036E-5
0.6466943480140163,5.464766331355463E-5
0.6475250752413335,5.693983555965698E-5
0.6483538246122744,5.978581984973955E-5
0.6491841984472895,6.290108514254702E-5
0.6500133147284135,6.642532552440824E-5
0.6508433201130387,7.016014269524725E-5
0.651672817569093,7.410123238356862E-5
0.6525024447428861,7.822946594072503E-5
0.6533323270565081,8.240892731436556E-5
0.6541615756183471,8.665005335135631E-5
0.6549918416184907,9.070170738064078E-5
0.6558207170770347,9.455352480465816E-5
0.6566513544446322,9.780079001862015E-5
0.6574798718505993,1.0029034124971093E-4
0.6583108637631092,1.0142015403451598E-4
0.6591390430866222,1.0070984604983563E-4
0.6599703612303116,9.71596473854184E-5
0.6607982332809215,8.97132540130924E-5
0.661629843055009,7.714246637792048E-5
0.6624574445803388,5.8618783773852345E-5
0.6632893037789763,-0.001016819764669231
0.6641166788537641,-3.7717974294374215E-5
0.6649487358097814,-5.819081114920487E-5
0.6657759373300031,-6.409597832664471E-5
0.6666081308214588,-6.264039065736084E-5
0.667435221061491,-5.8420360599475504E-5
0.6682674841614625,-5.4074929399137496E-5
0.6690945309679965,-5.088959455834822E-5
0.669926788668644,-4.942858289585317E-5
0.6707538671662292,-4.981499897608859E-5
0.6715860460903154,-5.190898927481858E-5
0.672413229429436,-5.5219558230637375E-5
0.6732452643100485,-5.8563223141738704E-5
0.6740726171890625,-5.958288591222762E-5
0.6749044500007374,-5.389099967177409E-5
0.6757320294902992,-3.431830083603972E-5
0.6765636095167525,-1.0468787352633255E-4
0.6773914650292855,4.751896055645939E-5
0.6782227488531397,7.09464943239166E-5
0.6790509219909967,8.54289770337429E-5
0.679881873833915,9.367218582732568E-5
0.6807103981368042,9.758083592927056E-5
0.6815409898437574,9.87264493757383E-5
0.6823698908005845,9.801827659887932E-5
0.68320010193735,9.645290290030272E-5
0.6840293968717115,9.451577637308565E-5
0.6848592147841773,9.291074769697339E-5
0.6856889129297541,9.19868014786794E-5
0.6865183326277028,9.218174101231748E-5
0.6873484355235944,9.336894227729367E-5
0.6881774593124338,9.525069215270456E-5
0.6890079605717553,9.879835611604624E-5
0.6898365988554933,1.0175379728517905E-4
0.6906674814891147,9.852854840325197E-5
0.6914957541402967,9.1056503345139E-5
0.6923269942735248,8.347002180393371E-5
0.6931549281678618,7.720519935076135E-5
0.6939864931075536,7.269419357230112E-5
0.6948141233719067,6.994731563669693E-5
0.6956459724185222,6.852802815233076E-5
0.6964733417385057,6.84229247830542E-5
0.6973054259611776,6.904020971615285E-5
0.6981325849437714,7.056610296856834E-5
0.6989648442776601,7.245358011801125E-5
0.6997918545421613,7.498332573672833E-5
0.7006242209158754,7.766087476510571E-5
0.7014511509266876,8.08414666282108E-5
0.7022835497397737,8.401862828216732E-5
0.7031104746502492,8.755529020940696E-5
0.7039428273975907,9.102359375395876E-5
0.7047698263535854,9.465800945790114E-5
0.7056020591458616,9.811717330999928E-5
0.7064292045135457,1.0148344682485899E-4
0.7072612543609076,1.0445927222780689E-4
0.7080886096562607,1.0695433722321466E-4
0.7089204178500912,1.0861653774979286E-4
0.7097480395296809,1.0915443203203308E-4
0.7105795584079287,1.0792668591741763E-4
0.7114074924971966,1.044304516176621E-4
0.7122386802090852,9.777863203254506E-5
0.7130669675618259,8.722823638990079E-5
0.7138977899076859,7.104417626837025E-5
0.7147264610481671,3.405093779848964E-5
0.7155568935050844,-1.869150203187318E-5
0.7163859694775594,-4.338737236187534E-5
0.7172159955245716,-5.0415071301736194E-5
0.7180454911223493,-4.97183576841152E-5
0.718875100420432,-4.634475660365469E-5
0.7197050215017267,-4.274851043072135E-5
0.7205342129736032,-3.990710520054524E-5
0.7213645556887703,-3.8272504124301246E-5
0.7221933371660675,-3.795351921690688E-5
0.7230240887895527,-3.8932929247018206E-5
0.7238524764675247,-4.096849260005058E-5
0.7246836157456942,-4.365535290937977E-5
0.7255116339740562,-4.60745875808144E-5
0.7263431311797062,-4.5888865593196524E-5
0.7271708124542619,-3.796933669291714E-5
0.7280026289280188,3.0132496612879715E-7
0.7288300142897478,3.096462124518793E-5
0.729662101901129,6.597211800416786E-5
0.7304892414172888,8.457860729171225E-5
0.731321543317975,9.604436195645038E-5
0.7321484953855742,1.0290480343670633E-4
0.7329809456464214,1.0640460022065324E-4
0.7338077773391113,1.0777973407982928E-4
0.7346403001927729,1.077474345333695E-4
0.7354670879250915,1.0712963479540984E-4
0.7362996003172732,1.0631611136237504E-4
0.737126427260531,1.0593121801838756E-4
0.7379588502389854,1.061718404303792E-4
0.7387857950528752,1.0725096006001623E-4
0.7396180574775156,1.0841405014446091E-4
0.7404451907803477,1.103822723452968E-4
0.741277228987027,1.1556022682342468E-4
0.7421046141000643,1.1641783824445178E-4
0.7429363717974745,1.10319078602793E-4
0.7437640622126964,1.0344463438542586E-4
0.7445954926311424,9.724813472396414E-5
0.7454235335661185,9.269982334072076E-5
0.7462545979344788,8.959191188445272E-5
0.7470830258372473,8.80431451177311E-5
0.747913694075915,8.761525536139699E-5
0.748742536687674,8.817641789074952E-5
0.7495727863698902,8.94978064617062E-5
0.7504020624744847,9.138650578688177E-5
0.7512318794839252,9.377229933402348E-5
0.7520615979049966,9.647993412775663E-5
0.7528909780812975,9.952522261746773E-5
0.7537211402048257,1.026993593463868E-4
0.7545500873546438,1.061000654112727E-4
0.7553806851712699,1.0949019521910408E-4
0.7562092103353065,1.129350805137513E-4
0.7570402248642104,1.1622886326402843E-4
0.757868351114075,1.1934329198987191E-4
0.7586997570805516,1.2207732586004557E-4
0.7595275124108597,1.242734620333945E-4
0.7603592721650878,1.256865304984906E-4
0.7611866970917185,1.2596010731941236E-4
0.7620187655854422,1.2474402254510663E-4
0.762845907339176,1.2150238538689297E-4
0.7636782303995594,1.1564987930623915E-4
0.7645051449307012,1.0658289271500708E-4
0.7653376559644136,9.352805024603267E-5
0.7661644110424901,7.273811706797397E-5
0.7669970368332967,0.0010226046675757714
0.7678237069867584,-2.7914231879380654E-5
0.7686563643839789,-3.622118140073671E-5
0.7694830331137803,-3.7069964542706516E-5
0.7703156350855785,-3.5731563615247695E-5
0.7711423890735376,-3.381080796461856E-5
0.7719748579723769,-3.1850757707597445E-5
0.7728017744168809,-3.031161674687086E-5
0.7736340397989653,-2.965631907251708E-5
0.7744611886978158,-2.9988373719718148E-5
0.7752931881199109,-3.099587455798401E-5
0.7761206304016215,-3.214373744812147E-5
0.7769523103954318,-3.305307278594749E-5
0.777780097569818,-3.3365221276319096E-5
0.7786114134775216,-3.141781397244122E-5
0.77943958781923,-2.087454557867658E-5
0.7802705037244959,4.924794872682667E-5
0.7810990984043552,6.751935765224373E-5
0.7819295870361148,8.993715986545222E-5
0.7827586259831197,1.0417888326387968E-4
0.7835886690402383,1.1338970069066376E-4
0.7844181667149699,1.189028934257297E-4
0.7852477548545698,1.2186983000956902E-4
0.7860777163502852,1.2310286865042786E-4
0.786906849161822,1.2329066788715435E-4
0.787737270271032,1.2301904384776392E-4
0.7885659562037237,1.2273757023327562E-4
0.7893968236715402,1.2286758667252512E-4
0.7902250798480934,1.2356312008898155E-4
0.7910563703409396,1.2448742328982458E-4
0.7918842237412761,1.2456160908656434E-4
0.7927159028879183,1.2864984576733537E-4
0.7935433907176135,1.3430984250770178E-4
0.7943754152674036,1.298157712156072E-4
0.7952025833320275,1.2334382613086816E-4
0.7960349010955738,1.1732707527392605E-4
0.7968618036300795,1.1270896671837997E-4
0.7976943526349193,1.0938530152154887E-4
0.7985210531893316,1.0777838976114516E-4
0.7993537612713929,1.0724482856574305E-4
0.8001803332163001,1.080104817126556E-4
0.8010131162213009,1.0946157986493424E-4
0.8018396447333466,1.1178797970189438E-4
0.8026724128156163,1.1455027611715024E-4
0.8034989875662398,1.1789992882688745E-4
0.8043316538585092,1.2151579287362552E-4
0.8051583611524795,1.255030182468147E-4
0.8059908486623728,1.296387323503842E-4
0.8068177659050949,1.3394331228994805E-4
0.80765000612174,1.3824659202570837E-4
0.8084771991735534,1.4253058938744836E-4
0.8093091315766731,1.465724773546034E-4
0.8101366606983476,1.503372095080301E-4
0.8109682348643119,1.5348768880557882E-4
0.8117961465591989,1.5597886979617408E-4
0.8126273208014114,1.5729829001308177E-4
0.8134556562832675,1.57354912077869E-4
0.8142863967031139,1.5544584656091527E-4
0.8151151842389053,1.513808370147448E-4
0.8159454691773448,1.4433303474143273E-4
0.8167747283495562,1.3431451809786622E-4
0.8176045424066167,1.209616901650619E-4
0.8184342847113161,1.4111796326784294E-4
0.8192636223025361,-1.1285216059491532E-5
0.8200938473243957,-1.9259492603809323E-5
0.8209227138625347,-2.2681210501939483E-5
0.8217534105033455,-2.5283227799286424E-5
0.8225818207998992,-2.624551867325805E-5
0.8234129704930583,-2.546119193442619E-5
0.8242409469115991,-2.39821468725378E-5
0.8250725203705878,-2.2987536565943493E-5
0.8259000957067854,-2.304073933711191E-5
0.8267320528780788,-2.3939608342885644E-5
0.8275592700559067,-2.4737848575880394E-5
0.8283915605752304,-2.412462703852701E-5
0.8292184723206987,-2.1488437628939745E-5
0.8300510356672071,-1.8026180300755998E-5
0.8308777044022329,-1.4552509391532584E-5
0.831710469852284,-4.0400686683230944E-7
0.8325369677384495,8.91613651325111E-5
0.8333698538054776,1.1234869759476696E-4
0.83419626328285,1.2742806664987422E-4
0.8350291782385229,1.3721499747556482E-4
0.8358555914984386,1.431256126218718E-4
0.8366884428331975,1.4603358222535533E-4
0.8375149523272009,1.469442993136349E-4
0.8383476550834398,1.463386656202445E-4
0.8391743451878257,1.4503764961327066E-4
0.8400068236154621,1.4329569084297515E-4
0.8408337690276405,1.4181967367878242E-4
0.8416659564858361,1.405959527088653E-4
0.8424932224528331,1.3985373293137112E-4
0.8433250610953148,1.3842498163324827E-4
0.8441527039388602,1.3631034131559496E-4
0.8449841450700827,1.439805304552591E-4
0.8458122098148292,1.427273212469547E-4
0.8466432152882799,1.3505577996827893E-4
0.8474717374497538,1.283484345591222E-4
0.8483022785237863,1.2278628733660072E-4
0.8491312834091587,1.1874170108907363E-4
0.849961340824717,1.1640820450886045E-4
0.8507908441013706,1.155666917958245E-4
0.8516204076115651,1.1621102184594593E-4
0.8524504144754433,1.1797343515934252E-4
0.8532794837031411,1.2087237046325615E-4
0.8541099879637514,1.2462928041289417E-4
0.8549385735664543,1.2927138998027467E-4
0.8557695597997308,1.3461658205584487E-4
0.8565976821000469,1.406685679106187E-4
0.8574291258226999,1.473094347094295E-4
0.8582568125981258,1.544985912813788E-4
0.8590886752116513,1.6215152928174316E-4
0.8599159681147276,1.7016439894502311E-4
0.8607482043718908,1.7842076604136306E-4
0.8615751516175437,1.8679416800270645E-4
0.8624077019071801,1.950450295188669E-4
0.8632343652691893,2.0303023354179597E-4
0.8640671634925726,2.1031909908530131E-4
0.8648936107478646,2.1678981567219084E-4
0.8657265749049315,2.217253169203932E-4
0.8665528892010375,2.2508332757534773E-4
0.8673859318788231,2.2606340614123708E-4
0.8682122017811014,2.249638386523277E-4
0.8690452231647233,2.2160754069587918E-4
0.8698715481445074,2.2527460940477493E-4
0.870704456908343,1.491737727246784E-5
0.8715309279250492,5.681133060870335E-6
0.8723636400073984,-3.0554219051999258E-6
0.8731903410883673,-1.361953219611112E-5
0.8740227814828389,-1.8730421855466668E-5
0.8748497858995983,-1.8819745000184143E-5
0.8756818904519135,-1.711520545966907E-5
0.8765092601605502,-1.5682795254602893E-5
0.8773409748831995,-1.53543409038989E-5
0.8781687613513953,-1.6121260000097593E-5
0.8790000419679004,-1.762343992811752E-5
0.8798282867496098,-1.8288021033818874E-5
0.8806590982456116,-1.5222973465054589E-5
0.8814878331422802,-5.9512725095016165E-6
0.882318150269099,5.205478188683058E-6
0.8831473963923302,6.657478912971846E-6
0.883977204138132,2.5549712812174903E-4
0.8848069718485438,1.977914788783361E-4
0.8856362654060995,2.0482470657472298E-4
0.886466554398458,2.0777134409137832E-4
0.8872953391111819,2.0694162841799227E-4
0.8881261384191527,2.0320315325952516E-4
0.888954429799644,1.9725633420437057E-4
0.8897857178746624,1.8975474098194013E-4
0.8906135415416819,1.8136113835234125E-4
0.8914452858568269,1.7250943559614214E-4
0.8922726780112274,1.6385867680720218E-4
0.8931048342919723,1.55535331002211E-4
0.8939318422305426,1.479521293295672E-4
0.8947643551144715,1.4039284803456895E-4
0.8955910366597843,1.3079074187750394E-4
0.8964238403186272,1.3193115445913554E-4
0.8972502634538388,1.314893765038065E-4
0.8980832817337351,1.1792846317473178E-4
0.898909523971452,1.0736323443391764E-4
0.8997426695589308,9.8187735636433E-5
0.9005688192249517,9.106107038873E-5
0.9014019920371444,8.582014546369971E-5
0.9022281497583715,8.269105672297794E-5
0.903061250161613,8.128648655242065E-5
0.903887515848417,8.157659938434812E-5
0.9047204523877621,8.326947683452197E-5
0.9055469165115619,8.635295676644448E-5
0.9063796069777696,9.063915609581921E-5
0.9072063500768514,9.6219122795507E-5
0.9080387227212618,1.0294863503596198E-4
0.9088658156108147,1.1102367486208436E-4
0.9096978102397802,1.2031668498522348E-4
0.9105253114085952,1.3114547878184484E-4
0.9113568748783173,1.433805537158476E-4
0.912184832655726,1.574684917546956E-4
0.9130159259716386,1.7333047530016858E-4
0.9138443786790156,1.91532371330308E-4
0.914674968792335,2.1215555257024122E-4
0.9155039429561632,2.359292322864228E-4
0.9163340116707346,2.632760348619379E-4
0.9171635227948562,2.9526738781188107E-4
0.9179930586244605,3.3303783712645106E-4
0.9188231132156331,3.78482481402852E-4
0.9196521165341021,4.3432852553878734E-4
0.9204827061649937,5.046060409273494E-4
0.9213111900674309,5.96866747631239E-4
0.9221422984056451,7.781061912391047E-4
0.922970283146597,6.566561262720147E-5
0.923801882666184,3.3673859142296566E-5
0.9246294001992571,8.312159126873156E-6
0.925461450137211,2.627352002895719E-6
0.9262885446721415,5.044556675340771E-6
0.9271209924882963,8.263591429030631E-6
0.9279477192666262,1.039930164210571E-5
0.9287805031323231,1.1195082204974787E-5
0.9296069263858177,1.0886227319451938E-5
0.9304399726803524,9.301844799196018E-6
0.9312661679245523,6.57896822779084E-6
0.9320993909879537,3.7167009411037254E-6
0.932925445162013,6.023179324226219E-6
0.9337587475264109,2.475559629067121E-5
0.9345847588162819,6.0323487214204716E-5
0.9354180344539421,0.001583631932850851
0.9362441090678942,6.098408069214471E-4
0.9370772584341457,5.11591472458064E-4
0.9379034955379005,4.36452807624492E-4
0.9387364293214528,3.7569746150961257E-4
0.9395629172746095,3.259148189683886E-4
0.9403955564879067,2.8402115318367237E-4
0.9412223727787982,2.485513131386542E-4
0.942054648795976,2.1784912763434268E-4
0.9428818600362252,1.9134723986261246E-4
0.943713714545515,1.6812096959673603E-4
0.9445413766134306,1.4789847338982816E-4
0.9453727614279646,1.2999881998217218E-4
0.9462009196743527,1.1372410022100765E-4
0.9470317971880798,9.756182349239246E-5
0.9478604844657599,7.717249188439838E-5
0.9486908292120417,-1.5979113967583062E-5
0.9495200660181945,-1.65592513266386E-5
0.9503498636403246,-1.6476837924897283E-5
0.9511796613082084,-1.640132514447106E-5
0.9520089064261114,-1.633536110421379E-5
0.9528392646021647,-1.628156946646224E-5
0.9536679628698758,-1.6242907855469323E-5
0.9544988689278026,-1.621754912377805E-5
0.9553270376778197,-1.620448904579292E-5
0.9561584666356465,-1.6201216427871548E-5
0.9569861350937213,-1.6206257664923706E-5
0.9578180510440074,-1.6217538440053158E-5
0.9586452594020363,-1.6234274541408193E-5
0.9594776162634441,-1.6254082494420797E-5
0.9603044136680564,-1.6277233353007975E-5
0.9611371519395479,-1.630017393727527E-5
0.9619636004935539,-1.63242692206688E-5
0.9627966470107704,-1.634411330626067E-5
0.9636228220762395,-1.6361823724046104E-5
0.9644560968834576,-1.6369729661722135E-5
0.9652820801752726,-1.6369756510059426E-5
0.9661154850911857,-1.6351543265148812E-5
0.9669413753939141,-1.63152571667463E-5
0.9677748062599503,-1.6247298542968316E-5
0.9686007089801321,-1.6143741366256845E-5
0.9694340565455433,-1.5986285896971857E-5
0.9702600797286225,-1.5764136266051526E-5
0.971093248290775,-1.5452170881359874E-5
0.9719194879490126,-1.503047880297856E-5
0.9727523883952988,-1.446799851615894E-5
0.9735789322880062,-1.3807930018657001E-5
0.974411488432552,-1.72141353718346E-5
0.9752384101769022,-1.786928000603698E-5
0.9760705581539433,-1.7601160193978077E-5
0.9768979190496273,-1.722192118595094E-5
0.9777296039900751,-1.6886675991757248E-5
0.9785574575418243,-1.6634236057559507E-5
0.9793886345771043,-1.6463811061581115E-5
0.9802170203200793,-1.6369436140841238E-5
0.9810476574847413,-1.6346854729112193E-5
0.9818766048418789,-1.639649078960628E-5
0.9827066800119522,-1.651975206919729E-5
0.9835362033243575,-1.672304851179259E-5
0.9843657082963718,-1.7007819285303704E-5
0.9851958138495015,-1.734755873898421E-5
0.9860247480863215,-1.7616359128736205E-5
0.9868554279236443,-1.737774348589225E-5
0.9876838044123596,-1.3603972145625366E-5
0.9885150359426169,-1.429017924874253E-5
0.989342884606381,-1.4920579211331576E-5
0.9901746507800333,-1.5380338731908887E-5
0.9910019809977968,-1.5713695118211425E-5
0.9918342014292182,-1.5949062106445725E-5
0.9926611375930227,-1.6115804241399115E-5
0.9934938383656973,-1.6228295277921052E-5
0.9943202408415266,-1.6306932539806517E-5
0.9951531945714561,-1.635848708108275E-5
0.9959796011486978,-1.6397572819441524E-5
0.9968129904710152,-1.6425906927610037E-5
0.997638421308317,-1.6450859357831477E-5
0.9984719663223308,-1.6464158813075856E-5
0.9992989397698221,-1.6456941357921795E-5
1.0001295045045047,-3.4421217718923186E-6
