0.19694256756756762,0.0010572873175187629
0.19777209331794215,-8.098710936394124E-4
0.19860207692763632,-0.001598731871731185
0.1994313242015453,-0.0019682276861961814
0.20026132688930076,-0.002152488921801302
0.20109081659704847,-0.0022400583113274114
0.20192042135135235,-0.0022684880508328847
0.20275030684776843,-0.002257409567905755
0.2035796222256874,-0.0022184572139805413
0.20440976767348185,-0.002160130026326525
0.20523886038236616,-0.002089030158505395
0.20606913849319627,-0.002009621974222796
0.20689819319430697,-0.0019262126606997534
0.20772836365537098,-0.001840930321575444
0.20855760554566066,-0.0017564747334887717
0.20938751343746123,-0.0016738382029572103
0.21021708025804606,-0.0015943653802972298
0.21104665353760876,-0.0015187828675118445
0.21187657820437983,-0.0014472097367089825
0.2127058344845295,-0.0013806083622466302
0.21353604098434095,-0.0013180709374479025
0.21436508967979778,-0.0012609131077567853
0.21519538926362122,-0.0012075918282039514
0.21602443370628135,-0.001159497056773847
0.21685459548696334,-0.0011150708830613776
0.2176838614257868,-0.001075240886509244
0.2185137323767861,-0.001039097201331505
0.21934334940448927,-0.0010066304731179928
0.220172868295172,-9.780120794108708E-4
0.22100285385008822,-9.520621053309211E-4
0.2218320532103713,-9.301578373855728E-4
0.22266231038896725,-9.100150185974704E-4
0.22349131877105893,-8.939956271725495E-4
0.22432163739268704,-8.791249040553905E-4
0.22515067704081668,-8.681532201659683E-4
0.22598082361295518,-8.581306275675293E-4
0.22681012049827678,-8.514341316410929E-4
0.22763994926434267,-8.458456860396214E-4
0.22846962154348813,-8.427984769563113E-4
0.22929908254738607,-8.412071153173998E-4
0.2301291309380756,-8.413216869205848E-4
0.23095827276675193,-8.432350520962233E-4
0.23178857917207626,-8.461232483695382E-4
0.2326175498656874,-8.50922716826525E-4
0.23344788166852148,-8.562199398053365E-4
0.23427692344420684,-8.630625148655209E-4
0.2351070486130055,-8.702017159295277E-4
0.23593638244867024,-8.779599913258527E-4
0.23676616403511214,-8.858705843188523E-4
0.23759589561646507,-8.929471433643917E-4
0.2384252960982088,-8.996910367508719E-4
0.23925540831958506,-9.035420821927956E-4
0.24008449301931367,-9.056824118669064E-4
0.2409148449953404,-9.019781372813736E-4
0.24174378289089532,-8.93445937657698E-4
0.24257412204354778,-8.745665484976944E-4
0.24340317273804737,-8.446863977840766E-4
0.2442332705398268,-7.969398454021695E-4
0.24506264773826753,-7.269351739894118E-4
0.24589237698802,-6.249397927433783E-4
0.24672217166736377,-4.7446638086522146E-4
0.24755150932353975,-2.200240544551277E-4
0.24838168573991093,2.8531427850268673E-4
0.24921071447695292,5.54933563967502E-4
0.2500411074431136,1.916620866322585E-4
0.2508700183338315,-1.8662318495965053E-4
0.2517003585384891,-4.5322283500578677E-4
0.25252942494595193,-6.269189264917655E-4
0.2533594895024306,-7.323008153963939E-4
0.2541889161363262,-7.913147514723021E-4
0.25501858839190467,-8.1655105638296E-4
0.2558484504136126,-8.180984192409827E-4
0.25667772243379355,-8.02916963277966E-4
0.2575079629600684,-7.75714600832054E-4
0.25833693725111573,-7.414190714169011E-4
0.2591673667946456,-7.018266676005303E-4
0.25999625605649057,-6.605757487036781E-4
0.2608265911223961,-6.180534357867886E-4
0.2616556802430668,-5.765840684729723E-4
0.2624857057030859,-5.363116585142822E-4
0.2633151868153451,-4.981651802023492E-4
0.26414479855441897,-4.627014792384726E-4
0.26497473051686055,-4.295594894776757E-4
0.26580393578417644,-3.9991720314274596E-4
0.2666342400661242,-3.724042043766434E-4
0.2674631618204498,-3.4870735694603465E-4
0.26829362148444674,-3.268910870940319E-4
0.26912249678126726,-3.087686962811124E-4
0.26995281985151837,-2.9242183379018323E-4
0.2707819388935189,-2.792856102795406E-4
0.2716119192694888,-2.6798787980857736E-4
0.2724414611878091,-2.592466328181984E-4
0.2732710075553585,-2.524880623930095E-4
0.2741010121778663,-2.4762346163847363E-4
0.2749301499034738,-2.448780481825522E-4
0.27576051581125427,-2.4346698138645823E-4
0.2765893880220198,-2.442208677040789E-4
0.2774198715804575,-2.45946481719788E-4
0.2782487407232708,-2.4970069646017626E-4
0.27907904477524587,-2.5430706411867186E-4
0.27990820119349896,-2.606100309158929E-4
0.28073813044552437,-2.6782833957510936E-4
0.2815677378902068,-2.7631370196059093E-4
0.2823972157091546,-2.858403395554813E-4
0.28322729470583,-2.961839602389462E-4
0.2840563645487394,-3.07643955050794E-4
0.28488678933219547,-3.194937713956052E-4
0.2857156168909506,-3.3235976605842157E-4
0.28654611686513604,-3.4522942222993587E-4
0.28737498763823544,-3.586824529497783E-4
0.2882052661043496,-3.7172777298399135E-4
0.28903446655595555,-3.8446493871876206E-4
0.2898643394300422,-3.9613009609434745E-4
0.2906940173249139,-4.0599926170332577E-4
0.2915234233823371,-4.134830649241654E-4
0.2923535782451052,-4.1676005135738196E-4
0.2931825803936323,-4.150724519333481E-4
0.2940130604469424,-4.051938656235399E-4
0.29484184794197793,-3.854667499803707E-4
0.29567235758512833,-3.507429613318488E-4
0.2965012377960537,-2.96956418790675E-4
0.2973314839447867,-2.1496523767693078E-4
0.2981607350641812,-9.16978202416123E-5
0.29899054645928763,9.769585624673238E-5
0.2998202994768668,3.560499003604687E-4
0.300649630952875,5.498463053932092E-4
0.3014798622609132,4.944400542235169E-4
0.3023087977859719,2.656138272157971E-4
0.30313932861942555,2.7416234705383814E-5
0.3039680817869163,-1.5638079943005462E-4
0.3047985937145505,-2.8151043884328274E-4
0.30562749133394734,-3.6021219400850257E-4
0.30645769847375265,-4.040102188498531E-4
0.30728700745738163,-4.226920627179944E-4
0.30811675182468173,-4.2320326008450225E-4
0.3089465835193347,-4.10860263820412E-4
0.30977583847056006,-3.899654441737741E-4
0.31060614614469956,-3.632041734955871E-4
0.31143501656959466,-3.3348958612875547E-4
0.31226559275166055,-3.019077854882734E-4
0.31309431861610804,-2.704909848285198E-4
0.313924825207368,-2.3947044851400977E-4
0.31475374814532875,-2.1014876162094395E-4
0.31558390978799894,-1.8248594485636668E-4
0.3164132824340888,-1.5709978826956102E-4
0.3172429557771429,-1.340398507413165E-4
0.318072870021427,-1.1330917254534404E-4
0.3189020463514577,-9.520466254247634E-5
0.3197324291142561,-7.92316294617268E-5
0.320561237463619,-6.594328323945555E-5
0.3213918518443932,-5.452171889801944E-5
0.3222205583790305,-4.565633798208373E-5
0.32305105211722307,-3.844441533086187E-5
0.32388000912845255,-3.3505635020844616E-5
0.3247101182283171,-3.0095145858643674E-5
0.32553956134987805,-2.8598976558077262E-5
0.3263691586382117,-2.856866923284441E-5
0.3271991573360708,-3.00889637331966E-5
0.3280282548160184,-3.303855702574338E-5
0.32885871145670126,-3.721915830121972E-5
0.329687460824271,-4.2779116019390084E-5
0.330518105461149,-4.9336038717185E-5
0.3313468013460317,-5.715953493750637E-5
0.3321772748789072,-6.585550723856158E-5
0.33300627306703556,-7.561575403627885E-5
0.3338363240048642,-8.620721668707212E-5
0.3346658426575082,-9.759645170944797E-5
0.33549536060525426,-1.0979233281760516E-4
0.3363254465327916,-1.2247182796973195E-4
0.33715446433403634,-1.3587150248603753E-4
0.3379849909409693,-1.4938106183731752E-4
0.3388136862331678,-1.6336052585199024E-4
0.339644353603781,-1.7697063206829414E-4
0.3404730478920568,-1.9048474754888885E-4
0.3413034933143196,-2.0292285787063758E-4
0.3421325411705671,-2.141825689671898E-4
0.34296252731956367,-2.2315987633859648E-4
0.34379212730218517,-2.290641771891052E-4
0.3446215620968491,-2.304901095113045E-4
0.34545173659758016,-2.2558083558788772E-4
0.3462806751729216,-2.1217318800446062E-4
0.3471112683670413,-1.8674907424669104E-4
0.3479399146316351,-1.453721741796407E-4
0.34877059604659055,-8.135042461837716E-5
0.3495992985192816,1.3929271180437492E-5
0.3504297076398441,1.5124231798369176E-4
0.3512588130488568,3.2457288967413045E-4
0.35208872848744827,4.747985424486563E-4
0.3529184147984693,5.047252230852091E-4
0.35374776339001474,3.9326299402736277E-4
0.3545780274641574,2.162878854541575E-4
0.3554068876432227,4.81739577564634E-5
0.35623754289509957,-8.107426792948173E-5
0.3570661461658029,-1.6975475314061881E-4
0.35789683315420795,-2.246728960048806E-4
0.35872555262391526,-2.5410119331993776E-4
0.35955591834234646,-2.645943701304331E-4
0.3603850886614768,-2.61589974409951E-4
0.36121492778024,-2.491329777825297E-4
0.36204470428760827,-2.302776869449825E-4
0.3628739648207973,-2.0757872308805087E-4
0.36370431818894744,-1.825535460381811E-4
0.3645331020299881,-1.569097789363435E-4
0.3653638123995689,-1.3119853766235248E-4
0.3661923808493083,-1.0660573037872503E-4
0.3670230646682876,-8.314488391526325E-5
0.3678518101564853,-6.160465123996911E-5
0.36868212529714167,-4.179503829980515E-5
0.36951136797505496,-2.4149439053875188E-5
0.3703411255360332,-8.490672720512405E-6
0.37117099634734707,5.063000478100773E-6
0.37200016668542407,1.6571956994823723E-5
0.37283060800339185,2.6175684288207887E-5
0.3736593186966388,3.379468840731713E-5
0.37449007782000376,3.9744420694540894E-5
0.3753186187664403,4.385212800100908E-5
0.3761492912308689,4.64943243072485E-5
0.376978072106697,4.7503812762735066E-5
0.3778083290587692,4.7193728805725886E-5
0.37863765024007906,4.549169845207794E-5
0.3794673220505674,4.256879910045291E-5
0.38029729089982006,3.849034985206608E-5
0.3811263693349755,3.326369608546231E-5
0.3819568960585463,2.7090445171641737E-5
0.3827855375382556,1.9839841318464905E-5
0.38361633682926954,1.1806639130875823E-5
0.384444860625572,2.797189140681321E-6
0.3852755124376194,-6.884642535639465E-6
0.3861043384189404,-1.738246707454084E-5
0.38693452964369207,-2.847551317117255E-5
0.38776393657905595,-4.016092395786912E-5
0.38859351765762495,-5.2344205552873665E-5
0.38942358614701933,-6.481831306688406E-5
0.39025257310392497,-7.759761761587429E-5
0.3910831831428094,-9.02407351363347E-5
0.39191175946422036,-1.027897018608557E-4
0.3927425893627135,-1.1455349638856781E-4
0.3935711063612337,-1.2543578588653062E-4
0.39440172886485336,-1.344720980784717E-4
0.39523060857205145,-1.4116637455719006E-4
0.3960607275431149,-1.44172486369933E-4
0.39689022591303535,-1.4224117520580045E-4
0.3977197126952075,-1.333310435012034E-4
0.3985498826503933,-1.1490965973830283E-4
0.3993787782898108,-8.354722715627273E-5
0.40020946729865936,-3.4431096407434685E-5
0.4010379842378016,3.84414631424351E-5
0.4018688353599365,1.4101884562163285E-4
0.40269735604818496,2.6920557393351037E-4
0.4035279407050893,3.917446336719409E-4
0.40435688274807724,4.503056614587554E-4
0.405186923080706,4.085025531091604E-4
0.40601651835883357,2.9067299789566656E-4
0.4068459074820493,1.511701941727419E-4
0.40767618010123646,2.87447202409625E-5
0.40850498524749523,-6.30180527796099E-5
0.4093357486337311,-1.2449573930291597E-4
0.41016421265582786,-1.612957671285371E-4
0.41099507496752474,-1.790184976372319E-4
0.41182360986062216,-1.8293681894332694E-4
0.412654148252468,-1.7681835753162608E-4
0.4134831606293188,-1.6393606685439243E-4
0.41431311635612583,-1.4654775676087317E-4
0.41514281333336994,-1.265022242789172E-4
0.41597210241826005,-1.0517912802401656E-4
0.41680247723571273,-8.34920913990673E-5
0.4176311944819684,-6.232726645675299E-5
0.41846202504682484,-4.20052464856696E-5
0.4192904442816747,-2.312174720238115E-5
0.42012130787194824,-5.662521169850993E-6
0.42094986775524684,9.988924064664871E-6
0.42178035164851796,2.3977997683175635E-5
0.4226094430265617,3.61116178903121E-5
0.4234393079353856,4.653113972223108E-5
0.4242691112169601,5.521417957971059E-5
0.42509829785434267,6.223251493782634E-5
0.4259287737759777,6.770363658044967E-5
0.426757405834068,7.161369751179324E-5
0.4275882971874412,7.41755716698485E-5
0.42841667993357996,7.531473818033518E-5
0.4292475350279966,7.52744486880314E-5
0.43007613040127596,7.3979818125375E-5
0.43090655101364506,7.162853415050073E-5
0.4317357290173689,6.820468684395735E-5
0.43256549813942496,6.380959964606079E-5
0.43339541065559023,5.851685208908768E-5
0.4342244941474852,5.2317562987940013E-5
0.4350550703817874,4.537803580875056E-5
0.43588362024611005,3.7594634470133895E-5
0.4367145631508582,2.920540589439832E-5
0.4375429196034878,2.005995854423963E-5
0.4383737562480758,1.042095627066043E-5
0.4392023972194712,1.6974886066823026E-7
0.4400327470612932,-1.0461047166130699E-5
0.4408620193529066,-2.1481714013966384E-5
0.4416916871982153,-3.2710476536758205E-5
0.44252171282752367,-4.3991079187495136E-5
0.44335069165394136,-5.516357486714237E-5
0.4441813646230651,-6.585243929988009E-5
0.4450098374886756,-7.583375725702594E-5
0.4458408218743232,-8.444713490521779E-5
0.4466691632859016,-9.123388467062121E-5
0.4474999718998659,-9.514200115360051E-5
0.44832866856699427,-9.518828619155252E-5
0.44915893991536343,-8.970445022023983E-5
0.4499883130039495,-7.67371223081466E-5
0.45081787561250897,-5.3517286965509064E-5
0.451648015847192,-1.643432524608949E-5
0.45247689065400504,3.8928216677129625E-5
0.4533076558941731,1.1671102410552435E-4
0.4541360579406928,2.151369419850746E-4
0.4549670730583145,3.1670100716980166E-4
0.45579541154977626,3.8390166796786935E-4
0.4566261822936785,3.822446398804304E-4
0.4574549446254661,3.1154013893339904E-4
0.4582851300871304,2.0422523642624245E-4
0.45911461006655035,9.579619301658719E-5
0.45994406373329694,6.561211471189423E-6
0.4607743198265859,-5.7815375742064295E-5
0.46160309155001067,-9.942656932375193E-5
0.4624339444451894,-1.2255121446571647E-4
0.46326228239855316,-1.3182446559912976E-4
0.46409331696226347,-1.3084150577589215E-4
0.46492166419746606,-1.2280026680045874E-4
0.46575238719972484,-1.0985912928885955E-4
0.46658122440349004,-9.394292885373383E-5
0.4674113176225553,-7.630034403717394E-5
0.46824091020906705,-5.799417981715014E-5
0.4690702519056872,-3.9760491895256093E-5
0.46990062363045326,-2.209687000728641E-5
0.470729294839446,-5.45974710329432E-6
0.4715602292666117,1.0010385764014471E-5
0.4723885102149443,2.4014310097794916E-5
0.47321955316134573,3.66108800895468E-5
0.4740479217225408,4.761581180756411E-5
0.47487858765662444,5.715843862815402E-5
0.4757075092015819,6.51652632722532E-5
0.47653750320407107,7.174831288974088E-5
0.4773672128147275,7.693772612496736E-5
0.47819644055230837,8.078828718331908E-5
0.4790269285124223,8.341656304205203E-5
0.4798555006668657,8.481125811986173E-5
0.4806865086647511,8.514991423381302E-5
0.48151474252987064,8.43714543583451E-5
0.4823457825805221,8.267456058721315E-5
0.48317418355028374,7.999054908113982E-5
0.48400478375042016,7.648784502449806E-5
0.48483379874002863,7.213516702727757E-5
0.4856636869532557,6.703450471839195E-5
0.48649351864938223,6.121557857038914E-5
0.4873226300346174,5.470583328907755E-5
0.4881532311428515,4.7601096735087734E-5
0.48898170926386475,3.9865600218955415E-5
0.48981278149523577,3.1653242602969476E-5
0.49064097899919495,2.2898497393116972E-5
0.4914720050160751,1.3789011640138555E-5
0.4923004504961486,4.290715516979629E-6
0.4931309758621231,-5.405513354473676E-6
0.49396009148195436,-1.5234271541361516E-5
0.4947898696269868,-2.5002334582117476E-5
0.49561982576713864,-3.448319495682464E-5
0.49644882074506413,-4.343289113740406E-5
0.4972795329547028,-5.139019489910988E-5
0.4981079212859008,-5.795318835121273E-5
0.49893904807381767,-6.231295992454593E-5
0.49976722013889996,-6.370662482075028E-5
0.5005982209587497,-6.0788144010171614E-5
0.501426722384092,-5.207861027715333E-5
0.5022571641617315,-3.534811077280922E-5
0.5030863889434536,-7.883424397927434E-6
0.5039160512733938,3.375124776346176E-5
0.504746135910178,9.276581393432498E-5
0.5055750131470838,1.6909282515453614E-4
0.5064058330230878,2.5309887998460005E-4
0.5072341368979427,3.202367613862929E-4
0.5080653068760562,3.4098376599352506E-4
0.5088934662839311,3.0473500218904754E-4
0.5097244306240671,2.2780560002213975E-4
0.510552999660467,1.373922251467386E-4
0.5113833492055557,5.5156654745946776E-5
0.5122126905318346,-8.780475309053056E-6
0.5130422325768946,-5.293483648921083E-5
0.5138724464322079,-7.985953379454903E-5
0.514701207485679,-9.325241261810243E-5
0.5155321291621534,-9.646618575966338E-5
0.5163603565543144,-9.245412923326033E-5
0.5171915565412067,-8.334973743641473E-5
0.5180197168795594,-7.100791433994437E-5
0.5188506342924799,-5.664509097108237E-5
0.5196792811483422,-4.133899038789407E-5
0.520509531398442,-2.5776258432772573E-5
0.5213389949973292,-1.0514609256089548E-5
0.5221684137299651,4.046311658681345E-6
0.5229987571474589,1.768840523508945E-5
0.5238274042043591,3.0161130714746686E-5
0.5246584225710899,4.146018233143765E-5
0.5254865801593949,5.141175297343214E-5
0.5263177980602515,6.0130425825160433E-5
0.527145972719166,6.749839758519294E-5
0.5279768328532094,7.36671373387433E-5
0.5288055679675807,7.858078740346816E-5
0.5296357109647034,8.236974391596663E-5
0.530465302704401,8.503953237829599E-5
0.5312945953552546,8.667617952832898E-5
0.5321250686352998,8.73364108031985E-5
0.5329536036773005,8.705803408513575E-5
0.5337847098345053,8.59354501619871E-5
0.5346128082466027,8.396725572949654E-5
0.5354440307014198,8.12634225935611E-5
0.5362722340033466,7.78122125533005E-5
0.5371030263562604,7.370493234107922E-5
0.5379318587233348,6.895333041108742E-5
0.538761888841411,6.36056694924432E-5
0.5395916134814956,5.7713829184703404E-5
0.5404207777312292,5.12817772971352E-5
0.541251380064435,4.440557763955671E-5
0.5420798063483205,3.705640692086074E-5
0.5429109921234039,2.9374576269555953E-5
0.5437390409787172,2.1324139682787402E-5
0.5445702560424326,1.3082087911649134E-5
0.5453985003353687,4.657667628541754E-6
0.546229214867805,-3.7468106122094368E-6
0.5470581550578353,-1.2010655558419718E-5
0.5478880648831094,-1.9887422110550887E-5
0.5487179273299639,-2.7074814933279196E-5
0.549546961341984,-3.3209408744925303E-5
0.5503776900347614,-3.770771897017718E-5
0.5512060124412544,-3.994875671420316E-5
0.5520372671621941,-3.890003225739354E-5
0.5528652786017935,-3.343005596480768E-5
0.5536964738837747,-2.1779718878722913E-5
0.5545247717813492,-1.9062876569514899E-6
0.5553553994299923,2.8919942392031038E-5
0.5561844550688053,7.32875311237123E-5
0.557014239992059,1.3213051306963116E-4
0.557844242760582,2.0058342317273888E-4
0.5586731465993691,2.633050045122382E-4
0.5595039977516395,2.9590500301711494E-4
0.5603322221889383,2.831061774462587E-4
0.5611635340585337,2.3188452002744124E-4
0.5619915212751654,1.6085087393471307E-4
0.5628226844705619,8.892354809070307E-5
0.5636510490445273,2.8464297437765156E-5
0.5644815800174288,-1.6058153132991084E-5
0.5653107604014179,-4.5200466333601686E-5
0.566140414353304,-6.158746611203698E-5
0.5669705598325626,-6.811477546769928E-5
0.5677993339046167,-6.745534400573186E-5
0.5686303018740188,-6.164999155415141E-5
0.569458436303444,-5.245503020737653E-5
0.570289791556922,-4.103890100350691E-5
0.5711177692136935,-2.8474452446554715E-5
0.5719488882638719,-1.5383431360578948E-5
0.57277733147627,-2.3797485969846995E-6
0.5736077572406271,1.021478376045284E-5
0.5744370685229426,2.2092795707795682E-5
0.5752665883715393,3.3088581341804284E-5
0.5760968782670335,4.3091815159227484E-5
0.5769255236124172,5.201422047832686E-5
0.5777566033528866,5.986809354730561E-5
0.578584654729694,6.659882049823194E-5
0.5794160395761936,7.228860337814326E-5
0.5802440229806086,7.690361682337232E-5
0.5810750860212095,8.054802218940637E-5
0.5819036185678427,8.32162257963756E-5
0.5827339314736334,8.499835115283023E-5
0.5835633812404241,8.591648410468194E-5
0.5843927627323738,8.603705672070434E-5
0.585223197127398,8.540045864366839E-5
0.5860517162772294,8.405082331487221E-5
0.5868828998861723,8.203953047306511E-5
0.5877108776865687,7.939228538132397E-5
0.5885422787562763,7.61622592990751E-5
0.5893702820523473,7.237382273682578E-5
0.5902012773624706,6.806201059835275E-5
0.5910299119061246,6.327440156103832E-5
0.5918601032019847,5.80132817357459E-5
0.5926896972210096,5.235919611952852E-5
0.5935189377870548,4.6288122678163595E-5
0.5943495154837128,3.9915268886603467E-5
0.5951779121323278,3.320451433236659E-5
0.596009191498559,2.6311768383079544E-5
0.5968371059967639,1.9210248721841775E-5
0.597668508119202,1.2104126284090286E-5
0.5984965470019631,5.022913920107848E-6
0.5993274636120529,-1.7731777584490044E-6
0.6001562096341191,-8.12925497417335E-6
0.6009862732411911,-1.3689021894300138E-5
0.6018160156313858,-1.8088242126276298E-5
0.6026451139968795,-2.0771181909040994E-5
0.6034758330726288,-2.1031013687579725E-5
0.6043041116295039,-1.7929072417310284E-5
0.6051354760740644,-1.0189187997180352E-5
0.6059633394524024,3.8006417687087578E-6
0.6067947290991401,2.6120806188138715E-5
0.6076228175186656,5.894339458903576E-5
0.6084536449685527,1.0358823508813433E-4
0.6092825122436568,1.5804032122270005E-4
0.610112441804756,2.1353780199519077E-4
0.6109423366432029,2.5192420710354107E-4
0.6117712917997229,2.542198905613729E-4
0.6126021494137321,2.224837335454007E-4
0.6134303149657742,1.699390592084019E-4
0.614261752438555,1.1041797475620419E-4
0.6150895780231976,5.602691762793545E-5
0.6159209421864013,1.3279249211295974E-5
0.6167490939223482,-1.6498728334719284E-5
0.6175798219295824,-3.472048022683797E-5
0.6184088203611687,-4.36900642854605E-5
0.6192386092680822,-4.5717377672527756E-5
0.6200686601018833,-4.2705648087781885E-5
0.6208974716096823,-3.625468682645415E-5
0.6217284619438118,-2.7502178006957626E-5
0.6225565228250388,-1.7438235356927115E-5
0.6233880194092708,-6.670351719928729E-6
0.6242158225358861,4.202973421280753E-6
0.6250471475116889,1.4893131214818524E-5
0.6258753760628557,2.5058288703051692E-5
0.6267059944733178,3.458162160545915E-5
0.627535131745382,4.328765667013514E-5
0.6283647762566432,5.11518927805575E-5
0.6291949853785074,5.809576001865731E-5
0.6300236539277203,6.414715745357594E-5
0.6308547723700029,6.928014422292883E-5
0.631682735211143,7.354769746250509E-5
0.6325142765376954,7.69520885120324E-5
0.6333420730542925,7.955842560870442E-5
0.6341733449278165,8.137508287214303E-5
0.6350016640182788,8.248257902532109E-5
0.6358321639844103,8.287722438983839E-5
0.6366614480658045,8.264950202000663E-5
0.6374909433158462,8.178654815921921E-5
0.6383213105922662,8.037581796494923E-5
0.6391498391418723,7.840301895014781E-5
0.6399810789428361,7.594688616321467E-5
0.6408089528728333,7.29926803689733E-5
0.6416405226394113,6.961043019032922E-5
0.6424683292892561,6.5792189216884E-5
0.6432995364121278,6.159138776959176E-5
0.6441279570787711,5.7023208080505015E-5
0.6449583305725421,5.2118352888879486E-5
0.6457877681238329,4.6919492867466494E-5
0.6466171108381118,4.1447735845034155E-5
0.6474476364524412,3.5773312285607595E-5
0.6482760276612064,2.9925100391986342E-5
0.6491073785440594,2.401340555980951E-5
0.6499351753720801,1.8092964345168504E-5
0.6507667591907934,1.2338729032407242E-5
0.6515945915537313,6.872640846053015E-6
0.6524257212152986,1.9654040543182425E-6
0.6532542562994694,-2.1208882120814696E-6
0.6540844945505336,-4.953260538894792E-6
0.6549140917521921,-6.02810730405972E-6
0.6557432793749941,-4.607850413718194E-6
0.6565739619247727,2.1873941210948943E-7
0.6574022199361126,9.715295071640813E-6
0.6582336727461946,2.5416535727698696E-5
0.6590614037556783,4.913189801978297E-5
0.6598929848464838,8.222202094852719E-5
0.6607208605551759,1.2426929340146568E-4
0.6615518999403786,1.706229074055305E-4
0.662380561135666,2.103437773540994E-4
0.6632106566557169,2.2316757532081776E-4
0.6640404191006376,2.040690521330183E-4
0.6648694493996853,1.6716338269814592E-4
0.6657002873075892,1.2083835975303309E-4
0.6665284163361838,7.453687859224841E-5
0.6673599601838832,3.557791345861607E-5
0.6681876377007754,6.771368186761427E-6
0.6690192018886575,-1.206726673956332E-5
0.6698471354129293,-2.2569818640260442E-5
0.6706780741616694,-2.658936248885398E-5
0.6715068711752038,-2.5849097351159587E-5
0.6723368173664225,-2.173925037765161E-5
0.6731667474981571,-1.536511376326124E-5
0.6739956213590479,-7.56977014024921E-6
0.6748266090065274,1.0039833465925673E-6
0.6756546172681093,9.877223347990022E-6
0.6764862376708016,1.869821514485447E-5
0.6773138780473552,2.720972013450365E-5
0.6781454100953013,3.52351633727789E-5
0.6789734161656932,4.265724174562377E-5
0.6798042429499691,4.939509332450727E-5
0.6806331860580955,5.541340160211703E-5
0.6814629774450806,6.069173842474239E-5
0.6822930785980084,6.52259544566603E-5
0.6831217958451775,6.90443791211772E-5
0.6839529287385071,7.21438224758069E-5
0.6847808232152045,7.458642912780574E-5
0.6856125048249316,7.636164057430695E-5
0.6864401240160756,7.755061759402714E-5
0.6872716096365318,7.813154464859081E-5
0.6880997035519244,7.820219752201081E-5
0.6889304081201449,7.772457020208961E-5
0.6897595055931619,7.680249366451622E-5
0.6905891369678507,7.539415821487096E-5
0.6914194116536411,7.359146260729807E-5
0.6922479732263165,7.136266860713889E-5
0.693079243013972,6.878178558712841E-5
0.693907034075634,6.582635932053279E-5
0.6947387611835585,6.255987233879344E-5
0.6955663768460135,5.896638237059266E-5
0.6963978011102783,5.5103119204674314E-5
0.6972259973070295,5.0968927044728937E-5
0.6980565695745747,4.6616986765887495E-5
0.698885829435839,4.205959347798473E-5
0.6997152969678382,3.736676942439969E-5
0.7005457452075121,3.256180710372831E-5
0.7013741539803134,2.7753967961420876E-5
0.7022055544324074,2.299570500951318E-5
0.7030332508034501,1.8452652146876993E-5
0.7038650052826148,1.4248026618101342E-5
0.7046926362513258,1.0641124763730052E-5
0.7055239854839751,7.882628769086808E-6
0.7063522970221175,6.404189560519674E-6
0.7071827281331937,6.683173914805888E-6
0.7080121572144095,9.441349325344569E-6
0.708841457792298,1.555812011610409E-5
0.709672078016993,2.621061073336094E-5
0.7105003385189653,4.278493644135598E-5
0.7113318577788463,6.656346286098819E-5
0.7121594729798784,9.788718799845202E-5
0.7129912390134924,1.3451469399723915E-4
0.7138189019861133,1.7075522628811683E-4
0.7146501633620623,1.9260413425832118E-4
0.7154786021731666,1.8082025252075414E-4
0.7163088844074512,1.5463186687086252E-4
0.7171384886268691,1.2094165482876634E-4
0.7179676199345433,8.40493166618051E-5
0.7187984112004219,5.062296519935625E-5
0.7196265272879028,2.4402458571475725E-5
0.720458155936677,6.198620551081997E-6
0.7212857015058156,-4.841256872753079E-6
0.7221174614688177,-1.0127985571245034E-5
0.7229451746486961,-1.1078396709153603E-5
0.7237763357278089,-8.906642224846182E-6
0.7246049137123766,-4.576527608011635E-6
0.725435038641144,1.1549759073242797E-6
0.7262648224697416,7.710235644961662E-6
0.7270937838269744,1.4670861112169451E-5
0.7279247421037367,2.1689930887345345E-5
0.7287527207240013,2.8571223858711205E-5
0.7295844436463623,3.5102120730239943E-5
0.730411936550241,4.122005511068236E-5
0.7312436734958898,4.6793225666429287E-5
0.7320714533781927,5.1839911517958704E-5
0.7329025019896804,5.6273293967139024E-5
0.7337312305813891,6.0151776476257505E-5
0.7345611917663445,6.342607937416444E-5
0.7353911601592825,6.615280236510162E-5
0.7362199501752449,6.832737025976551E-5
0.7370510694581018,6.998081201589789E-5
0.7378789192397894,7.11465400497937E-5
0.7387107231798948,7.183119915161056E-5
0.7395381780175283,7.208821153947323E-5
0.7403698763561838,7.190923518226676E-5
0.7411977395665481,7.135951652920591E-5
0.7420286635433686,7.042027685310841E-5
0.7428575521603206,6.915369254255399E-5
0.7436873444783356,6.754929647647466E-5
0.7445174989698929,6.56443890106597E-5
0.7453461192820188,6.345493491219136E-5
0.7461773954450323,6.0987137902206206E-5
0.747005123224094,5.828056184518889E-5
0.7478369902583667,5.532474526231504E-5
0.7486644261489801,5.216990225160733E-5
0.7494960705070042,4.880560232150455E-5
0.750324032189693,4.5291621385366404E-5
0.7511548206457334,4.162953873144379E-5
0.7519838793671498,3.788118731748521E-5
0.7528134968955085,3.408933460612681E-5
0.7536438389722998,3.0311752536175232E-5
0.7544722918190131,2.666253253398072E-5
0.7553037149993924,2.3216418859150122E-5
0.756131332747577,2.017941540894374E-5
0.7569632453982702,1.7698500705132635E-5
0.7577906810583104,1.6107987999712872E-5
0.7586222562814637,1.5710404944155157E-5
0.7594503315089692,1.7056228119914716E-5
0.7602809741048498,2.072396699592861E-5
0.7611102114230821,2.7598515559801545E-5
0.7619396496966794,3.8671960706701186E-5
0.7627701803155063,5.504421803531368E-5
0.76359846815816,7.734408016986669E-5
0.764430030082386,1.0473726220864212E-4
0.7652575484739006,1.3407112542045723E-4
0.7660894883239799,1.6056708923394214E-4
0.7669169430223499,1.577507209545966E-4
0.7677484339412827,1.3439306252409055E-4
0.7685766367736481,1.114306483759778E-4
0.7694071248349366,8.440744580404257E-5
0.7702365466690952,5.790207074654869E-5
0.7710658038773156,3.5765342149218294E-5
0.7718965209943046,1.9507585829361585E-5
0.7727246487805761,8.975188807757174E-6
0.7735563386036511,3.2266856393020164E-6
0.7743837706495325,1.205113367797852E-6
0.7752157185798877,1.9007285926947235E-6
0.7760432128010175,4.534285730125969E-6
0.7768746054109931,8.44156021384203E-6
0.7777029489561041,1.3164002104393572E-5
0.7785332730316474,1.830848906520213E-5
0.7793628856493189,2.3610721526628056E-5
0.7801919595788317,2.887149001654277E-5
0.7810228602881218,3.392424649807142E-5
0.7818508341941719,3.870181022901942E-5
0.7826826374123705,4.309042839431275E-5
0.7835099993836662,4.709622114391061E-5
0.7843419368684609,5.064490124658278E-5
0.7851694892762432,5.377661333191688E-5
0.7860007698318167,5.6447965462497116E-5
0.7868292667547895,5.870379187091748E-5
0.7876594199151838,6.053711945746998E-5
0.788489228595888,6.19638433407349E-5
0.7893181173494191,6.302799113719123E-5
0.7901491977662649,6.3700220067443E-5
0.7909770246896086,6.406903980700845E-5
0.7918089279526153,6.407171289312057E-5
0.792636235035575,6.38153416784178E-5
0.7934681451341223,6.32268078922164E-5
0.7942957728174416,6.24141579799997E-5
0.7951269283266249,6.130812557283006E-5
0.7959555913804356,5.999917976328796E-5
0.7967855652422351,5.8443741307016155E-5
0.7976155731225153,5.6690995144349427E-5
0.7984442781030083,5.47427599677117E-5
0.7992755312474376,5.2602356115206675E-5
0.800103220759679,5.031075843645815E-5
0.8009352078422017,4.784688131714502E-5
0.8017624778752638,4.5267912393841454E-5
0.8025943430127752,4.255683558306082E-5
0.8034220634025998,3.977756801450009E-5
0.8042530825280471,3.6936252548193756E-5
0.8050819201891433,3.409387800091488E-5
0.8059117104416417,3.131247051961675E-5
0.8067419197929622,2.864468005426013E-5
0.8075704419924092,2.624174202068044E-5
0.8084018621313691,2.417544865438461E-5
0.8092294228413864,2.2705883674926256E-5
0.8100614757167675,2.199558908413953E-5
0.8108887280031155,2.2449926526064507E-5
0.8117205313452611,2.4424927100249498E-5
0.8125483612216294,2.854980996236865E-5
0.8133792321048811,3.548707225925747E-5
0.8142082545926698,4.608879280648684E-5
0.8150378555617982,6.1003800484228726E-5
0.8158682682414418,8.012445712937016E-5
0.8166966096688653,1.0186212528155905E-4
0.8175281882640523,1.2413551510337252E-4
0.8183556312598894,1.3925611918799618E-4
0.8191877294476465,1.0896604489561904E-4
0.8200149855351953,9.30713398237916E-5
0.8208467100557135,7.54700578296305E-5
0.8216746661286249,5.676621203071679E-5
0.822505377510091,3.999831742253619E-5
0.8233345939805824,2.7019096881990413E-5
0.8241640015916503,1.8071600649520698E-5
0.8249946166702403,1.2764239580193919E-5
0.8258227817137337,1.0327319010458664E-5
0.8266545072221061,1.0081746032485124E-5
0.8274818463087126,1.1377137152611138E-5
0.8283139705357879,1.3768927132942187E-5
0.8291412510899336,1.681952785681186E-5
0.8299728817349231,2.0312061866090526E-5
0.8308009780014256,2.394044956150469E-5
0.8316315202801051,2.765426929244411E-5
0.8324609378867295,3.119913434881114E-5
0.8332901490006694,3.4656826125693565E-5
0.8341209634949873,3.778001658021085E-5
0.8349489584947645,4.0740597687742085E-5
0.8357808191194968,4.329944342826898E-5
0.8366080681194714,4.565907313326221E-5
0.8374401977942956,4.7616684081614244E-5
0.8382675237340496,4.9355634948328295E-5
0.8390990453949163,5.073146051485358E-5
0.8399272970986273,5.187555892937974E-5
0.8407576610012407,5.271995962535239E-5
0.8415872841691501,5.331309854433668E-5
0.8424162982872505,5.368020587929719E-5
0.8432473101092506,5.378018859947854E-5
0.8440751405329681,5.3716567369776946E-5
0.8449071219185808,5.3387494162165203E-5
0.8457342975030101,5.293091953144478E-5
0.8465664124000485,5.2229039257376054E-5
0.8473938039951004,5.141773104850286E-5
0.8482252032718146,5.039327546396297E-5
0.8490536213514884,4.926315534092177E-5
0.8498837998255078,4.7962767328620226E-5
0.8507136349659363,4.654774349086344E-5
0.851542450082669,4.5008737215641384E-5
0.8523736544929543,4.335340126979126E-5
0.8532013282608086,4.160884909730318E-5
0.8540334142623025,3.9773297271229415E-5
0.8548605341959239,3.786713026207627E-5
0.8556926152039109,3.5928228446121834E-5
0.8565200927044356,3.394345280362808E-5
0.8573513539561581,3.202266364278981E-5
0.8581799529898722,3.0104293961521153E-5
0.859009937453477,2.84039995753816E-5
0.8598399882000709,2.681162126556988E-5
0.860668605088222,2.567444133452004E-5
0.8614999952529886,2.4875744011800036E-5
0.8623275220881504,2.49027333839539E-5
0.8631596946576913,2.573061301037266E-5
0.8639867784647914,2.798781616542823E-5
0.8648188080368718,3.185804660588093E-5
0.8656463882195986,3.8133612117959275E-5
0.8664775005185911,4.713505505647779E-5
0.8673062889343862,5.923045126425696E-5
0.8681360754112157,7.366616496157411E-5
0.8689663418311491,8.88709173151331E-5
0.8697947638764965,1.114204825875649E-4
0.8706263305207768,8.409285009654368E-5
0.8714537223317204,6.660998574780318E-5
0.8722859611841995,5.725617356091574E-5
0.8731130303948171,4.6513391452849675E-5
0.8739449901280995,3.6156975483532544E-5
0.8747726912687167,2.7633884616299874E-5
0.875603641833624,2.14634811795775E-5
0.8764326312908532,1.7498716151764973E-5
0.8772622133212491,1.5452449627540407E-5
0.8780926983079627,1.4773208425055143E-5
0.8789209269088987,1.5227660870343257E-5
0.8797526610245588,1.6340969846124823E-5
0.8805799295924276,1.8015021152365815E-5
0.881412213885895,1.9941439392419104E-5
0.8822392907817034,2.2045686926997977E-5
0.8830711633539258,2.4213131282830168E-5
0.8838990020675168,2.6302493010406154E-5
0.8847297800242514,2.8402274752244302E-5
0.8855589785987483,3.023954903720912E-5
0.8863883521389188,3.211144722344003E-5
0.8872190527645775,3.359450317814927E-5
0.8880470946288643,3.515707471869535E-5
0.8888789845890586,3.626837488828689E-5
0.8897061439783869,3.748290217859498E-5
0.8905384518118729,3.824588257281592E-5
0.8913655587718228,3.910386933431316E-5
0.8921973286433399,3.9556330093574747E-5
0.8930253204151627,4.0071677376826854E-5
0.8938559146059867,4.025882479127374E-5
0.894685329977683,4.045376495410631E-5
0.8955144928913639,4.0409760127800126E-5
0.8963454078193724,4.0320688358239496E-5
0.8971732676264013,4.00633703592304E-5
0.8980052987808474,3.973737812737708E-5
0.8988323657040672,3.9272242211129665E-5
0.8996646758129846,3.8752986303775405E-5
0.9004918356299927,3.8087033172154534E-5
0.9013234848256864,3.741093717527219E-5
0.9021516457940273,3.6557419306397786E-5
0.9029820472614091,3.5757092299040315E-5
0.9038116846503024,3.4734944198556394E-5
0.9046406360047878,3.383065754223677E-5
0.9054717610113656,3.267794294799554E-5
0.9062994463676154,3.168261505170866E-5
0.9071316040048887,3.0460405864142624E-5
0.9079585952497266,2.9394668480139634E-5
0.9087908873543296,2.8183057716002612E-5
0.9096181197932178,2.710590934623513E-5
0.9104496354337933,2.602303696262522E-5
0.9112779767603089,2.505856843043618E-5
0.9121081787419549,2.4294975473447533E-5
0.9129380422262099,2.3676679152706494E-5
0.9137667820025122,2.354260792669517E-5
0.9145981114919801,2.3707885305100024E-5
0.9154256313367698,2.474736369876715E-5
0.9162578990685788,2.6450638434972924E-5
0.9170848331883648,2.9580150173894297E-5
0.9179170850939252,3.4008598908944265E-5
0.9187444130745771,4.039605964810652E-5
0.9195757786553641,4.819477863024683E-5
0.920404315229809,5.7039595235294634E-5
0.9212343089381213,6.683134417983627E-5
0.9220644027622146,1.0031606448070614E-4
0.9228929313663619,3.257846739670749E-5
0.9237244577428687,2.991248869871142E-5
0.9245518229359924,2.6574854127399847E-5
0.9253841800618803,2.322295742958592E-5
0.9262110788325654,2.0147983044433574E-5
0.9270432722241748,1.793062008501504E-5
0.9278707133427032,1.626490385949624E-5
0.928701917040299,1.5487628622014712E-5
0.929530659420713,1.4936730293174386E-5
0.9303604391798578,1.5124428435860299E-5
0.9311907661116751,1.5182381371724183E-5
0.9320190850934144,1.5886515833832907E-5
0.9328507994607127,1.6222221304896082E-5
0.9336780216292596,1.7134191190282694E-5
0.9345104462843485,1.7575171152697033E-5
0.9353373331632816,1.8493227817104114E-5
0.9361694489244696,1.895703527692307E-5
0.9369970227535308,1.9760874965988003E-5
0.9378280513061316,2.0220970894397295E-5
0.938657008629557,2.0841204287584176E-5
0.9394865697186938,2.1288106714261617E-5
0.9403171292335541,2.1702428409146086E-5
0.9411452433790389,2.212105385783288E-5
0.9419771341205705,2.234926305566546E-5
0.9428042275613562,2.271199760325918E-5
0.9436366976905046,2.2795586330269412E-5
0.9444635963232613,2.3070932760701297E-5
0.9452956158866801,2.3052442069670772E-5
0.9461233388926595,2.321864941166542E-5
0.9469541812889697,2.3140354936582894E-5
0.947783363247029,2.3182784243399492E-5
0.9486127019226807,2.3068327576711694E-5
0.949443492105896,2.2994854071140115E-5
0.9502714068898149,2.2842568181449903E-5
0.9511034630279758,2.26859781799639E-5
0.9519304413553435,2.247216020817529E-5
0.952762933520626,2.2274560624026065E-5
0.9535898674131138,2.1969866609097714E-5
0.9544217743891339,2.1769284283948224E-5
0.9552496629399654,2.1353437322202753E-5
0.9560803081697404,2.1183907619118023E-5
0.9569097225999268,2.064723357055929E-5
0.957738836040211,2.052289860915837E-5
0.9585698534127237,1.9885416734260835E-5
0.9593975762697121,1.9798968551260884E-5
0.9602297807766443,1.9112602606115384E-5
0.9610566635748907,1.9044525052108263E-5
0.9618891547351189,1.838093196048301E-5
0.9627161456997694,1.8325553998084368E-5
0.9635479220878539,1.7776096445029213E-5
0.9643760020737704,1.776422749336359E-5
0.9652064336112057,1.7449376174279726E-5
0.9660360662738896,1.7579434405851296E-5
0.9668649798177471,1.767121916407571E-5
0.967696256139227,1.814999397477678E-5
0.9685237168379961,1.8898173299841285E-5
0.9693560064540685,2.0109675963913658E-5
0.970183007109891,2.1867970486486986E-5
0.9710154682665039,2.4126315493590602E-5
0.971842123589968,2.6830213393946074E-5
0.9726742057567321,2.960603096200489E-5
0.9735028067658418,4.339823968311521E-5
NaN,NaN
NaN,NaN
NaN,NaN
NaN,NaN
NaN,NaN
NaN,NaN
NaN,NaN
NaN,NaN
NaN,NaN
NaN,NaN
NaN,NaN
NaN,NaN
NaN,NaN
NaN,NaN
NaN,NaN
NaN,NaN
NaN,NaN
NaN,NaN
NaN,NaN
NaN,NaN
NaN,NaN
NaN,NaN
NaN,NaN
NaN,NaN
NaN,NaN
NaN,NaN
NaN,NaN
NaN,NaN
NaN,NaN
NaN,NaN
NaN,NaN
NaN,NaN
NaN,NaN
NaN,NaN
NaN,NaN
NaN,NaN
NaN,NaN
NaN,NaN
NaN,NaN
NaN,NaN
NaN,NaN
NaN,NaN
NaN,NaN
NaN,NaN
NaN,NaN
NaN,NaN
NaN,NaN
NaN,NaN
NaN,NaN
NaN,NaN
NaN,NaN
NaN,NaN
NaN,NaN
NaN,NaN
NaN,NaN
NaN,NaN
NaN,NaN
NaN,NaN
NaN,NaN
NaN,NaN
NaN,NaN
NaN,NaN
NaN,NaN
